match_id,season,start_date,venue,innings,ball,batting_team,bowling_team,striker,non_striker,bowler,runs_off_bat,extras,wides,noballs,byes,legbyes,penalty,wicket_type,player_dismissed,other_wicket_type,other_player_dismissed
1254105,2021,2021-09-22,Dubai International Cricket Stadium,1,0.1,Sunrisers Hyderabad,Delhi Capitals,DA Warner,WP Saha,A Nortje,0,0,,,,,,,,,
1254105,2021,2021-09-22,Dubai International Cricket Stadium,1,0.2,Sunrisers Hyderabad,Delhi Capitals,DA Warner,WP Saha,A Nortje,0,0,,,,,,,,,
1254105,2021,2021-09-22,Dubai International Cricket Stadium,1,0.3,Sunrisers Hyderabad,Delhi Capitals,DA Warner,WP Saha,A Nortje,0,0,,,,,,caught,DA Warner,,
1254105,2021,2021-09-22,Dubai International Cricket Stadium,1,0.4,Sunrisers Hyderabad,Delhi Capitals,KS Williamson,WP Saha,A Nortje,2,0,,,,,,,,,
1254105,2021,2021-09-22,Dubai International Cricket Stadium,1,0.5,Sunrisers Hyderabad,Delhi Capitals,KS Williamson,WP Saha,A Nortje,0,0,,,,,,,,,
1254105,2021,2021-09-22,Dubai International Cricket Stadium,1,0.6,Sunrisers Hyderabad,Delhi Capitals,KS Williamson,WP Saha,A Nortje,0,4,,,,4,,,,,
1254105,2021,2021-09-22,Dubai International Cricket Stadium,1,1.1,Sunrisers Hyderabad,Delhi Capitals,WP Saha,KS Williamson,Avesh Khan,0,0,,,,,,,,,
1254105,2021,2021-09-22,Dubai International Cricket Stadium,1,1.2,Sunrisers Hyderabad,Delhi Capitals,WP Saha,KS Williamson,Avesh Khan,1,0,,,,,,,,,
1254105,2021,2021-09-22,Dubai International Cricket Stadium,1,1.3,Sunrisers Hyderabad,Delhi Capitals,KS Williamson,WP Saha,Avesh Khan,1,0,,,,,,,,,
1254105,2021,2021-09-22,Dubai International Cricket Stadium,1,1.4,Sunrisers Hyderabad,Delhi Capitals,WP Saha,KS Williamson,Avesh Khan,0,0,,,,,,,,,
1254105,2021,2021-09-22,Dubai International Cricket Stadium,1,1.5,Sunrisers Hyderabad,Delhi Capitals,WP Saha,KS Williamson,Avesh Khan,4,0,,,,,,,,,
1254105,2021,2021-09-22,Dubai International Cricket Stadium,1,1.6,Sunrisers Hyderabad,Delhi Capitals,WP Saha,KS Williamson,Avesh Khan,0,0,,,,,,,,,
1254105,2021,2021-09-22,Dubai International Cricket Stadium,1,2.1,Sunrisers Hyderabad,Delhi Capitals,KS Williamson,WP Saha,A Nortje,1,0,,,,,,,,,
1254105,2021,2021-09-22,Dubai International Cricket Stadium,1,2.2,Sunrisers Hyderabad,Delhi Capitals,WP Saha,KS Williamson,A Nortje,1,0,,,,,,,,,
1254105,2021,2021-09-22,Dubai International Cricket Stadium,1,2.3,Sunrisers Hyderabad,Delhi Capitals,KS Williamson,WP Saha,A Nortje,0,0,,,,,,,,,
1254105,2021,2021-09-22,Dubai International Cricket Stadium,1,2.4,Sunrisers Hyderabad,Delhi Capitals,KS Williamson,WP Saha,A Nortje,1,0,,,,,,,,,
1254105,2021,2021-09-22,Dubai International Cricket Stadium,1,2.5,Sunrisers Hyderabad,Delhi Capitals,WP Saha,KS Williamson,A Nortje,0,0,,,,,,,,,
1254105,2021,2021-09-22,Dubai International Cricket Stadium,1,2.6,Sunrisers Hyderabad,Delhi Capitals,WP Saha,KS Williamson,A Nortje,0,1,,,,1,,,,,
1254105,2021,2021-09-22,Dubai International Cricket Stadium,1,3.1,Sunrisers Hyderabad,Delhi Capitals,WP Saha,KS Williamson,AR Patel,4,0,,,,,,,,,
1254105,2021,2021-09-22,Dubai International Cricket Stadium,1,3.2,Sunrisers Hyderabad,Delhi Capitals,WP Saha,KS Williamson,AR Patel,1,0,,,,,,,,,
1254105,2021,2021-09-22,Dubai International Cricket Stadium,1,3.3,Sunrisers Hyderabad,Delhi Capitals,KS Williamson,WP Saha,AR Patel,0,0,,,,,,,,,
1254105,2021,2021-09-22,Dubai International Cricket Stadium,1,3.4,Sunrisers Hyderabad,Delhi Capitals,KS Williamson,WP Saha,AR Patel,1,0,,,,,,,,,
1254105,2021,2021-09-22,Dubai International Cricket Stadium,1,3.5,Sunrisers Hyderabad,Delhi Capitals,WP Saha,KS Williamson,AR Patel,1,0,,,,,,,,,
1254105,2021,2021-09-22,Dubai International Cricket Stadium,1,3.6,Sunrisers Hyderabad,Delhi Capitals,KS Williamson,WP Saha,AR Patel,0,0,,,,,,,,,
1254105,2021,2021-09-22,Dubai International Cricket Stadium,1,4.1,Sunrisers Hyderabad,Delhi Capitals,WP Saha,KS Williamson,K Rabada,6,0,,,,,,,,,
1254105,2021,2021-09-22,Dubai International Cricket Stadium,1,4.2,Sunrisers Hyderabad,Delhi Capitals,WP Saha,KS Williamson,K Rabada,0,0,,,,,,,,,
1254105,2021,2021-09-22,Dubai International Cricket Stadium,1,4.3,Sunrisers Hyderabad,Delhi Capitals,WP Saha,KS Williamson,K Rabada,0,0,,,,,,,,,
1254105,2021,2021-09-22,Dubai International Cricket Stadium,1,4.4,Sunrisers Hyderabad,Delhi Capitals,WP Saha,KS Williamson,K Rabada,0,0,,,,,,,,,
1254105,2021,2021-09-22,Dubai International Cricket Stadium,1,4.5,Sunrisers Hyderabad,Delhi Capitals,WP Saha,KS Williamson,K Rabada,0,0,,,,,,,,,
1254105,2021,2021-09-22,Dubai International Cricket Stadium,1,4.6,Sunrisers Hyderabad,Delhi Capitals,WP Saha,KS Williamson,K Rabada,0,0,,,,,,caught,WP Saha,,
1254105,2021,2021-09-22,Dubai International Cricket Stadium,1,5.1,Sunrisers Hyderabad,Delhi Capitals,MK Pandey,KS Williamson,Avesh Khan,0,0,,,,,,,,,
1254105,2021,2021-09-22,Dubai International Cricket Stadium,1,5.2,Sunrisers Hyderabad,Delhi Capitals,MK Pandey,KS Williamson,Avesh Khan,2,0,,,,,,,,,
1254105,2021,2021-09-22,Dubai International Cricket Stadium,1,5.3,Sunrisers Hyderabad,Delhi Capitals,MK Pandey,KS Williamson,Avesh Khan,1,0,,,,,,,,,
1254105,2021,2021-09-22,Dubai International Cricket Stadium,1,5.4,Sunrisers Hyderabad,Delhi Capitals,KS Williamson,MK Pandey,Avesh Khan,0,0,,,,,,,,,
1254105,2021,2021-09-22,Dubai International Cricket Stadium,1,5.5,Sunrisers Hyderabad,Delhi Capitals,KS Williamson,MK Pandey,Avesh Khan,0,0,,,,,,,,,
1254105,2021,2021-09-22,Dubai International Cricket Stadium,1,5.6,Sunrisers Hyderabad,Delhi Capitals,KS Williamson,MK Pandey,Avesh Khan,0,0,,,,,,,,,
1254105,2021,2021-09-22,Dubai International Cricket Stadium,1,6.1,Sunrisers Hyderabad,Delhi Capitals,MK Pandey,KS Williamson,MP Stoinis,1,0,,,,,,,,,
1254105,2021,2021-09-22,Dubai International Cricket Stadium,1,6.2,Sunrisers Hyderabad,Delhi Capitals,KS Williamson,MK Pandey,MP Stoinis,0,1,,,,1,,,,,
1254105,2021,2021-09-22,Dubai International Cricket Stadium,1,6.3,Sunrisers Hyderabad,Delhi Capitals,MK Pandey,KS Williamson,MP Stoinis,1,0,,,,,,,,,
1254105,2021,2021-09-22,Dubai International Cricket Stadium,1,6.4,Sunrisers Hyderabad,Delhi Capitals,KS Williamson,MK Pandey,MP Stoinis,1,0,,,,,,,,,
1254105,2021,2021-09-22,Dubai International Cricket Stadium,1,6.5,Sunrisers Hyderabad,Delhi Capitals,MK Pandey,KS Williamson,MP Stoinis,2,0,,,,,,,,,
1254105,2021,2021-09-22,Dubai International Cricket Stadium,1,6.6,Sunrisers Hyderabad,Delhi Capitals,MK Pandey,KS Williamson,MP Stoinis,1,0,,,,,,,,,
1254105,2021,2021-09-22,Dubai International Cricket Stadium,1,7.1,Sunrisers Hyderabad,Delhi Capitals,MK Pandey,KS Williamson,AR Patel,0,0,,,,,,,,,
1254105,2021,2021-09-22,Dubai International Cricket Stadium,1,7.2,Sunrisers Hyderabad,Delhi Capitals,MK Pandey,KS Williamson,AR Patel,0,0,,,,,,,,,
1254105,2021,2021-09-22,Dubai International Cricket Stadium,1,7.3,Sunrisers Hyderabad,Delhi Capitals,MK Pandey,KS Williamson,AR Patel,1,0,,,,,,,,,
1254105,2021,2021-09-22,Dubai International Cricket Stadium,1,7.4,Sunrisers Hyderabad,Delhi Capitals,KS Williamson,MK Pandey,AR Patel,1,0,,,,,,,,,
1254105,2021,2021-09-22,Dubai International Cricket Stadium,1,7.5,Sunrisers Hyderabad,Delhi Capitals,MK Pandey,KS Williamson,AR Patel,1,0,,,,,,,,,
1254105,2021,2021-09-22,Dubai International Cricket Stadium,1,7.6,Sunrisers Hyderabad,Delhi Capitals,KS Williamson,MK Pandey,AR Patel,1,0,,,,,,,,,
1254105,2021,2021-09-22,Dubai International Cricket Stadium,1,8.1,Sunrisers Hyderabad,Delhi Capitals,KS Williamson,MK Pandey,MP Stoinis,2,0,,,,,,,,,
1254105,2021,2021-09-22,Dubai International Cricket Stadium,1,8.2,Sunrisers Hyderabad,Delhi Capitals,KS Williamson,MK Pandey,R Ashwin,4,0,,,,,,,,,
1254105,2021,2021-09-22,Dubai International Cricket Stadium,1,8.3,Sunrisers Hyderabad,Delhi Capitals,KS Williamson,MK Pandey,R Ashwin,0,1,1,,,,,,,,
1254105,2021,2021-09-22,Dubai International Cricket Stadium,1,8.4,Sunrisers Hyderabad,Delhi Capitals,KS Williamson,MK Pandey,R Ashwin,1,1,,1,,,,,,,
1254105,2021,2021-09-22,Dubai International Cricket Stadium,1,8.5,Sunrisers Hyderabad,Delhi Capitals,MK Pandey,KS Williamson,R Ashwin,4,0,,,,,,,,,
1254105,2021,2021-09-22,Dubai International Cricket Stadium,1,8.6,Sunrisers Hyderabad,Delhi Capitals,MK Pandey,KS Williamson,R Ashwin,1,0,,,,,,,,,
1254105,2021,2021-09-22,Dubai International Cricket Stadium,1,8.7,Sunrisers Hyderabad,Delhi Capitals,KS Williamson,MK Pandey,R Ashwin,0,0,,,,,,,,,
1254105,2021,2021-09-22,Dubai International Cricket Stadium,1,8.8,Sunrisers Hyderabad,Delhi Capitals,KS Williamson,MK Pandey,R Ashwin,1,0,,,,,,,,,
1254105,2021,2021-09-22,Dubai International Cricket Stadium,1,9.1,Sunrisers Hyderabad,Delhi Capitals,KS Williamson,MK Pandey,AR Patel,0,0,,,,,,,,,
1254105,2021,2021-09-22,Dubai International Cricket Stadium,1,9.2,Sunrisers Hyderabad,Delhi Capitals,KS Williamson,MK Pandey,AR Patel,1,0,,,,,,,,,
1254105,2021,2021-09-22,Dubai International Cricket Stadium,1,9.3,Sunrisers Hyderabad,Delhi Capitals,MK Pandey,KS Williamson,AR Patel,1,0,,,,,,,,,
1254105,2021,2021-09-22,Dubai International Cricket Stadium,1,9.4,Sunrisers Hyderabad,Delhi Capitals,KS Williamson,MK Pandey,AR Patel,0,0,,,,,,,,,
1254105,2021,2021-09-22,Dubai International Cricket Stadium,1,9.5,Sunrisers Hyderabad,Delhi Capitals,KS Williamson,MK Pandey,AR Patel,0,0,,,,,,caught,KS Williamson,,
1254105,2021,2021-09-22,Dubai International Cricket Stadium,1,9.6,Sunrisers Hyderabad,Delhi Capitals,MK Pandey,KM Jadhav,AR Patel,1,0,,,,,,,,,
1254105,2021,2021-09-22,Dubai International Cricket Stadium,1,10.1,Sunrisers Hyderabad,Delhi Capitals,MK Pandey,KM Jadhav,K Rabada,0,0,,,,,,caught and bowled,MK Pandey,,
1254105,2021,2021-09-22,Dubai International Cricket Stadium,1,10.2,Sunrisers Hyderabad,Delhi Capitals,Abdul Samad,KM Jadhav,K Rabada,0,0,,,,,,,,,
1254105,2021,2021-09-22,Dubai International Cricket Stadium,1,10.3,Sunrisers Hyderabad,Delhi Capitals,Abdul Samad,KM Jadhav,K Rabada,4,0,,,,,,,,,
1254105,2021,2021-09-22,Dubai International Cricket Stadium,1,10.4,Sunrisers Hyderabad,Delhi Capitals,Abdul Samad,KM Jadhav,K Rabada,0,0,,,,,,,,,
1254105,2021,2021-09-22,Dubai International Cricket Stadium,1,10.5,Sunrisers Hyderabad,Delhi Capitals,Abdul Samad,KM Jadhav,K Rabada,1,0,,,,,,,,,
1254105,2021,2021-09-22,Dubai International Cricket Stadium,1,10.6,Sunrisers Hyderabad,Delhi Capitals,KM Jadhav,Abdul Samad,K Rabada,0,0,,,,,,,,,
1254105,2021,2021-09-22,Dubai International Cricket Stadium,1,11.1,Sunrisers Hyderabad,Delhi Capitals,Abdul Samad,KM Jadhav,R Ashwin,1,0,,,,,,,,,
1254105,2021,2021-09-22,Dubai International Cricket Stadium,1,11.2,Sunrisers Hyderabad,Delhi Capitals,KM Jadhav,Abdul Samad,R Ashwin,1,0,,,,,,,,,
1254105,2021,2021-09-22,Dubai International Cricket Stadium,1,11.3,Sunrisers Hyderabad,Delhi Capitals,Abdul Samad,KM Jadhav,R Ashwin,1,0,,,,,,,,,
1254105,2021,2021-09-22,Dubai International Cricket Stadium,1,11.4,Sunrisers Hyderabad,Delhi Capitals,KM Jadhav,Abdul Samad,R Ashwin,0,0,,,,,,,,,
1254105,2021,2021-09-22,Dubai International Cricket Stadium,1,11.5,Sunrisers Hyderabad,Delhi Capitals,KM Jadhav,Abdul Samad,R Ashwin,1,0,,,,,,,,,
1254105,2021,2021-09-22,Dubai International Cricket Stadium,1,11.6,Sunrisers Hyderabad,Delhi Capitals,Abdul Samad,KM Jadhav,R Ashwin,1,0,,,,,,,,,
1254105,2021,2021-09-22,Dubai International Cricket Stadium,1,12.1,Sunrisers Hyderabad,Delhi Capitals,Abdul Samad,KM Jadhav,A Nortje,1,0,,,,,,,,,
1254105,2021,2021-09-22,Dubai International Cricket Stadium,1,12.2,Sunrisers Hyderabad,Delhi Capitals,KM Jadhav,Abdul Samad,A Nortje,1,0,,,,,,,,,
1254105,2021,2021-09-22,Dubai International Cricket Stadium,1,12.3,Sunrisers Hyderabad,Delhi Capitals,Abdul Samad,KM Jadhav,A Nortje,1,0,,,,,,,,,
1254105,2021,2021-09-22,Dubai International Cricket Stadium,1,12.4,Sunrisers Hyderabad,Delhi Capitals,KM Jadhav,Abdul Samad,A Nortje,0,0,,,,,,,,,
1254105,2021,2021-09-22,Dubai International Cricket Stadium,1,12.5,Sunrisers Hyderabad,Delhi Capitals,KM Jadhav,Abdul Samad,A Nortje,0,0,,,,,,,,,
1254105,2021,2021-09-22,Dubai International Cricket Stadium,1,12.6,Sunrisers Hyderabad,Delhi Capitals,KM Jadhav,Abdul Samad,A Nortje,0,0,,,,,,lbw,KM Jadhav,,
1254105,2021,2021-09-22,Dubai International Cricket Stadium,1,13.1,Sunrisers Hyderabad,Delhi Capitals,Abdul Samad,JO Holder,R Ashwin,1,0,,,,,,,,,
1254105,2021,2021-09-22,Dubai International Cricket Stadium,1,13.2,Sunrisers Hyderabad,Delhi Capitals,JO Holder,Abdul Samad,R Ashwin,1,0,,,,,,,,,
1254105,2021,2021-09-22,Dubai International Cricket Stadium,1,13.3,Sunrisers Hyderabad,Delhi Capitals,Abdul Samad,JO Holder,R Ashwin,1,0,,,,,,,,,
1254105,2021,2021-09-22,Dubai International Cricket Stadium,1,13.4,Sunrisers Hyderabad,Delhi Capitals,JO Holder,Abdul Samad,R Ashwin,0,0,,,,,,,,,
1254105,2021,2021-09-22,Dubai International Cricket Stadium,1,13.5,Sunrisers Hyderabad,Delhi Capitals,JO Holder,Abdul Samad,R Ashwin,0,0,,,,,,,,,
1254105,2021,2021-09-22,Dubai International Cricket Stadium,1,13.6,Sunrisers Hyderabad,Delhi Capitals,JO Holder,Abdul Samad,R Ashwin,1,0,,,,,,,,,
1254105,2021,2021-09-22,Dubai International Cricket Stadium,1,14.1,Sunrisers Hyderabad,Delhi Capitals,JO Holder,Abdul Samad,K Rabada,1,0,,,,,,,,,
1254105,2021,2021-09-22,Dubai International Cricket Stadium,1,14.2,Sunrisers Hyderabad,Delhi Capitals,Abdul Samad,JO Holder,K Rabada,1,0,,,,,,,,,
1254105,2021,2021-09-22,Dubai International Cricket Stadium,1,14.3,Sunrisers Hyderabad,Delhi Capitals,JO Holder,Abdul Samad,K Rabada,0,1,,1,,,,,,,
1254105,2021,2021-09-22,Dubai International Cricket Stadium,1,14.4,Sunrisers Hyderabad,Delhi Capitals,JO Holder,Abdul Samad,K Rabada,6,0,,,,,,,,,
1254105,2021,2021-09-22,Dubai International Cricket Stadium,1,14.5,Sunrisers Hyderabad,Delhi Capitals,JO Holder,Abdul Samad,K Rabada,1,0,,,,,,,,,
1254105,2021,2021-09-22,Dubai International Cricket Stadium,1,14.6,Sunrisers Hyderabad,Delhi Capitals,Abdul Samad,JO Holder,K Rabada,2,0,,,,,,,,,
1254105,2021,2021-09-22,Dubai International Cricket Stadium,1,14.7,Sunrisers Hyderabad,Delhi Capitals,Abdul Samad,JO Holder,K Rabada,0,0,,,,,,,,,
1254105,2021,2021-09-22,Dubai International Cricket Stadium,1,15.1,Sunrisers Hyderabad,Delhi Capitals,JO Holder,Abdul Samad,AR Patel,0,0,,,,,,caught,JO Holder,,
1254105,2021,2021-09-22,Dubai International Cricket Stadium,1,15.2,Sunrisers Hyderabad,Delhi Capitals,Rashid Khan,Abdul Samad,AR Patel,0,0,,,,,,,,,
1254105,2021,2021-09-22,Dubai International Cricket Stadium,1,15.3,Sunrisers Hyderabad,Delhi Capitals,Rashid Khan,Abdul Samad,AR Patel,1,0,,,,,,,,,
1254105,2021,2021-09-22,Dubai International Cricket Stadium,1,15.4,Sunrisers Hyderabad,Delhi Capitals,Abdul Samad,Rashid Khan,AR Patel,1,0,,,,,,,,,
1254105,2021,2021-09-22,Dubai International Cricket Stadium,1,15.5,Sunrisers Hyderabad,Delhi Capitals,Rashid Khan,Abdul Samad,AR Patel,4,0,,,,,,,,,
1254105,2021,2021-09-22,Dubai International Cricket Stadium,1,15.6,Sunrisers Hyderabad,Delhi Capitals,Rashid Khan,Abdul Samad,AR Patel,1,0,,,,,,,,,
1254105,2021,2021-09-22,Dubai International Cricket Stadium,1,16.1,Sunrisers Hyderabad,Delhi Capitals,Rashid Khan,Abdul Samad,Avesh Khan,1,0,,,,,,,,,
1254105,2021,2021-09-22,Dubai International Cricket Stadium,1,16.2,Sunrisers Hyderabad,Delhi Capitals,Abdul Samad,Rashid Khan,Avesh Khan,0,0,,,,,,,,,
1254105,2021,2021-09-22,Dubai International Cricket Stadium,1,16.3,Sunrisers Hyderabad,Delhi Capitals,Abdul Samad,Rashid Khan,Avesh Khan,1,0,,,,,,,,,
1254105,2021,2021-09-22,Dubai International Cricket Stadium,1,16.4,Sunrisers Hyderabad,Delhi Capitals,Rashid Khan,Abdul Samad,Avesh Khan,0,0,,,,,,,,,
1254105,2021,2021-09-22,Dubai International Cricket Stadium,1,16.5,Sunrisers Hyderabad,Delhi Capitals,Rashid Khan,Abdul Samad,Avesh Khan,0,0,,,,,,,,,
1254105,2021,2021-09-22,Dubai International Cricket Stadium,1,16.6,Sunrisers Hyderabad,Delhi Capitals,Rashid Khan,Abdul Samad,Avesh Khan,1,1,,1,,,,,,,
1254105,2021,2021-09-22,Dubai International Cricket Stadium,1,16.7,Sunrisers Hyderabad,Delhi Capitals,Abdul Samad,Rashid Khan,Avesh Khan,6,0,,,,,,,,,
1254105,2021,2021-09-22,Dubai International Cricket Stadium,1,17.1,Sunrisers Hyderabad,Delhi Capitals,Rashid Khan,Abdul Samad,A Nortje,0,0,,,,,,,,,
1254105,2021,2021-09-22,Dubai International Cricket Stadium,1,17.2,Sunrisers Hyderabad,Delhi Capitals,Rashid Khan,Abdul Samad,A Nortje,2,0,,,,,,,,,
1254105,2021,2021-09-22,Dubai International Cricket Stadium,1,17.3,Sunrisers Hyderabad,Delhi Capitals,Rashid Khan,Abdul Samad,A Nortje,1,0,,,,,,,,,
1254105,2021,2021-09-22,Dubai International Cricket Stadium,1,17.4,Sunrisers Hyderabad,Delhi Capitals,Abdul Samad,Rashid Khan,A Nortje,1,0,,,,,,,,,
1254105,2021,2021-09-22,Dubai International Cricket Stadium,1,17.5,Sunrisers Hyderabad,Delhi Capitals,Rashid Khan,Abdul Samad,A Nortje,0,0,,,,,,,,,
1254105,2021,2021-09-22,Dubai International Cricket Stadium,1,17.6,Sunrisers Hyderabad,Delhi Capitals,Rashid Khan,Abdul Samad,A Nortje,0,0,,,,,,,,,
1254105,2021,2021-09-22,Dubai International Cricket Stadium,1,18.1,Sunrisers Hyderabad,Delhi Capitals,Abdul Samad,Rashid Khan,K Rabada,4,0,,,,,,,,,
1254105,2021,2021-09-22,Dubai International Cricket Stadium,1,18.2,Sunrisers Hyderabad,Delhi Capitals,Abdul Samad,Rashid Khan,K Rabada,0,0,,,,,,caught,Abdul Samad,,
1254105,2021,2021-09-22,Dubai International Cricket Stadium,1,18.3,Sunrisers Hyderabad,Delhi Capitals,Rashid Khan,B Kumar,K Rabada,6,0,,,,,,,,,
1254105,2021,2021-09-22,Dubai International Cricket Stadium,1,18.4,Sunrisers Hyderabad,Delhi Capitals,Rashid Khan,B Kumar,K Rabada,0,0,,,,,,,,,
1254105,2021,2021-09-22,Dubai International Cricket Stadium,1,18.5,Sunrisers Hyderabad,Delhi Capitals,Rashid Khan,B Kumar,K Rabada,4,0,,,,,,,,,
1254105,2021,2021-09-22,Dubai International Cricket Stadium,1,18.6,Sunrisers Hyderabad,Delhi Capitals,Rashid Khan,B Kumar,K Rabada,0,0,,,,,,,,,
1254105,2021,2021-09-22,Dubai International Cricket Stadium,1,19.1,Sunrisers Hyderabad,Delhi Capitals,B Kumar,Rashid Khan,Avesh Khan,0,1,1,,,,,,,,
1254105,2021,2021-09-22,Dubai International Cricket Stadium,1,19.2,Sunrisers Hyderabad,Delhi Capitals,B Kumar,Rashid Khan,Avesh Khan,0,1,1,,,,,,,,
1254105,2021,2021-09-22,Dubai International Cricket Stadium,1,19.3,Sunrisers Hyderabad,Delhi Capitals,B Kumar,Rashid Khan,Avesh Khan,4,0,,,,,,,,,
1254105,2021,2021-09-22,Dubai International Cricket Stadium,1,19.4,Sunrisers Hyderabad,Delhi Capitals,B Kumar,Rashid Khan,Avesh Khan,1,0,,,,,,,,,
1254105,2021,2021-09-22,Dubai International Cricket Stadium,1,19.5,Sunrisers Hyderabad,Delhi Capitals,Rashid Khan,B Kumar,Avesh Khan,0,0,,,,,,,,,
1254105,2021,2021-09-22,Dubai International Cricket Stadium,1,19.6,Sunrisers Hyderabad,Delhi Capitals,Rashid Khan,B Kumar,Avesh Khan,1,0,,,,,,run out,Rashid Khan,,
1254105,2021,2021-09-22,Dubai International Cricket Stadium,1,19.7,Sunrisers Hyderabad,Delhi Capitals,Sandeep Sharma,B Kumar,Avesh Khan,0,1,,,1,,,,,,
1254105,2021,2021-09-22,Dubai International Cricket Stadium,1,19.8,Sunrisers Hyderabad,Delhi Capitals,B Kumar,Sandeep Sharma,Avesh Khan,0,0,,,,,,run out,Sandeep Sharma,,
1254105,2021,2021-09-22,Dubai International Cricket Stadium,2,0.1,Delhi Capitals,Sunrisers Hyderabad,PP Shaw,S Dhawan,KK Ahmed,1,0,,,,,,,,,
1254105,2021,2021-09-22,Dubai International Cricket Stadium,2,0.2,Delhi Capitals,Sunrisers Hyderabad,S Dhawan,PP Shaw,KK Ahmed,0,0,,,,,,,,,
1254105,2021,2021-09-22,Dubai International Cricket Stadium,2,0.3,Delhi Capitals,Sunrisers Hyderabad,S Dhawan,PP Shaw,KK Ahmed,0,0,,,,,,,,,
1254105,2021,2021-09-22,Dubai International Cricket Stadium,2,0.4,Delhi Capitals,Sunrisers Hyderabad,S Dhawan,PP Shaw,KK Ahmed,1,0,,,,,,,,,
1254105,2021,2021-09-22,Dubai International Cricket Stadium,2,0.5,Delhi Capitals,Sunrisers Hyderabad,PP Shaw,S Dhawan,KK Ahmed,0,0,,,,,,,,,
1254105,2021,2021-09-22,Dubai International Cricket Stadium,2,0.6,Delhi Capitals,Sunrisers Hyderabad,PP Shaw,S Dhawan,KK Ahmed,2,0,,,,,,,,,
1254105,2021,2021-09-22,Dubai International Cricket Stadium,2,1.1,Delhi Capitals,Sunrisers Hyderabad,S Dhawan,PP Shaw,B Kumar,0,0,,,,,,,,,
1254105,2021,2021-09-22,Dubai International Cricket Stadium,2,1.2,Delhi Capitals,Sunrisers Hyderabad,S Dhawan,PP Shaw,B Kumar,4,0,,,,,,,,,
1254105,2021,2021-09-22,Dubai International Cricket Stadium,2,1.3,Delhi Capitals,Sunrisers Hyderabad,S Dhawan,PP Shaw,B Kumar,0,0,,,,,,,,,
1254105,2021,2021-09-22,Dubai International Cricket Stadium,2,1.4,Delhi Capitals,Sunrisers Hyderabad,S Dhawan,PP Shaw,B Kumar,4,0,,,,,,,,,
1254105,2021,2021-09-22,Dubai International Cricket Stadium,2,1.5,Delhi Capitals,Sunrisers Hyderabad,S Dhawan,PP Shaw,B Kumar,0,0,,,,,,,,,
1254105,2021,2021-09-22,Dubai International Cricket Stadium,2,1.6,Delhi Capitals,Sunrisers Hyderabad,S Dhawan,PP Shaw,B Kumar,0,0,,,,,,,,,
1254105,2021,2021-09-22,Dubai International Cricket Stadium,2,2.1,Delhi Capitals,Sunrisers Hyderabad,PP Shaw,S Dhawan,KK Ahmed,4,0,,,,,,,,,
1254105,2021,2021-09-22,Dubai International Cricket Stadium,2,2.2,Delhi Capitals,Sunrisers Hyderabad,PP Shaw,S Dhawan,KK Ahmed,0,0,,,,,,,,,
1254105,2021,2021-09-22,Dubai International Cricket Stadium,2,2.3,Delhi Capitals,Sunrisers Hyderabad,PP Shaw,S Dhawan,KK Ahmed,4,0,,,,,,,,,
1254105,2021,2021-09-22,Dubai International Cricket Stadium,2,2.4,Delhi Capitals,Sunrisers Hyderabad,PP Shaw,S Dhawan,KK Ahmed,0,0,,,,,,,,,
1254105,2021,2021-09-22,Dubai International Cricket Stadium,2,2.5,Delhi Capitals,Sunrisers Hyderabad,PP Shaw,S Dhawan,KK Ahmed,0,0,,,,,,caught,PP Shaw,,
1254105,2021,2021-09-22,Dubai International Cricket Stadium,2,2.6,Delhi Capitals,Sunrisers Hyderabad,S Dhawan,SS Iyer,KK Ahmed,0,0,,,,,,,,,
1254105,2021,2021-09-22,Dubai International Cricket Stadium,2,3.1,Delhi Capitals,Sunrisers Hyderabad,SS Iyer,S Dhawan,JO Holder,2,0,,,,,,,,,
1254105,2021,2021-09-22,Dubai International Cricket Stadium,2,3.2,Delhi Capitals,Sunrisers Hyderabad,SS Iyer,S Dhawan,JO Holder,0,0,,,,,,,,,
1254105,2021,2021-09-22,Dubai International Cricket Stadium,2,3.3,Delhi Capitals,Sunrisers Hyderabad,SS Iyer,S Dhawan,JO Holder,1,0,,,,,,,,,
1254105,2021,2021-09-22,Dubai International Cricket Stadium,2,3.4,Delhi Capitals,Sunrisers Hyderabad,S Dhawan,SS Iyer,JO Holder,4,0,,,,,,,,,
1254105,2021,2021-09-22,Dubai International Cricket Stadium,2,3.5,Delhi Capitals,Sunrisers Hyderabad,S Dhawan,SS Iyer,JO Holder,0,0,,,,,,,,,
1254105,2021,2021-09-22,Dubai International Cricket Stadium,2,3.6,Delhi Capitals,Sunrisers Hyderabad,S Dhawan,SS Iyer,JO Holder,0,0,,,,,,,,,
1254105,2021,2021-09-22,Dubai International Cricket Stadium,2,4.1,Delhi Capitals,Sunrisers Hyderabad,SS Iyer,S Dhawan,B Kumar,0,0,,,,,,,,,
1254105,2021,2021-09-22,Dubai International Cricket Stadium,2,4.2,Delhi Capitals,Sunrisers Hyderabad,SS Iyer,S Dhawan,B Kumar,0,0,,,,,,,,,
1254105,2021,2021-09-22,Dubai International Cricket Stadium,2,4.3,Delhi Capitals,Sunrisers Hyderabad,SS Iyer,S Dhawan,B Kumar,0,0,,,,,,,,,
1254105,2021,2021-09-22,Dubai International Cricket Stadium,2,4.4,Delhi Capitals,Sunrisers Hyderabad,SS Iyer,S Dhawan,B Kumar,1,0,,,,,,,,,
1254105,2021,2021-09-22,Dubai International Cricket Stadium,2,4.5,Delhi Capitals,Sunrisers Hyderabad,S Dhawan,SS Iyer,B Kumar,0,0,,,,,,,,,
1254105,2021,2021-09-22,Dubai International Cricket Stadium,2,4.6,Delhi Capitals,Sunrisers Hyderabad,S Dhawan,SS Iyer,B Kumar,1,0,,,,,,,,,
1254105,2021,2021-09-22,Dubai International Cricket Stadium,2,5.1,Delhi Capitals,Sunrisers Hyderabad,S Dhawan,SS Iyer,Rashid Khan,1,0,,,,,,,,,
1254105,2021,2021-09-22,Dubai International Cricket Stadium,2,5.2,Delhi Capitals,Sunrisers Hyderabad,SS Iyer,S Dhawan,Rashid Khan,1,0,,,,,,,,,
1254105,2021,2021-09-22,Dubai International Cricket Stadium,2,5.3,Delhi Capitals,Sunrisers Hyderabad,S Dhawan,SS Iyer,Rashid Khan,6,0,,,,,,,,,
1254105,2021,2021-09-22,Dubai International Cricket Stadium,2,5.4,Delhi Capitals,Sunrisers Hyderabad,S Dhawan,SS Iyer,Rashid Khan,1,0,,,,,,,,,
1254105,2021,2021-09-22,Dubai International Cricket Stadium,2,5.5,Delhi Capitals,Sunrisers Hyderabad,SS Iyer,S Dhawan,Rashid Khan,1,0,,,,,,,,,
1254105,2021,2021-09-22,Dubai International Cricket Stadium,2,5.6,Delhi Capitals,Sunrisers Hyderabad,S Dhawan,SS Iyer,Rashid Khan,0,0,,,,,,,,,
1254105,2021,2021-09-22,Dubai International Cricket Stadium,2,6.1,Delhi Capitals,Sunrisers Hyderabad,SS Iyer,S Dhawan,JO Holder,1,0,,,,,,,,,
1254105,2021,2021-09-22,Dubai International Cricket Stadium,2,6.2,Delhi Capitals,Sunrisers Hyderabad,S Dhawan,SS Iyer,JO Holder,0,0,,,,,,,,,
1254105,2021,2021-09-22,Dubai International Cricket Stadium,2,6.3,Delhi Capitals,Sunrisers Hyderabad,S Dhawan,SS Iyer,JO Holder,4,0,,,,,,,,,
1254105,2021,2021-09-22,Dubai International Cricket Stadium,2,6.4,Delhi Capitals,Sunrisers Hyderabad,S Dhawan,SS Iyer,JO Holder,0,0,,,,,,,,,
1254105,2021,2021-09-22,Dubai International Cricket Stadium,2,6.5,Delhi Capitals,Sunrisers Hyderabad,S Dhawan,SS Iyer,JO Holder,1,0,,,,,,,,,
1254105,2021,2021-09-22,Dubai International Cricket Stadium,2,6.6,Delhi Capitals,Sunrisers Hyderabad,SS Iyer,S Dhawan,JO Holder,0,0,,,,,,,,,
1254105,2021,2021-09-22,Dubai International Cricket Stadium,2,7.1,Delhi Capitals,Sunrisers Hyderabad,S Dhawan,SS Iyer,Sandeep Sharma,3,0,,,,,,,,,
1254105,2021,2021-09-22,Dubai International Cricket Stadium,2,7.2,Delhi Capitals,Sunrisers Hyderabad,SS Iyer,S Dhawan,Sandeep Sharma,1,0,,,,,,,,,
1254105,2021,2021-09-22,Dubai International Cricket Stadium,2,7.3,Delhi Capitals,Sunrisers Hyderabad,S Dhawan,SS Iyer,Sandeep Sharma,0,0,,,,,,,,,
1254105,2021,2021-09-22,Dubai International Cricket Stadium,2,7.4,Delhi Capitals,Sunrisers Hyderabad,S Dhawan,SS Iyer,Sandeep Sharma,0,0,,,,,,,,,
1254105,2021,2021-09-22,Dubai International Cricket Stadium,2,7.5,Delhi Capitals,Sunrisers Hyderabad,S Dhawan,SS Iyer,Sandeep Sharma,2,0,,,,,,,,,
1254105,2021,2021-09-22,Dubai International Cricket Stadium,2,7.6,Delhi Capitals,Sunrisers Hyderabad,S Dhawan,SS Iyer,Sandeep Sharma,0,0,,,,,,,,,
1254105,2021,2021-09-22,Dubai International Cricket Stadium,2,8.1,Delhi Capitals,Sunrisers Hyderabad,SS Iyer,S Dhawan,Rashid Khan,1,0,,,,,,,,,
1254105,2021,2021-09-22,Dubai International Cricket Stadium,2,8.2,Delhi Capitals,Sunrisers Hyderabad,S Dhawan,SS Iyer,Rashid Khan,1,0,,,,,,,,,
1254105,2021,2021-09-22,Dubai International Cricket Stadium,2,8.3,Delhi Capitals,Sunrisers Hyderabad,SS Iyer,S Dhawan,Rashid Khan,0,0,,,,,,,,,
1254105,2021,2021-09-22,Dubai International Cricket Stadium,2,8.4,Delhi Capitals,Sunrisers Hyderabad,SS Iyer,S Dhawan,Rashid Khan,6,0,,,,,,,,,
1254105,2021,2021-09-22,Dubai International Cricket Stadium,2,8.5,Delhi Capitals,Sunrisers Hyderabad,SS Iyer,S Dhawan,Rashid Khan,1,0,,,,,,,,,
1254105,2021,2021-09-22,Dubai International Cricket Stadium,2,8.6,Delhi Capitals,Sunrisers Hyderabad,S Dhawan,SS Iyer,Rashid Khan,0,0,,,,,,,,,
1254105,2021,2021-09-22,Dubai International Cricket Stadium,2,9.1,Delhi Capitals,Sunrisers Hyderabad,SS Iyer,S Dhawan,Sandeep Sharma,0,0,,,,,,,,,
1254105,2021,2021-09-22,Dubai International Cricket Stadium,2,9.2,Delhi Capitals,Sunrisers Hyderabad,SS Iyer,S Dhawan,Sandeep Sharma,1,0,,,,,,,,,
1254105,2021,2021-09-22,Dubai International Cricket Stadium,2,9.3,Delhi Capitals,Sunrisers Hyderabad,S Dhawan,SS Iyer,Sandeep Sharma,0,0,,,,,,,,,
1254105,2021,2021-09-22,Dubai International Cricket Stadium,2,9.4,Delhi Capitals,Sunrisers Hyderabad,S Dhawan,SS Iyer,Sandeep Sharma,4,0,,,,,,,,,
1254105,2021,2021-09-22,Dubai International Cricket Stadium,2,9.5,Delhi Capitals,Sunrisers Hyderabad,S Dhawan,SS Iyer,Sandeep Sharma,4,0,,,,,,,,,
1254105,2021,2021-09-22,Dubai International Cricket Stadium,2,9.6,Delhi Capitals,Sunrisers Hyderabad,S Dhawan,SS Iyer,Sandeep Sharma,0,0,,,,,,,,,
1254105,2021,2021-09-22,Dubai International Cricket Stadium,2,10.1,Delhi Capitals,Sunrisers Hyderabad,SS Iyer,S Dhawan,Rashid Khan,1,0,,,,,,,,,
1254105,2021,2021-09-22,Dubai International Cricket Stadium,2,10.2,Delhi Capitals,Sunrisers Hyderabad,S Dhawan,SS Iyer,Rashid Khan,1,0,,,,,,,,,
1254105,2021,2021-09-22,Dubai International Cricket Stadium,2,10.3,Delhi Capitals,Sunrisers Hyderabad,SS Iyer,S Dhawan,Rashid Khan,1,0,,,,,,,,,
1254105,2021,2021-09-22,Dubai International Cricket Stadium,2,10.4,Delhi Capitals,Sunrisers Hyderabad,S Dhawan,SS Iyer,Rashid Khan,0,0,,,,,,,,,
1254105,2021,2021-09-22,Dubai International Cricket Stadium,2,10.5,Delhi Capitals,Sunrisers Hyderabad,S Dhawan,SS Iyer,Rashid Khan,0,0,,,,,,caught,S Dhawan,,
1254105,2021,2021-09-22,Dubai International Cricket Stadium,2,10.6,Delhi Capitals,Sunrisers Hyderabad,SS Iyer,RR Pant,Rashid Khan,1,0,,,,,,,,,
1254105,2021,2021-09-22,Dubai International Cricket Stadium,2,11.1,Delhi Capitals,Sunrisers Hyderabad,SS Iyer,RR Pant,JO Holder,1,0,,,,,,,,,
1254105,2021,2021-09-22,Dubai International Cricket Stadium,2,11.2,Delhi Capitals,Sunrisers Hyderabad,RR Pant,SS Iyer,JO Holder,0,0,,,,,,,,,
1254105,2021,2021-09-22,Dubai International Cricket Stadium,2,11.3,Delhi Capitals,Sunrisers Hyderabad,RR Pant,SS Iyer,JO Holder,0,0,,,,,,,,,
1254105,2021,2021-09-22,Dubai International Cricket Stadium,2,11.4,Delhi Capitals,Sunrisers Hyderabad,RR Pant,SS Iyer,JO Holder,4,0,,,,,,,,,
1254105,2021,2021-09-22,Dubai International Cricket Stadium,2,11.5,Delhi Capitals,Sunrisers Hyderabad,RR Pant,SS Iyer,JO Holder,1,0,,,,,,,,,
1254105,2021,2021-09-22,Dubai International Cricket Stadium,2,11.6,Delhi Capitals,Sunrisers Hyderabad,SS Iyer,RR Pant,JO Holder,1,0,,,,,,,,,
1254105,2021,2021-09-22,Dubai International Cricket Stadium,2,12.1,Delhi Capitals,Sunrisers Hyderabad,SS Iyer,RR Pant,KK Ahmed,1,0,,,,,,,,,
1254105,2021,2021-09-22,Dubai International Cricket Stadium,2,12.2,Delhi Capitals,Sunrisers Hyderabad,RR Pant,SS Iyer,KK Ahmed,0,0,,,,,,,,,
1254105,2021,2021-09-22,Dubai International Cricket Stadium,2,12.3,Delhi Capitals,Sunrisers Hyderabad,RR Pant,SS Iyer,KK Ahmed,1,0,,,,,,,,,
1254105,2021,2021-09-22,Dubai International Cricket Stadium,2,12.4,Delhi Capitals,Sunrisers Hyderabad,SS Iyer,RR Pant,KK Ahmed,1,0,,,,,,,,,
1254105,2021,2021-09-22,Dubai International Cricket Stadium,2,12.5,Delhi Capitals,Sunrisers Hyderabad,RR Pant,SS Iyer,KK Ahmed,1,0,,,,,,,,,
1254105,2021,2021-09-22,Dubai International Cricket Stadium,2,12.6,Delhi Capitals,Sunrisers Hyderabad,SS Iyer,RR Pant,KK Ahmed,1,0,,,,,,,,,
1254105,2021,2021-09-22,Dubai International Cricket Stadium,2,13.1,Delhi Capitals,Sunrisers Hyderabad,SS Iyer,RR Pant,Sandeep Sharma,2,0,,,,,,,,,
1254105,2021,2021-09-22,Dubai International Cricket Stadium,2,13.2,Delhi Capitals,Sunrisers Hyderabad,SS Iyer,RR Pant,Sandeep Sharma,0,0,,,,,,,,,
1254105,2021,2021-09-22,Dubai International Cricket Stadium,2,13.3,Delhi Capitals,Sunrisers Hyderabad,SS Iyer,RR Pant,Sandeep Sharma,4,0,,,,,,,,,
1254105,2021,2021-09-22,Dubai International Cricket Stadium,2,13.4,Delhi Capitals,Sunrisers Hyderabad,SS Iyer,RR Pant,Sandeep Sharma,4,0,,,,,,,,,
1254105,2021,2021-09-22,Dubai International Cricket Stadium,2,13.5,Delhi Capitals,Sunrisers Hyderabad,SS Iyer,RR Pant,Sandeep Sharma,0,0,,,,,,,,,
1254105,2021,2021-09-22,Dubai International Cricket Stadium,2,13.6,Delhi Capitals,Sunrisers Hyderabad,SS Iyer,RR Pant,Sandeep Sharma,1,0,,,,,,,,,
1254105,2021,2021-09-22,Dubai International Cricket Stadium,2,14.1,Delhi Capitals,Sunrisers Hyderabad,SS Iyer,RR Pant,Rashid Khan,1,0,,,,,,,,,
1254105,2021,2021-09-22,Dubai International Cricket Stadium,2,14.2,Delhi Capitals,Sunrisers Hyderabad,RR Pant,SS Iyer,Rashid Khan,0,0,,,,,,,,,
1254105,2021,2021-09-22,Dubai International Cricket Stadium,2,14.3,Delhi Capitals,Sunrisers Hyderabad,RR Pant,SS Iyer,Rashid Khan,0,0,,,,,,,,,
1254105,2021,2021-09-22,Dubai International Cricket Stadium,2,14.4,Delhi Capitals,Sunrisers Hyderabad,RR Pant,SS Iyer,Rashid Khan,1,0,,,,,,,,,
1254105,2021,2021-09-22,Dubai International Cricket Stadium,2,14.5,Delhi Capitals,Sunrisers Hyderabad,SS Iyer,RR Pant,Rashid Khan,0,0,,,,,,,,,
1254105,2021,2021-09-22,Dubai International Cricket Stadium,2,14.6,Delhi Capitals,Sunrisers Hyderabad,SS Iyer,RR Pant,Rashid Khan,0,1,1,,,,,,,,
1254105,2021,2021-09-22,Dubai International Cricket Stadium,2,14.7,Delhi Capitals,Sunrisers Hyderabad,SS Iyer,RR Pant,Rashid Khan,0,0,,,,,,,,,
1254105,2021,2021-09-22,Dubai International Cricket Stadium,2,15.1,Delhi Capitals,Sunrisers Hyderabad,RR Pant,SS Iyer,B Kumar,1,0,,,,,,,,,
1254105,2021,2021-09-22,Dubai International Cricket Stadium,2,15.2,Delhi Capitals,Sunrisers Hyderabad,SS Iyer,RR Pant,B Kumar,1,0,,,,,,,,,
1254105,2021,2021-09-22,Dubai International Cricket Stadium,2,15.3,Delhi Capitals,Sunrisers Hyderabad,RR Pant,SS Iyer,B Kumar,6,0,,,,,,,,,
1254105,2021,2021-09-22,Dubai International Cricket Stadium,2,15.4,Delhi Capitals,Sunrisers Hyderabad,RR Pant,SS Iyer,B Kumar,1,0,,,,,,,,,
1254105,2021,2021-09-22,Dubai International Cricket Stadium,2,15.5,Delhi Capitals,Sunrisers Hyderabad,SS Iyer,RR Pant,B Kumar,1,0,,,,,,,,,
1254105,2021,2021-09-22,Dubai International Cricket Stadium,2,15.6,Delhi Capitals,Sunrisers Hyderabad,RR Pant,SS Iyer,B Kumar,1,0,,,,,,,,,
1254105,2021,2021-09-22,Dubai International Cricket Stadium,2,16.1,Delhi Capitals,Sunrisers Hyderabad,RR Pant,SS Iyer,KK Ahmed,2,0,,,,,,,,,
1254105,2021,2021-09-22,Dubai International Cricket Stadium,2,16.2,Delhi Capitals,Sunrisers Hyderabad,RR Pant,SS Iyer,KK Ahmed,0,1,1,,,,,,,,
1254105,2021,2021-09-22,Dubai International Cricket Stadium,2,16.3,Delhi Capitals,Sunrisers Hyderabad,RR Pant,SS Iyer,KK Ahmed,0,1,1,,,,,,,,
1254105,2021,2021-09-22,Dubai International Cricket Stadium,2,16.4,Delhi Capitals,Sunrisers Hyderabad,RR Pant,SS Iyer,KK Ahmed,0,0,,,,,,,,,
1254105,2021,2021-09-22,Dubai International Cricket Stadium,2,16.5,Delhi Capitals,Sunrisers Hyderabad,RR Pant,SS Iyer,KK Ahmed,1,0,,,,,,,,,
1254105,2021,2021-09-22,Dubai International Cricket Stadium,2,16.6,Delhi Capitals,Sunrisers Hyderabad,SS Iyer,RR Pant,KK Ahmed,1,0,,,,,,,,,
1254105,2021,2021-09-22,Dubai International Cricket Stadium,2,16.7,Delhi Capitals,Sunrisers Hyderabad,RR Pant,SS Iyer,KK Ahmed,4,0,,,,,,,,,
1254105,2021,2021-09-22,Dubai International Cricket Stadium,2,16.8,Delhi Capitals,Sunrisers Hyderabad,RR Pant,SS Iyer,KK Ahmed,6,0,,,,,,,,,
1254105,2021,2021-09-22,Dubai International Cricket Stadium,2,17.1,Delhi Capitals,Sunrisers Hyderabad,SS Iyer,RR Pant,JO Holder,0,1,1,,,,,,,,
1254105,2021,2021-09-22,Dubai International Cricket Stadium,2,17.2,Delhi Capitals,Sunrisers Hyderabad,SS Iyer,RR Pant,JO Holder,1,0,,,,,,,,,
1254105,2021,2021-09-22,Dubai International Cricket Stadium,2,17.3,Delhi Capitals,Sunrisers Hyderabad,RR Pant,SS Iyer,JO Holder,4,0,,,,,,,,,
1254105,2021,2021-09-22,Dubai International Cricket Stadium,2,17.4,Delhi Capitals,Sunrisers Hyderabad,RR Pant,SS Iyer,JO Holder,1,0,,,,,,,,,
1254105,2021,2021-09-22,Dubai International Cricket Stadium,2,17.5,Delhi Capitals,Sunrisers Hyderabad,SS Iyer,RR Pant,JO Holder,0,0,,,,,,,,,
1254105,2021,2021-09-22,Dubai International Cricket Stadium,2,17.6,Delhi Capitals,Sunrisers Hyderabad,SS Iyer,RR Pant,JO Holder,6,0,,,,,,,,,
