match_id,season,start_date,venue,innings,ball,batting_team,bowling_team,striker,non_striker,bowler,runs_off_bat,extras,wides,noballs,byes,legbyes,penalty,wicket_type,player_dismissed,other_wicket_type,other_player_dismissed
1254104,2021,2021-09-19,Dubai International Cricket Stadium,1,0.1,Chennai Super Kings,Mumbai Indians,RD Gaikwad,F du Plessis,TA Boult,0,0,,,,,,,,,
1254104,2021,2021-09-19,Dubai International Cricket Stadium,1,0.2,Chennai Super Kings,Mumbai Indians,RD Gaikwad,F du Plessis,TA Boult,0,1,,,,1,,,,,
1254104,2021,2021-09-19,Dubai International Cricket Stadium,1,0.3,Chennai Super Kings,Mumbai Indians,F du Plessis,RD Gaikwad,TA Boult,0,0,,,,,,,,,
1254104,2021,2021-09-19,Dubai International Cricket Stadium,1,0.4,Chennai Super Kings,Mumbai Indians,F du Plessis,RD Gaikwad,TA Boult,0,0,,,,,,,,,
1254104,2021,2021-09-19,Dubai International Cricket Stadium,1,0.5,Chennai Super Kings,Mumbai Indians,F du Plessis,RD Gaikwad,TA Boult,0,0,,,,,,caught,F du Plessis,,
1254104,2021,2021-09-19,Dubai International Cricket Stadium,1,0.6,Chennai Super Kings,Mumbai Indians,MM Ali,RD Gaikwad,TA Boult,0,0,,,,,,,,,
1254104,2021,2021-09-19,Dubai International Cricket Stadium,1,1.1,Chennai Super Kings,Mumbai Indians,RD Gaikwad,MM Ali,AF Milne,1,0,,,,,,,,,
1254104,2021,2021-09-19,Dubai International Cricket Stadium,1,1.2,Chennai Super Kings,Mumbai Indians,MM Ali,RD Gaikwad,AF Milne,0,0,,,,,,,,,
1254104,2021,2021-09-19,Dubai International Cricket Stadium,1,1.3,Chennai Super Kings,Mumbai Indians,MM Ali,RD Gaikwad,AF Milne,0,0,,,,,,caught,MM Ali,,
1254104,2021,2021-09-19,Dubai International Cricket Stadium,1,1.4,Chennai Super Kings,Mumbai Indians,AT Rayudu,RD Gaikwad,AF Milne,0,0,,,,,,,,,
1254104,2021,2021-09-19,Dubai International Cricket Stadium,1,1.5,Chennai Super Kings,Mumbai Indians,AT Rayudu,RD Gaikwad,AF Milne,0,0,,,,,,,,,
1254104,2021,2021-09-19,Dubai International Cricket Stadium,1,1.6,Chennai Super Kings,Mumbai Indians,AT Rayudu,RD Gaikwad,AF Milne,0,1,,,,1,,retired hurt,AT Rayudu,,
1254104,2021,2021-09-19,Dubai International Cricket Stadium,1,2.1,Chennai Super Kings,Mumbai Indians,SK Raina,RD Gaikwad,TA Boult,0,0,,,,,,,,,
1254104,2021,2021-09-19,Dubai International Cricket Stadium,1,2.2,Chennai Super Kings,Mumbai Indians,SK Raina,RD Gaikwad,TA Boult,0,0,,,,,,,,,
1254104,2021,2021-09-19,Dubai International Cricket Stadium,1,2.3,Chennai Super Kings,Mumbai Indians,SK Raina,RD Gaikwad,TA Boult,0,0,,,,,,,,,
1254104,2021,2021-09-19,Dubai International Cricket Stadium,1,2.4,Chennai Super Kings,Mumbai Indians,SK Raina,RD Gaikwad,TA Boult,4,0,,,,,,,,,
1254104,2021,2021-09-19,Dubai International Cricket Stadium,1,2.5,Chennai Super Kings,Mumbai Indians,SK Raina,RD Gaikwad,TA Boult,0,0,,,,,,,,,
1254104,2021,2021-09-19,Dubai International Cricket Stadium,1,2.6,Chennai Super Kings,Mumbai Indians,SK Raina,RD Gaikwad,TA Boult,0,0,,,,,,caught,SK Raina,,
1254104,2021,2021-09-19,Dubai International Cricket Stadium,1,3.1,Chennai Super Kings,Mumbai Indians,RD Gaikwad,MS Dhoni,AF Milne,0,0,,,,,,,,,
1254104,2021,2021-09-19,Dubai International Cricket Stadium,1,3.2,Chennai Super Kings,Mumbai Indians,RD Gaikwad,MS Dhoni,AF Milne,0,0,,,,,,,,,
1254104,2021,2021-09-19,Dubai International Cricket Stadium,1,3.3,Chennai Super Kings,Mumbai Indians,RD Gaikwad,MS Dhoni,AF Milne,4,0,,,,,,,,,
1254104,2021,2021-09-19,Dubai International Cricket Stadium,1,3.4,Chennai Super Kings,Mumbai Indians,RD Gaikwad,MS Dhoni,AF Milne,0,0,,,,,,,,,
1254104,2021,2021-09-19,Dubai International Cricket Stadium,1,3.5,Chennai Super Kings,Mumbai Indians,RD Gaikwad,MS Dhoni,AF Milne,0,0,,,,,,,,,
1254104,2021,2021-09-19,Dubai International Cricket Stadium,1,3.6,Chennai Super Kings,Mumbai Indians,RD Gaikwad,MS Dhoni,AF Milne,0,0,,,,,,,,,
1254104,2021,2021-09-19,Dubai International Cricket Stadium,1,4.1,Chennai Super Kings,Mumbai Indians,MS Dhoni,RD Gaikwad,TA Boult,1,0,,,,,,,,,
1254104,2021,2021-09-19,Dubai International Cricket Stadium,1,4.2,Chennai Super Kings,Mumbai Indians,RD Gaikwad,MS Dhoni,TA Boult,1,0,,,,,,,,,
1254104,2021,2021-09-19,Dubai International Cricket Stadium,1,4.3,Chennai Super Kings,Mumbai Indians,MS Dhoni,RD Gaikwad,TA Boult,1,0,,,,,,,,,
1254104,2021,2021-09-19,Dubai International Cricket Stadium,1,4.4,Chennai Super Kings,Mumbai Indians,RD Gaikwad,MS Dhoni,TA Boult,0,0,,,,,,,,,
1254104,2021,2021-09-19,Dubai International Cricket Stadium,1,4.5,Chennai Super Kings,Mumbai Indians,RD Gaikwad,MS Dhoni,TA Boult,4,0,,,,,,,,,
1254104,2021,2021-09-19,Dubai International Cricket Stadium,1,4.6,Chennai Super Kings,Mumbai Indians,RD Gaikwad,MS Dhoni,TA Boult,0,0,,,,,,,,,
1254104,2021,2021-09-19,Dubai International Cricket Stadium,1,5.1,Chennai Super Kings,Mumbai Indians,MS Dhoni,RD Gaikwad,AF Milne,0,0,,,,,,,,,
1254104,2021,2021-09-19,Dubai International Cricket Stadium,1,5.2,Chennai Super Kings,Mumbai Indians,MS Dhoni,RD Gaikwad,AF Milne,1,0,,,,,,,,,
1254104,2021,2021-09-19,Dubai International Cricket Stadium,1,5.3,Chennai Super Kings,Mumbai Indians,RD Gaikwad,MS Dhoni,AF Milne,4,0,,,,,,,,,
1254104,2021,2021-09-19,Dubai International Cricket Stadium,1,5.4,Chennai Super Kings,Mumbai Indians,RD Gaikwad,MS Dhoni,AF Milne,0,0,,,,,,,,,
1254104,2021,2021-09-19,Dubai International Cricket Stadium,1,5.5,Chennai Super Kings,Mumbai Indians,RD Gaikwad,MS Dhoni,AF Milne,1,0,,,,,,,,,
1254104,2021,2021-09-19,Dubai International Cricket Stadium,1,5.6,Chennai Super Kings,Mumbai Indians,MS Dhoni,RD Gaikwad,AF Milne,0,0,,,,,,caught,MS Dhoni,,
1254104,2021,2021-09-19,Dubai International Cricket Stadium,1,6.1,Chennai Super Kings,Mumbai Indians,RD Gaikwad,RA Jadeja,JJ Bumrah,1,0,,,,,,,,,
1254104,2021,2021-09-19,Dubai International Cricket Stadium,1,6.2,Chennai Super Kings,Mumbai Indians,RA Jadeja,RD Gaikwad,JJ Bumrah,2,0,,,,,,,,,
1254104,2021,2021-09-19,Dubai International Cricket Stadium,1,6.3,Chennai Super Kings,Mumbai Indians,RA Jadeja,RD Gaikwad,JJ Bumrah,0,0,,,,,,,,,
1254104,2021,2021-09-19,Dubai International Cricket Stadium,1,6.4,Chennai Super Kings,Mumbai Indians,RA Jadeja,RD Gaikwad,JJ Bumrah,0,0,,,,,,,,,
1254104,2021,2021-09-19,Dubai International Cricket Stadium,1,6.5,Chennai Super Kings,Mumbai Indians,RA Jadeja,RD Gaikwad,JJ Bumrah,0,0,,,,,,,,,
1254104,2021,2021-09-19,Dubai International Cricket Stadium,1,6.6,Chennai Super Kings,Mumbai Indians,RA Jadeja,RD Gaikwad,JJ Bumrah,0,0,,,,,,,,,
1254104,2021,2021-09-19,Dubai International Cricket Stadium,1,7.1,Chennai Super Kings,Mumbai Indians,RD Gaikwad,RA Jadeja,KA Pollard,1,0,,,,,,,,,
1254104,2021,2021-09-19,Dubai International Cricket Stadium,1,7.2,Chennai Super Kings,Mumbai Indians,RA Jadeja,RD Gaikwad,KA Pollard,0,1,1,,,,,,,,
1254104,2021,2021-09-19,Dubai International Cricket Stadium,1,7.3,Chennai Super Kings,Mumbai Indians,RA Jadeja,RD Gaikwad,KA Pollard,1,0,,,,,,,,,
1254104,2021,2021-09-19,Dubai International Cricket Stadium,1,7.4,Chennai Super Kings,Mumbai Indians,RD Gaikwad,RA Jadeja,KA Pollard,0,0,,,,,,,,,
1254104,2021,2021-09-19,Dubai International Cricket Stadium,1,7.5,Chennai Super Kings,Mumbai Indians,RD Gaikwad,RA Jadeja,KA Pollard,1,0,,,,,,,,,
1254104,2021,2021-09-19,Dubai International Cricket Stadium,1,7.6,Chennai Super Kings,Mumbai Indians,RA Jadeja,RD Gaikwad,KA Pollard,0,0,,,,,,,,,
1254104,2021,2021-09-19,Dubai International Cricket Stadium,1,7.7,Chennai Super Kings,Mumbai Indians,RA Jadeja,RD Gaikwad,KA Pollard,0,0,,,,,,,,,
1254104,2021,2021-09-19,Dubai International Cricket Stadium,1,8.1,Chennai Super Kings,Mumbai Indians,RD Gaikwad,RA Jadeja,RD Chahar,0,0,,,,,,,,,
1254104,2021,2021-09-19,Dubai International Cricket Stadium,1,8.2,Chennai Super Kings,Mumbai Indians,RD Gaikwad,RA Jadeja,RD Chahar,1,0,,,,,,,,,
1254104,2021,2021-09-19,Dubai International Cricket Stadium,1,8.3,Chennai Super Kings,Mumbai Indians,RA Jadeja,RD Gaikwad,RD Chahar,2,0,,,,,,,,,
1254104,2021,2021-09-19,Dubai International Cricket Stadium,1,8.4,Chennai Super Kings,Mumbai Indians,RA Jadeja,RD Gaikwad,RD Chahar,1,0,,,,,,,,,
1254104,2021,2021-09-19,Dubai International Cricket Stadium,1,8.5,Chennai Super Kings,Mumbai Indians,RD Gaikwad,RA Jadeja,RD Chahar,0,0,,,,,,,,,
1254104,2021,2021-09-19,Dubai International Cricket Stadium,1,8.6,Chennai Super Kings,Mumbai Indians,RD Gaikwad,RA Jadeja,RD Chahar,0,0,,,,,,,,,
1254104,2021,2021-09-19,Dubai International Cricket Stadium,1,9.1,Chennai Super Kings,Mumbai Indians,RA Jadeja,RD Gaikwad,KH Pandya,1,0,,,,,,,,,
1254104,2021,2021-09-19,Dubai International Cricket Stadium,1,9.2,Chennai Super Kings,Mumbai Indians,RD Gaikwad,RA Jadeja,KH Pandya,2,0,,,,,,,,,
1254104,2021,2021-09-19,Dubai International Cricket Stadium,1,9.3,Chennai Super Kings,Mumbai Indians,RD Gaikwad,RA Jadeja,KH Pandya,1,0,,,,,,,,,
1254104,2021,2021-09-19,Dubai International Cricket Stadium,1,9.4,Chennai Super Kings,Mumbai Indians,RA Jadeja,RD Gaikwad,KH Pandya,0,4,4,,,,,,,,
1254104,2021,2021-09-19,Dubai International Cricket Stadium,1,9.5,Chennai Super Kings,Mumbai Indians,RD Gaikwad,RA Jadeja,KH Pandya,1,0,,,,,,,,,
1254104,2021,2021-09-19,Dubai International Cricket Stadium,1,9.6,Chennai Super Kings,Mumbai Indians,RA Jadeja,RD Gaikwad,KH Pandya,0,0,,,,,,,,,
1254104,2021,2021-09-19,Dubai International Cricket Stadium,1,9.7,Chennai Super Kings,Mumbai Indians,RA Jadeja,RD Gaikwad,KH Pandya,0,0,,,,,,,,,
1254104,2021,2021-09-19,Dubai International Cricket Stadium,1,10.1,Chennai Super Kings,Mumbai Indians,RD Gaikwad,RA Jadeja,RD Chahar,2,0,,,,,,,,,
1254104,2021,2021-09-19,Dubai International Cricket Stadium,1,10.2,Chennai Super Kings,Mumbai Indians,RD Gaikwad,RA Jadeja,RD Chahar,0,0,,,,,,,,,
1254104,2021,2021-09-19,Dubai International Cricket Stadium,1,10.3,Chennai Super Kings,Mumbai Indians,RD Gaikwad,RA Jadeja,RD Chahar,1,0,,,,,,,,,
1254104,2021,2021-09-19,Dubai International Cricket Stadium,1,10.4,Chennai Super Kings,Mumbai Indians,RA Jadeja,RD Gaikwad,RD Chahar,0,0,,,,,,,,,
1254104,2021,2021-09-19,Dubai International Cricket Stadium,1,10.5,Chennai Super Kings,Mumbai Indians,RA Jadeja,RD Gaikwad,RD Chahar,0,0,,,,,,,,,
1254104,2021,2021-09-19,Dubai International Cricket Stadium,1,10.6,Chennai Super Kings,Mumbai Indians,RA Jadeja,RD Gaikwad,RD Chahar,1,0,,,,,,,,,
1254104,2021,2021-09-19,Dubai International Cricket Stadium,1,11.1,Chennai Super Kings,Mumbai Indians,RA Jadeja,RD Gaikwad,KH Pandya,1,0,,,,,,,,,
1254104,2021,2021-09-19,Dubai International Cricket Stadium,1,11.2,Chennai Super Kings,Mumbai Indians,RD Gaikwad,RA Jadeja,KH Pandya,6,0,,,,,,,,,
1254104,2021,2021-09-19,Dubai International Cricket Stadium,1,11.3,Chennai Super Kings,Mumbai Indians,RD Gaikwad,RA Jadeja,KH Pandya,1,0,,,,,,,,,
1254104,2021,2021-09-19,Dubai International Cricket Stadium,1,11.4,Chennai Super Kings,Mumbai Indians,RA Jadeja,RD Gaikwad,KH Pandya,0,1,1,,,,,,,,
1254104,2021,2021-09-19,Dubai International Cricket Stadium,1,11.5,Chennai Super Kings,Mumbai Indians,RA Jadeja,RD Gaikwad,KH Pandya,4,0,,,,,,,,,
1254104,2021,2021-09-19,Dubai International Cricket Stadium,1,11.6,Chennai Super Kings,Mumbai Indians,RA Jadeja,RD Gaikwad,KH Pandya,1,0,,,,,,,,,
1254104,2021,2021-09-19,Dubai International Cricket Stadium,1,11.7,Chennai Super Kings,Mumbai Indians,RD Gaikwad,RA Jadeja,KH Pandya,4,0,,,,,,,,,
1254104,2021,2021-09-19,Dubai International Cricket Stadium,1,12.1,Chennai Super Kings,Mumbai Indians,RA Jadeja,RD Gaikwad,RD Chahar,0,0,,,,,,,,,
1254104,2021,2021-09-19,Dubai International Cricket Stadium,1,12.2,Chennai Super Kings,Mumbai Indians,RA Jadeja,RD Gaikwad,RD Chahar,1,0,,,,,,,,,
1254104,2021,2021-09-19,Dubai International Cricket Stadium,1,12.3,Chennai Super Kings,Mumbai Indians,RD Gaikwad,RA Jadeja,RD Chahar,2,0,,,,,,,,,
1254104,2021,2021-09-19,Dubai International Cricket Stadium,1,12.4,Chennai Super Kings,Mumbai Indians,RD Gaikwad,RA Jadeja,RD Chahar,4,0,,,,,,,,,
1254104,2021,2021-09-19,Dubai International Cricket Stadium,1,12.5,Chennai Super Kings,Mumbai Indians,RD Gaikwad,RA Jadeja,RD Chahar,0,0,,,,,,,,,
1254104,2021,2021-09-19,Dubai International Cricket Stadium,1,12.6,Chennai Super Kings,Mumbai Indians,RD Gaikwad,RA Jadeja,RD Chahar,1,0,,,,,,,,,
1254104,2021,2021-09-19,Dubai International Cricket Stadium,1,13.1,Chennai Super Kings,Mumbai Indians,RD Gaikwad,RA Jadeja,JJ Bumrah,1,0,,,,,,,,,
1254104,2021,2021-09-19,Dubai International Cricket Stadium,1,13.2,Chennai Super Kings,Mumbai Indians,RA Jadeja,RD Gaikwad,JJ Bumrah,0,0,,,,,,,,,
1254104,2021,2021-09-19,Dubai International Cricket Stadium,1,13.3,Chennai Super Kings,Mumbai Indians,RA Jadeja,RD Gaikwad,JJ Bumrah,2,0,,,,,,,,,
1254104,2021,2021-09-19,Dubai International Cricket Stadium,1,13.4,Chennai Super Kings,Mumbai Indians,RA Jadeja,RD Gaikwad,JJ Bumrah,2,0,,,,,,,,,
1254104,2021,2021-09-19,Dubai International Cricket Stadium,1,13.5,Chennai Super Kings,Mumbai Indians,RA Jadeja,RD Gaikwad,JJ Bumrah,0,0,,,,,,,,,
1254104,2021,2021-09-19,Dubai International Cricket Stadium,1,13.6,Chennai Super Kings,Mumbai Indians,RA Jadeja,RD Gaikwad,JJ Bumrah,0,1,1,,,,,,,,
1254104,2021,2021-09-19,Dubai International Cricket Stadium,1,13.7,Chennai Super Kings,Mumbai Indians,RA Jadeja,RD Gaikwad,JJ Bumrah,1,0,,,,,,,,,
1254104,2021,2021-09-19,Dubai International Cricket Stadium,1,14.1,Chennai Super Kings,Mumbai Indians,RA Jadeja,RD Gaikwad,RD Chahar,0,0,,,,,,,,,
1254104,2021,2021-09-19,Dubai International Cricket Stadium,1,14.2,Chennai Super Kings,Mumbai Indians,RA Jadeja,RD Gaikwad,RD Chahar,2,0,,,,,,,,,
1254104,2021,2021-09-19,Dubai International Cricket Stadium,1,14.3,Chennai Super Kings,Mumbai Indians,RA Jadeja,RD Gaikwad,RD Chahar,0,0,,,,,,,,,
1254104,2021,2021-09-19,Dubai International Cricket Stadium,1,14.4,Chennai Super Kings,Mumbai Indians,RA Jadeja,RD Gaikwad,RD Chahar,2,0,,,,,,,,,
1254104,2021,2021-09-19,Dubai International Cricket Stadium,1,14.5,Chennai Super Kings,Mumbai Indians,RA Jadeja,RD Gaikwad,RD Chahar,1,0,,,,,,,,,
1254104,2021,2021-09-19,Dubai International Cricket Stadium,1,14.6,Chennai Super Kings,Mumbai Indians,RD Gaikwad,RA Jadeja,RD Chahar,1,0,,,,,,,,,
1254104,2021,2021-09-19,Dubai International Cricket Stadium,1,15.1,Chennai Super Kings,Mumbai Indians,RD Gaikwad,RA Jadeja,KA Pollard,1,0,,,,,,,,,
1254104,2021,2021-09-19,Dubai International Cricket Stadium,1,15.2,Chennai Super Kings,Mumbai Indians,RA Jadeja,RD Gaikwad,KA Pollard,1,0,,,,,,,,,
1254104,2021,2021-09-19,Dubai International Cricket Stadium,1,15.3,Chennai Super Kings,Mumbai Indians,RD Gaikwad,RA Jadeja,KA Pollard,4,0,,,,,,,,,
1254104,2021,2021-09-19,Dubai International Cricket Stadium,1,15.4,Chennai Super Kings,Mumbai Indians,RD Gaikwad,RA Jadeja,KA Pollard,0,0,,,,,,,,,
1254104,2021,2021-09-19,Dubai International Cricket Stadium,1,15.5,Chennai Super Kings,Mumbai Indians,RD Gaikwad,RA Jadeja,KA Pollard,4,0,,,,,,,,,
1254104,2021,2021-09-19,Dubai International Cricket Stadium,1,15.6,Chennai Super Kings,Mumbai Indians,RD Gaikwad,RA Jadeja,KA Pollard,1,0,,,,,,,,,
1254104,2021,2021-09-19,Dubai International Cricket Stadium,1,16.1,Chennai Super Kings,Mumbai Indians,RD Gaikwad,RA Jadeja,JJ Bumrah,0,0,,,,,,,,,
1254104,2021,2021-09-19,Dubai International Cricket Stadium,1,16.2,Chennai Super Kings,Mumbai Indians,RD Gaikwad,RA Jadeja,JJ Bumrah,6,0,,,,,,,,,
1254104,2021,2021-09-19,Dubai International Cricket Stadium,1,16.3,Chennai Super Kings,Mumbai Indians,RD Gaikwad,RA Jadeja,JJ Bumrah,1,0,,,,,,,,,
1254104,2021,2021-09-19,Dubai International Cricket Stadium,1,16.4,Chennai Super Kings,Mumbai Indians,RA Jadeja,RD Gaikwad,JJ Bumrah,0,0,,,,,,caught,RA Jadeja,,
1254104,2021,2021-09-19,Dubai International Cricket Stadium,1,16.5,Chennai Super Kings,Mumbai Indians,RD Gaikwad,DJ Bravo,JJ Bumrah,0,0,,,,,,,,,
1254104,2021,2021-09-19,Dubai International Cricket Stadium,1,16.6,Chennai Super Kings,Mumbai Indians,RD Gaikwad,DJ Bravo,JJ Bumrah,2,0,,,,,,,,,
1254104,2021,2021-09-19,Dubai International Cricket Stadium,1,17.1,Chennai Super Kings,Mumbai Indians,DJ Bravo,RD Gaikwad,AF Milne,1,0,,,,,,,,,
1254104,2021,2021-09-19,Dubai International Cricket Stadium,1,17.2,Chennai Super Kings,Mumbai Indians,RD Gaikwad,DJ Bravo,AF Milne,0,0,,,,,,,,,
1254104,2021,2021-09-19,Dubai International Cricket Stadium,1,17.3,Chennai Super Kings,Mumbai Indians,RD Gaikwad,DJ Bravo,AF Milne,1,0,,,,,,,,,
1254104,2021,2021-09-19,Dubai International Cricket Stadium,1,17.4,Chennai Super Kings,Mumbai Indians,DJ Bravo,RD Gaikwad,AF Milne,1,0,,,,,,,,,
1254104,2021,2021-09-19,Dubai International Cricket Stadium,1,17.5,Chennai Super Kings,Mumbai Indians,RD Gaikwad,DJ Bravo,AF Milne,1,0,,,,,,,,,
1254104,2021,2021-09-19,Dubai International Cricket Stadium,1,17.6,Chennai Super Kings,Mumbai Indians,DJ Bravo,RD Gaikwad,AF Milne,6,0,,,,,,,,,
1254104,2021,2021-09-19,Dubai International Cricket Stadium,1,18.1,Chennai Super Kings,Mumbai Indians,RD Gaikwad,DJ Bravo,TA Boult,4,0,,,,,,,,,
1254104,2021,2021-09-19,Dubai International Cricket Stadium,1,18.2,Chennai Super Kings,Mumbai Indians,RD Gaikwad,DJ Bravo,TA Boult,1,0,,,,,,,,,
1254104,2021,2021-09-19,Dubai International Cricket Stadium,1,18.3,Chennai Super Kings,Mumbai Indians,DJ Bravo,RD Gaikwad,TA Boult,6,0,,,,,,,,,
1254104,2021,2021-09-19,Dubai International Cricket Stadium,1,18.4,Chennai Super Kings,Mumbai Indians,DJ Bravo,RD Gaikwad,TA Boult,6,0,,,,,,,,,
1254104,2021,2021-09-19,Dubai International Cricket Stadium,1,18.5,Chennai Super Kings,Mumbai Indians,DJ Bravo,RD Gaikwad,TA Boult,1,0,,,,,,,,,
1254104,2021,2021-09-19,Dubai International Cricket Stadium,1,18.6,Chennai Super Kings,Mumbai Indians,RD Gaikwad,DJ Bravo,TA Boult,6,0,,,,,,,,,
1254104,2021,2021-09-19,Dubai International Cricket Stadium,1,19.1,Chennai Super Kings,Mumbai Indians,DJ Bravo,RD Gaikwad,JJ Bumrah,0,1,1,,,,,,,,
1254104,2021,2021-09-19,Dubai International Cricket Stadium,1,19.2,Chennai Super Kings,Mumbai Indians,DJ Bravo,RD Gaikwad,JJ Bumrah,2,0,,,,,,,,,
1254104,2021,2021-09-19,Dubai International Cricket Stadium,1,19.3,Chennai Super Kings,Mumbai Indians,DJ Bravo,RD Gaikwad,JJ Bumrah,0,0,,,,,,caught,DJ Bravo,,
1254104,2021,2021-09-19,Dubai International Cricket Stadium,1,19.4,Chennai Super Kings,Mumbai Indians,RD Gaikwad,SN Thakur,JJ Bumrah,4,0,,,,,,,,,
1254104,2021,2021-09-19,Dubai International Cricket Stadium,1,19.5,Chennai Super Kings,Mumbai Indians,RD Gaikwad,SN Thakur,JJ Bumrah,0,1,,,,1,,,,,
1254104,2021,2021-09-19,Dubai International Cricket Stadium,1,19.6,Chennai Super Kings,Mumbai Indians,SN Thakur,RD Gaikwad,JJ Bumrah,1,0,,,,,,,,,
1254104,2021,2021-09-19,Dubai International Cricket Stadium,1,19.7,Chennai Super Kings,Mumbai Indians,RD Gaikwad,SN Thakur,JJ Bumrah,6,0,,,,,,,,,
1254104,2021,2021-09-19,Dubai International Cricket Stadium,2,0.1,Mumbai Indians,Chennai Super Kings,Q de Kock,Anmolpreet Singh,DL Chahar,0,0,,,,,,,,,
1254104,2021,2021-09-19,Dubai International Cricket Stadium,2,0.2,Mumbai Indians,Chennai Super Kings,Q de Kock,Anmolpreet Singh,DL Chahar,0,0,,,,,,,,,
1254104,2021,2021-09-19,Dubai International Cricket Stadium,2,0.3,Mumbai Indians,Chennai Super Kings,Q de Kock,Anmolpreet Singh,DL Chahar,0,0,,,,,,,,,
1254104,2021,2021-09-19,Dubai International Cricket Stadium,2,0.4,Mumbai Indians,Chennai Super Kings,Q de Kock,Anmolpreet Singh,DL Chahar,2,0,,,,,,,,,
1254104,2021,2021-09-19,Dubai International Cricket Stadium,2,0.5,Mumbai Indians,Chennai Super Kings,Q de Kock,Anmolpreet Singh,DL Chahar,0,0,,,,,,,,,
1254104,2021,2021-09-19,Dubai International Cricket Stadium,2,0.6,Mumbai Indians,Chennai Super Kings,Q de Kock,Anmolpreet Singh,DL Chahar,0,0,,,,,,,,,
1254104,2021,2021-09-19,Dubai International Cricket Stadium,2,1.1,Mumbai Indians,Chennai Super Kings,Anmolpreet Singh,Q de Kock,JR Hazlewood,0,0,,,,,,,,,
1254104,2021,2021-09-19,Dubai International Cricket Stadium,2,1.2,Mumbai Indians,Chennai Super Kings,Anmolpreet Singh,Q de Kock,JR Hazlewood,1,0,,,,,,,,,
1254104,2021,2021-09-19,Dubai International Cricket Stadium,2,1.3,Mumbai Indians,Chennai Super Kings,Q de Kock,Anmolpreet Singh,JR Hazlewood,4,0,,,,,,,,,
1254104,2021,2021-09-19,Dubai International Cricket Stadium,2,1.4,Mumbai Indians,Chennai Super Kings,Q de Kock,Anmolpreet Singh,JR Hazlewood,2,0,,,,,,,,,
1254104,2021,2021-09-19,Dubai International Cricket Stadium,2,1.5,Mumbai Indians,Chennai Super Kings,Q de Kock,Anmolpreet Singh,JR Hazlewood,4,0,,,,,,,,,
1254104,2021,2021-09-19,Dubai International Cricket Stadium,2,1.6,Mumbai Indians,Chennai Super Kings,Q de Kock,Anmolpreet Singh,JR Hazlewood,1,0,,,,,,,,,
1254104,2021,2021-09-19,Dubai International Cricket Stadium,2,2.1,Mumbai Indians,Chennai Super Kings,Q de Kock,Anmolpreet Singh,DL Chahar,4,0,,,,,,,,,
1254104,2021,2021-09-19,Dubai International Cricket Stadium,2,2.2,Mumbai Indians,Chennai Super Kings,Q de Kock,Anmolpreet Singh,DL Chahar,0,0,,,,,,lbw,Q de Kock,,
1254104,2021,2021-09-19,Dubai International Cricket Stadium,2,2.3,Mumbai Indians,Chennai Super Kings,SA Yadav,Anmolpreet Singh,DL Chahar,1,0,,,,,,,,,
1254104,2021,2021-09-19,Dubai International Cricket Stadium,2,2.4,Mumbai Indians,Chennai Super Kings,Anmolpreet Singh,SA Yadav,DL Chahar,0,0,,,,,,,,,
1254104,2021,2021-09-19,Dubai International Cricket Stadium,2,2.5,Mumbai Indians,Chennai Super Kings,Anmolpreet Singh,SA Yadav,DL Chahar,1,0,,,,,,,,,
1254104,2021,2021-09-19,Dubai International Cricket Stadium,2,2.6,Mumbai Indians,Chennai Super Kings,SA Yadav,Anmolpreet Singh,DL Chahar,0,0,,,,,,,,,
1254104,2021,2021-09-19,Dubai International Cricket Stadium,2,3.1,Mumbai Indians,Chennai Super Kings,Anmolpreet Singh,SA Yadav,JR Hazlewood,0,0,,,,,,,,,
1254104,2021,2021-09-19,Dubai International Cricket Stadium,2,3.2,Mumbai Indians,Chennai Super Kings,Anmolpreet Singh,SA Yadav,JR Hazlewood,0,0,,,,,,,,,
1254104,2021,2021-09-19,Dubai International Cricket Stadium,2,3.3,Mumbai Indians,Chennai Super Kings,Anmolpreet Singh,SA Yadav,JR Hazlewood,4,0,,,,,,,,,
1254104,2021,2021-09-19,Dubai International Cricket Stadium,2,3.4,Mumbai Indians,Chennai Super Kings,Anmolpreet Singh,SA Yadav,JR Hazlewood,0,0,,,,,,,,,
1254104,2021,2021-09-19,Dubai International Cricket Stadium,2,3.5,Mumbai Indians,Chennai Super Kings,Anmolpreet Singh,SA Yadav,JR Hazlewood,6,0,,,,,,,,,
1254104,2021,2021-09-19,Dubai International Cricket Stadium,2,3.6,Mumbai Indians,Chennai Super Kings,Anmolpreet Singh,SA Yadav,JR Hazlewood,4,0,,,,,,,,,
1254104,2021,2021-09-19,Dubai International Cricket Stadium,2,4.1,Mumbai Indians,Chennai Super Kings,SA Yadav,Anmolpreet Singh,DL Chahar,0,0,,,,,,,,,
1254104,2021,2021-09-19,Dubai International Cricket Stadium,2,4.2,Mumbai Indians,Chennai Super Kings,SA Yadav,Anmolpreet Singh,DL Chahar,1,0,,,,,,,,,
1254104,2021,2021-09-19,Dubai International Cricket Stadium,2,4.3,Mumbai Indians,Chennai Super Kings,Anmolpreet Singh,SA Yadav,DL Chahar,0,0,,,,,,,,,
1254104,2021,2021-09-19,Dubai International Cricket Stadium,2,4.4,Mumbai Indians,Chennai Super Kings,Anmolpreet Singh,SA Yadav,DL Chahar,0,0,,,,,,,,,
1254104,2021,2021-09-19,Dubai International Cricket Stadium,2,4.5,Mumbai Indians,Chennai Super Kings,Anmolpreet Singh,SA Yadav,DL Chahar,0,0,,,,,,,,,
1254104,2021,2021-09-19,Dubai International Cricket Stadium,2,4.6,Mumbai Indians,Chennai Super Kings,Anmolpreet Singh,SA Yadav,DL Chahar,0,0,,,,,,bowled,Anmolpreet Singh,,
1254104,2021,2021-09-19,Dubai International Cricket Stadium,2,5.1,Mumbai Indians,Chennai Super Kings,SA Yadav,Ishan Kishan,SN Thakur,1,0,,,,,,,,,
1254104,2021,2021-09-19,Dubai International Cricket Stadium,2,5.2,Mumbai Indians,Chennai Super Kings,Ishan Kishan,SA Yadav,SN Thakur,1,0,,,,,,,,,
1254104,2021,2021-09-19,Dubai International Cricket Stadium,2,5.3,Mumbai Indians,Chennai Super Kings,SA Yadav,Ishan Kishan,SN Thakur,0,0,,,,,,,,,
1254104,2021,2021-09-19,Dubai International Cricket Stadium,2,5.4,Mumbai Indians,Chennai Super Kings,SA Yadav,Ishan Kishan,SN Thakur,0,0,,,,,,caught,SA Yadav,,
1254104,2021,2021-09-19,Dubai International Cricket Stadium,2,5.5,Mumbai Indians,Chennai Super Kings,SS Tiwary,Ishan Kishan,SN Thakur,0,0,,,,,,,,,
1254104,2021,2021-09-19,Dubai International Cricket Stadium,2,5.6,Mumbai Indians,Chennai Super Kings,SS Tiwary,Ishan Kishan,SN Thakur,4,0,,,,,,,,,
1254104,2021,2021-09-19,Dubai International Cricket Stadium,2,6.1,Mumbai Indians,Chennai Super Kings,Ishan Kishan,SS Tiwary,MM Ali,1,0,,,,,,,,,
1254104,2021,2021-09-19,Dubai International Cricket Stadium,2,6.2,Mumbai Indians,Chennai Super Kings,SS Tiwary,Ishan Kishan,MM Ali,0,0,,,,,,,,,
1254104,2021,2021-09-19,Dubai International Cricket Stadium,2,6.3,Mumbai Indians,Chennai Super Kings,SS Tiwary,Ishan Kishan,MM Ali,0,0,,,,,,,,,
1254104,2021,2021-09-19,Dubai International Cricket Stadium,2,6.4,Mumbai Indians,Chennai Super Kings,SS Tiwary,Ishan Kishan,MM Ali,1,0,,,,,,,,,
1254104,2021,2021-09-19,Dubai International Cricket Stadium,2,6.5,Mumbai Indians,Chennai Super Kings,Ishan Kishan,SS Tiwary,MM Ali,1,0,,,,,,,,,
1254104,2021,2021-09-19,Dubai International Cricket Stadium,2,6.6,Mumbai Indians,Chennai Super Kings,SS Tiwary,Ishan Kishan,MM Ali,1,0,,,,,,,,,
1254104,2021,2021-09-19,Dubai International Cricket Stadium,2,7.1,Mumbai Indians,Chennai Super Kings,SS Tiwary,Ishan Kishan,SN Thakur,0,0,,,,,,,,,
1254104,2021,2021-09-19,Dubai International Cricket Stadium,2,7.2,Mumbai Indians,Chennai Super Kings,SS Tiwary,Ishan Kishan,SN Thakur,0,0,,,,,,,,,
1254104,2021,2021-09-19,Dubai International Cricket Stadium,2,7.3,Mumbai Indians,Chennai Super Kings,SS Tiwary,Ishan Kishan,SN Thakur,1,0,,,,,,,,,
1254104,2021,2021-09-19,Dubai International Cricket Stadium,2,7.4,Mumbai Indians,Chennai Super Kings,Ishan Kishan,SS Tiwary,SN Thakur,1,0,,,,,,,,,
1254104,2021,2021-09-19,Dubai International Cricket Stadium,2,7.5,Mumbai Indians,Chennai Super Kings,SS Tiwary,Ishan Kishan,SN Thakur,1,0,,,,,,,,,
1254104,2021,2021-09-19,Dubai International Cricket Stadium,2,7.6,Mumbai Indians,Chennai Super Kings,Ishan Kishan,SS Tiwary,SN Thakur,0,0,,,,,,,,,
1254104,2021,2021-09-19,Dubai International Cricket Stadium,2,8.1,Mumbai Indians,Chennai Super Kings,SS Tiwary,Ishan Kishan,MM Ali,1,0,,,,,,,,,
1254104,2021,2021-09-19,Dubai International Cricket Stadium,2,8.2,Mumbai Indians,Chennai Super Kings,Ishan Kishan,SS Tiwary,MM Ali,1,0,,,,,,,,,
1254104,2021,2021-09-19,Dubai International Cricket Stadium,2,8.3,Mumbai Indians,Chennai Super Kings,SS Tiwary,Ishan Kishan,MM Ali,1,0,,,,,,,,,
1254104,2021,2021-09-19,Dubai International Cricket Stadium,2,8.4,Mumbai Indians,Chennai Super Kings,Ishan Kishan,SS Tiwary,MM Ali,1,0,,,,,,,,,
1254104,2021,2021-09-19,Dubai International Cricket Stadium,2,8.5,Mumbai Indians,Chennai Super Kings,SS Tiwary,Ishan Kishan,MM Ali,1,0,,,,,,,,,
1254104,2021,2021-09-19,Dubai International Cricket Stadium,2,8.6,Mumbai Indians,Chennai Super Kings,Ishan Kishan,SS Tiwary,MM Ali,1,0,,,,,,,,,
1254104,2021,2021-09-19,Dubai International Cricket Stadium,2,9.1,Mumbai Indians,Chennai Super Kings,Ishan Kishan,SS Tiwary,DJ Bravo,4,0,,,,,,,,,
1254104,2021,2021-09-19,Dubai International Cricket Stadium,2,9.2,Mumbai Indians,Chennai Super Kings,Ishan Kishan,SS Tiwary,DJ Bravo,0,0,,,,,,caught,Ishan Kishan,,
1254104,2021,2021-09-19,Dubai International Cricket Stadium,2,9.3,Mumbai Indians,Chennai Super Kings,KA Pollard,SS Tiwary,DJ Bravo,0,0,,,,,,,,,
1254104,2021,2021-09-19,Dubai International Cricket Stadium,2,9.4,Mumbai Indians,Chennai Super Kings,KA Pollard,SS Tiwary,DJ Bravo,0,0,,,,,,,,,
1254104,2021,2021-09-19,Dubai International Cricket Stadium,2,9.5,Mumbai Indians,Chennai Super Kings,KA Pollard,SS Tiwary,DJ Bravo,0,0,,,,,,,,,
1254104,2021,2021-09-19,Dubai International Cricket Stadium,2,9.6,Mumbai Indians,Chennai Super Kings,KA Pollard,SS Tiwary,DJ Bravo,4,0,,,,,,,,,
1254104,2021,2021-09-19,Dubai International Cricket Stadium,2,10.1,Mumbai Indians,Chennai Super Kings,SS Tiwary,KA Pollard,RA Jadeja,4,0,,,,,,,,,
1254104,2021,2021-09-19,Dubai International Cricket Stadium,2,10.2,Mumbai Indians,Chennai Super Kings,SS Tiwary,KA Pollard,RA Jadeja,1,0,,,,,,,,,
1254104,2021,2021-09-19,Dubai International Cricket Stadium,2,10.3,Mumbai Indians,Chennai Super Kings,KA Pollard,SS Tiwary,RA Jadeja,1,0,,,,,,,,,
1254104,2021,2021-09-19,Dubai International Cricket Stadium,2,10.4,Mumbai Indians,Chennai Super Kings,SS Tiwary,KA Pollard,RA Jadeja,1,0,,,,,,,,,
1254104,2021,2021-09-19,Dubai International Cricket Stadium,2,10.5,Mumbai Indians,Chennai Super Kings,KA Pollard,SS Tiwary,RA Jadeja,6,0,,,,,,,,,
1254104,2021,2021-09-19,Dubai International Cricket Stadium,2,10.6,Mumbai Indians,Chennai Super Kings,KA Pollard,SS Tiwary,RA Jadeja,0,0,,,,,,,,,
1254104,2021,2021-09-19,Dubai International Cricket Stadium,2,11.1,Mumbai Indians,Chennai Super Kings,SS Tiwary,KA Pollard,DJ Bravo,0,0,,,,,,,,,
1254104,2021,2021-09-19,Dubai International Cricket Stadium,2,11.2,Mumbai Indians,Chennai Super Kings,SS Tiwary,KA Pollard,DJ Bravo,4,0,,,,,,,,,
1254104,2021,2021-09-19,Dubai International Cricket Stadium,2,11.3,Mumbai Indians,Chennai Super Kings,SS Tiwary,KA Pollard,DJ Bravo,1,0,,,,,,,,,
1254104,2021,2021-09-19,Dubai International Cricket Stadium,2,11.4,Mumbai Indians,Chennai Super Kings,KA Pollard,SS Tiwary,DJ Bravo,0,0,,,,,,,,,
1254104,2021,2021-09-19,Dubai International Cricket Stadium,2,11.5,Mumbai Indians,Chennai Super Kings,KA Pollard,SS Tiwary,DJ Bravo,0,0,,,,,,,,,
1254104,2021,2021-09-19,Dubai International Cricket Stadium,2,11.6,Mumbai Indians,Chennai Super Kings,KA Pollard,SS Tiwary,DJ Bravo,0,1,1,,,,,,,,
1254104,2021,2021-09-19,Dubai International Cricket Stadium,2,11.7,Mumbai Indians,Chennai Super Kings,KA Pollard,SS Tiwary,DJ Bravo,1,0,,,,,,,,,
1254104,2021,2021-09-19,Dubai International Cricket Stadium,2,12.1,Mumbai Indians,Chennai Super Kings,KA Pollard,SS Tiwary,SN Thakur,1,0,,,,,,,,,
1254104,2021,2021-09-19,Dubai International Cricket Stadium,2,12.2,Mumbai Indians,Chennai Super Kings,SS Tiwary,KA Pollard,SN Thakur,1,0,,,,,,,,,
1254104,2021,2021-09-19,Dubai International Cricket Stadium,2,12.3,Mumbai Indians,Chennai Super Kings,KA Pollard,SS Tiwary,SN Thakur,1,0,,,,,,,,,
1254104,2021,2021-09-19,Dubai International Cricket Stadium,2,12.4,Mumbai Indians,Chennai Super Kings,SS Tiwary,KA Pollard,SN Thakur,0,0,,,,,,,,,
1254104,2021,2021-09-19,Dubai International Cricket Stadium,2,12.5,Mumbai Indians,Chennai Super Kings,SS Tiwary,KA Pollard,SN Thakur,1,0,,,,,,,,,
1254104,2021,2021-09-19,Dubai International Cricket Stadium,2,12.6,Mumbai Indians,Chennai Super Kings,KA Pollard,SS Tiwary,SN Thakur,1,0,,,,,,,,,
1254104,2021,2021-09-19,Dubai International Cricket Stadium,2,13.1,Mumbai Indians,Chennai Super Kings,KA Pollard,SS Tiwary,JR Hazlewood,0,0,,,,,,lbw,KA Pollard,,
1254104,2021,2021-09-19,Dubai International Cricket Stadium,2,13.2,Mumbai Indians,Chennai Super Kings,KH Pandya,SS Tiwary,JR Hazlewood,1,0,,,,,,,,,
1254104,2021,2021-09-19,Dubai International Cricket Stadium,2,13.3,Mumbai Indians,Chennai Super Kings,SS Tiwary,KH Pandya,JR Hazlewood,0,0,,,,,,,,,
1254104,2021,2021-09-19,Dubai International Cricket Stadium,2,13.4,Mumbai Indians,Chennai Super Kings,SS Tiwary,KH Pandya,JR Hazlewood,1,0,,,,,,,,,
1254104,2021,2021-09-19,Dubai International Cricket Stadium,2,13.5,Mumbai Indians,Chennai Super Kings,KH Pandya,SS Tiwary,JR Hazlewood,1,0,,,,,,,,,
1254104,2021,2021-09-19,Dubai International Cricket Stadium,2,13.6,Mumbai Indians,Chennai Super Kings,SS Tiwary,KH Pandya,JR Hazlewood,1,0,,,,,,,,,
1254104,2021,2021-09-19,Dubai International Cricket Stadium,2,14.1,Mumbai Indians,Chennai Super Kings,SS Tiwary,KH Pandya,MM Ali,1,0,,,,,,,,,
1254104,2021,2021-09-19,Dubai International Cricket Stadium,2,14.2,Mumbai Indians,Chennai Super Kings,KH Pandya,SS Tiwary,MM Ali,2,0,,,,,,,,,
1254104,2021,2021-09-19,Dubai International Cricket Stadium,2,14.3,Mumbai Indians,Chennai Super Kings,KH Pandya,SS Tiwary,MM Ali,0,0,,,,,,,,,
1254104,2021,2021-09-19,Dubai International Cricket Stadium,2,14.4,Mumbai Indians,Chennai Super Kings,KH Pandya,SS Tiwary,MM Ali,0,0,,,,,,run out,KH Pandya,,
1254104,2021,2021-09-19,Dubai International Cricket Stadium,2,14.5,Mumbai Indians,Chennai Super Kings,AF Milne,SS Tiwary,MM Ali,1,0,,,,,,,,,
1254104,2021,2021-09-19,Dubai International Cricket Stadium,2,14.6,Mumbai Indians,Chennai Super Kings,SS Tiwary,AF Milne,MM Ali,2,0,,,,,,,,,
1254104,2021,2021-09-19,Dubai International Cricket Stadium,2,15.1,Mumbai Indians,Chennai Super Kings,AF Milne,SS Tiwary,DJ Bravo,1,0,,,,,,,,,
1254104,2021,2021-09-19,Dubai International Cricket Stadium,2,15.2,Mumbai Indians,Chennai Super Kings,SS Tiwary,AF Milne,DJ Bravo,2,0,,,,,,,,,
1254104,2021,2021-09-19,Dubai International Cricket Stadium,2,15.3,Mumbai Indians,Chennai Super Kings,SS Tiwary,AF Milne,DJ Bravo,1,0,,,,,,,,,
1254104,2021,2021-09-19,Dubai International Cricket Stadium,2,15.4,Mumbai Indians,Chennai Super Kings,AF Milne,SS Tiwary,DJ Bravo,1,0,,,,,,,,,
1254104,2021,2021-09-19,Dubai International Cricket Stadium,2,15.5,Mumbai Indians,Chennai Super Kings,SS Tiwary,AF Milne,DJ Bravo,0,1,1,,,,,,,,
1254104,2021,2021-09-19,Dubai International Cricket Stadium,2,15.6,Mumbai Indians,Chennai Super Kings,SS Tiwary,AF Milne,DJ Bravo,1,0,,,,,,,,,
1254104,2021,2021-09-19,Dubai International Cricket Stadium,2,15.7,Mumbai Indians,Chennai Super Kings,AF Milne,SS Tiwary,DJ Bravo,0,0,,,,,,,,,
1254104,2021,2021-09-19,Dubai International Cricket Stadium,2,16.1,Mumbai Indians,Chennai Super Kings,SS Tiwary,AF Milne,JR Hazlewood,1,0,,,,,,,,,
1254104,2021,2021-09-19,Dubai International Cricket Stadium,2,16.2,Mumbai Indians,Chennai Super Kings,AF Milne,SS Tiwary,JR Hazlewood,0,0,,,,,,,,,
1254104,2021,2021-09-19,Dubai International Cricket Stadium,2,16.3,Mumbai Indians,Chennai Super Kings,AF Milne,SS Tiwary,JR Hazlewood,1,0,,,,,,,,,
1254104,2021,2021-09-19,Dubai International Cricket Stadium,2,16.4,Mumbai Indians,Chennai Super Kings,SS Tiwary,AF Milne,JR Hazlewood,1,0,,,,,,,,,
1254104,2021,2021-09-19,Dubai International Cricket Stadium,2,16.5,Mumbai Indians,Chennai Super Kings,AF Milne,SS Tiwary,JR Hazlewood,0,0,,,,,,,,,
1254104,2021,2021-09-19,Dubai International Cricket Stadium,2,16.6,Mumbai Indians,Chennai Super Kings,AF Milne,SS Tiwary,JR Hazlewood,1,0,,,,,,,,,
1254104,2021,2021-09-19,Dubai International Cricket Stadium,2,17.1,Mumbai Indians,Chennai Super Kings,AF Milne,SS Tiwary,DL Chahar,1,0,,,,,,,,,
1254104,2021,2021-09-19,Dubai International Cricket Stadium,2,17.2,Mumbai Indians,Chennai Super Kings,SS Tiwary,AF Milne,DL Chahar,4,0,,,,,,,,,
1254104,2021,2021-09-19,Dubai International Cricket Stadium,2,17.3,Mumbai Indians,Chennai Super Kings,SS Tiwary,AF Milne,DL Chahar,2,0,,,,,,,,,
1254104,2021,2021-09-19,Dubai International Cricket Stadium,2,17.4,Mumbai Indians,Chennai Super Kings,SS Tiwary,AF Milne,DL Chahar,1,0,,,,,,,,,
1254104,2021,2021-09-19,Dubai International Cricket Stadium,2,17.5,Mumbai Indians,Chennai Super Kings,AF Milne,SS Tiwary,DL Chahar,1,0,,,,,,,,,
1254104,2021,2021-09-19,Dubai International Cricket Stadium,2,17.6,Mumbai Indians,Chennai Super Kings,SS Tiwary,AF Milne,DL Chahar,1,0,,,,,,,,,
1254104,2021,2021-09-19,Dubai International Cricket Stadium,2,18.1,Mumbai Indians,Chennai Super Kings,SS Tiwary,AF Milne,SN Thakur,4,0,,,,,,,,,
1254104,2021,2021-09-19,Dubai International Cricket Stadium,2,18.2,Mumbai Indians,Chennai Super Kings,SS Tiwary,AF Milne,SN Thakur,1,0,,,,,,,,,
1254104,2021,2021-09-19,Dubai International Cricket Stadium,2,18.3,Mumbai Indians,Chennai Super Kings,AF Milne,SS Tiwary,SN Thakur,2,0,,,,,,,,,
1254104,2021,2021-09-19,Dubai International Cricket Stadium,2,18.4,Mumbai Indians,Chennai Super Kings,AF Milne,SS Tiwary,SN Thakur,6,0,,,,,,,,,
1254104,2021,2021-09-19,Dubai International Cricket Stadium,2,18.5,Mumbai Indians,Chennai Super Kings,AF Milne,SS Tiwary,SN Thakur,0,0,,,,,,,,,
1254104,2021,2021-09-19,Dubai International Cricket Stadium,2,18.6,Mumbai Indians,Chennai Super Kings,AF Milne,SS Tiwary,SN Thakur,0,1,1,,,,,,,,
1254104,2021,2021-09-19,Dubai International Cricket Stadium,2,18.7,Mumbai Indians,Chennai Super Kings,AF Milne,SS Tiwary,SN Thakur,0,1,1,,,,,,,,
1254104,2021,2021-09-19,Dubai International Cricket Stadium,2,18.8,Mumbai Indians,Chennai Super Kings,AF Milne,SS Tiwary,SN Thakur,0,0,,,,,,,,,
1254104,2021,2021-09-19,Dubai International Cricket Stadium,2,19.1,Mumbai Indians,Chennai Super Kings,SS Tiwary,AF Milne,DJ Bravo,1,0,,,,,,,,,
1254104,2021,2021-09-19,Dubai International Cricket Stadium,2,19.2,Mumbai Indians,Chennai Super Kings,AF Milne,SS Tiwary,DJ Bravo,0,0,,,,,,caught,AF Milne,,
1254104,2021,2021-09-19,Dubai International Cricket Stadium,2,19.3,Mumbai Indians,Chennai Super Kings,SS Tiwary,RD Chahar,DJ Bravo,1,0,,,,,,,,,
1254104,2021,2021-09-19,Dubai International Cricket Stadium,2,19.4,Mumbai Indians,Chennai Super Kings,RD Chahar,SS Tiwary,DJ Bravo,0,0,,,,,,caught,RD Chahar,,
1254104,2021,2021-09-19,Dubai International Cricket Stadium,2,19.5,Mumbai Indians,Chennai Super Kings,JJ Bumrah,SS Tiwary,DJ Bravo,0,0,,,,,,,,,
1254104,2021,2021-09-19,Dubai International Cricket Stadium,2,19.6,Mumbai Indians,Chennai Super Kings,JJ Bumrah,SS Tiwary,DJ Bravo,1,0,,,,,,,,,
