match_id,season,start_date,venue,innings,ball,batting_team,bowling_team,striker,non_striker,bowler,runs_off_bat,extras,wides,noballs,byes,legbyes,penalty,wicket_type,player_dismissed,other_wicket_type,other_player_dismissed
1254096,2021,2021-09-23,"Zayed Cricket Stadium, Abu Dhabi",1,0.1,Mumbai Indians,Kolkata Knight Riders,RG Sharma,Q de Kock,N Rana,4,0,,,,,,,,,
1254096,2021,2021-09-23,"Zayed Cricket Stadium, Abu Dhabi",1,0.2,Mumbai Indians,Kolkata Knight Riders,RG Sharma,Q de Kock,N Rana,0,0,,,,,,,,,
1254096,2021,2021-09-23,"Zayed Cricket Stadium, Abu Dhabi",1,0.3,Mumbai Indians,Kolkata Knight Riders,RG Sharma,Q de Kock,N Rana,0,0,,,,,,,,,
1254096,2021,2021-09-23,"Zayed Cricket Stadium, Abu Dhabi",1,0.4,Mumbai Indians,Kolkata Knight Riders,RG Sharma,Q de Kock,N Rana,0,0,,,,,,,,,
1254096,2021,2021-09-23,"Zayed Cricket Stadium, Abu Dhabi",1,0.5,Mumbai Indians,Kolkata Knight Riders,RG Sharma,Q de Kock,N Rana,1,0,,,,,,,,,
1254096,2021,2021-09-23,"Zayed Cricket Stadium, Abu Dhabi",1,0.6,Mumbai Indians,Kolkata Knight Riders,Q de Kock,RG Sharma,N Rana,0,0,,,,,,,,,
1254096,2021,2021-09-23,"Zayed Cricket Stadium, Abu Dhabi",1,1.1,Mumbai Indians,Kolkata Knight Riders,RG Sharma,Q de Kock,CV Varun,0,0,,,,,,,,,
1254096,2021,2021-09-23,"Zayed Cricket Stadium, Abu Dhabi",1,1.2,Mumbai Indians,Kolkata Knight Riders,RG Sharma,Q de Kock,CV Varun,0,0,,,,,,,,,
1254096,2021,2021-09-23,"Zayed Cricket Stadium, Abu Dhabi",1,1.3,Mumbai Indians,Kolkata Knight Riders,RG Sharma,Q de Kock,CV Varun,0,1,1,,,,,,,,
1254096,2021,2021-09-23,"Zayed Cricket Stadium, Abu Dhabi",1,1.4,Mumbai Indians,Kolkata Knight Riders,RG Sharma,Q de Kock,CV Varun,1,0,,,,,,,,,
1254096,2021,2021-09-23,"Zayed Cricket Stadium, Abu Dhabi",1,1.5,Mumbai Indians,Kolkata Knight Riders,Q de Kock,RG Sharma,CV Varun,0,0,,,,,,,,,
1254096,2021,2021-09-23,"Zayed Cricket Stadium, Abu Dhabi",1,1.6,Mumbai Indians,Kolkata Knight Riders,Q de Kock,RG Sharma,CV Varun,1,0,,,,,,,,,
1254096,2021,2021-09-23,"Zayed Cricket Stadium, Abu Dhabi",1,1.7,Mumbai Indians,Kolkata Knight Riders,RG Sharma,Q de Kock,CV Varun,1,0,,,,,,,,,
1254096,2021,2021-09-23,"Zayed Cricket Stadium, Abu Dhabi",1,2.1,Mumbai Indians,Kolkata Knight Riders,RG Sharma,Q de Kock,SP Narine,1,0,,,,,,,,,
1254096,2021,2021-09-23,"Zayed Cricket Stadium, Abu Dhabi",1,2.2,Mumbai Indians,Kolkata Knight Riders,Q de Kock,RG Sharma,SP Narine,1,0,,,,,,,,,
1254096,2021,2021-09-23,"Zayed Cricket Stadium, Abu Dhabi",1,2.3,Mumbai Indians,Kolkata Knight Riders,RG Sharma,Q de Kock,SP Narine,4,0,,,,,,,,,
1254096,2021,2021-09-23,"Zayed Cricket Stadium, Abu Dhabi",1,2.4,Mumbai Indians,Kolkata Knight Riders,RG Sharma,Q de Kock,SP Narine,1,0,,,,,,,,,
1254096,2021,2021-09-23,"Zayed Cricket Stadium, Abu Dhabi",1,2.5,Mumbai Indians,Kolkata Knight Riders,Q de Kock,RG Sharma,SP Narine,0,0,,,,,,,,,
1254096,2021,2021-09-23,"Zayed Cricket Stadium, Abu Dhabi",1,2.6,Mumbai Indians,Kolkata Knight Riders,Q de Kock,RG Sharma,SP Narine,4,0,,,,,,,,,
1254096,2021,2021-09-23,"Zayed Cricket Stadium, Abu Dhabi",1,3.1,Mumbai Indians,Kolkata Knight Riders,RG Sharma,Q de Kock,CV Varun,4,0,,,,,,,,,
1254096,2021,2021-09-23,"Zayed Cricket Stadium, Abu Dhabi",1,3.2,Mumbai Indians,Kolkata Knight Riders,RG Sharma,Q de Kock,CV Varun,4,0,,,,,,,,,
1254096,2021,2021-09-23,"Zayed Cricket Stadium, Abu Dhabi",1,3.3,Mumbai Indians,Kolkata Knight Riders,RG Sharma,Q de Kock,CV Varun,0,0,,,,,,,,,
1254096,2021,2021-09-23,"Zayed Cricket Stadium, Abu Dhabi",1,3.4,Mumbai Indians,Kolkata Knight Riders,RG Sharma,Q de Kock,CV Varun,1,0,,,,,,,,,
1254096,2021,2021-09-23,"Zayed Cricket Stadium, Abu Dhabi",1,3.5,Mumbai Indians,Kolkata Knight Riders,Q de Kock,RG Sharma,CV Varun,0,0,,,,,,,,,
1254096,2021,2021-09-23,"Zayed Cricket Stadium, Abu Dhabi",1,3.6,Mumbai Indians,Kolkata Knight Riders,Q de Kock,RG Sharma,CV Varun,0,0,,,,,,,,,
1254096,2021,2021-09-23,"Zayed Cricket Stadium, Abu Dhabi",1,4.1,Mumbai Indians,Kolkata Knight Riders,RG Sharma,Q de Kock,LH Ferguson,1,0,,,,,,,,,
1254096,2021,2021-09-23,"Zayed Cricket Stadium, Abu Dhabi",1,4.2,Mumbai Indians,Kolkata Knight Riders,Q de Kock,RG Sharma,LH Ferguson,0,0,,,,,,,,,
1254096,2021,2021-09-23,"Zayed Cricket Stadium, Abu Dhabi",1,4.3,Mumbai Indians,Kolkata Knight Riders,Q de Kock,RG Sharma,LH Ferguson,1,0,,,,,,,,,
1254096,2021,2021-09-23,"Zayed Cricket Stadium, Abu Dhabi",1,4.4,Mumbai Indians,Kolkata Knight Riders,RG Sharma,Q de Kock,LH Ferguson,2,0,,,,,,,,,
1254096,2021,2021-09-23,"Zayed Cricket Stadium, Abu Dhabi",1,4.5,Mumbai Indians,Kolkata Knight Riders,RG Sharma,Q de Kock,LH Ferguson,1,0,,,,,,,,,
1254096,2021,2021-09-23,"Zayed Cricket Stadium, Abu Dhabi",1,4.6,Mumbai Indians,Kolkata Knight Riders,Q de Kock,RG Sharma,LH Ferguson,6,0,,,,,,,,,
1254096,2021,2021-09-23,"Zayed Cricket Stadium, Abu Dhabi",1,5.1,Mumbai Indians,Kolkata Knight Riders,RG Sharma,Q de Kock,M Prasidh Krishna,1,0,,,,,,,,,
1254096,2021,2021-09-23,"Zayed Cricket Stadium, Abu Dhabi",1,5.2,Mumbai Indians,Kolkata Knight Riders,Q de Kock,RG Sharma,M Prasidh Krishna,0,0,,,,,,,,,
1254096,2021,2021-09-23,"Zayed Cricket Stadium, Abu Dhabi",1,5.3,Mumbai Indians,Kolkata Knight Riders,Q de Kock,RG Sharma,M Prasidh Krishna,6,0,,,,,,,,,
1254096,2021,2021-09-23,"Zayed Cricket Stadium, Abu Dhabi",1,5.4,Mumbai Indians,Kolkata Knight Riders,Q de Kock,RG Sharma,M Prasidh Krishna,0,0,,,,,,,,,
1254096,2021,2021-09-23,"Zayed Cricket Stadium, Abu Dhabi",1,5.5,Mumbai Indians,Kolkata Knight Riders,Q de Kock,RG Sharma,M Prasidh Krishna,0,1,1,,,,,,,,
1254096,2021,2021-09-23,"Zayed Cricket Stadium, Abu Dhabi",1,5.6,Mumbai Indians,Kolkata Knight Riders,Q de Kock,RG Sharma,M Prasidh Krishna,6,0,,,,,,,,,
1254096,2021,2021-09-23,"Zayed Cricket Stadium, Abu Dhabi",1,5.7,Mumbai Indians,Kolkata Knight Riders,Q de Kock,RG Sharma,M Prasidh Krishna,2,0,,,,,,,,,
1254096,2021,2021-09-23,"Zayed Cricket Stadium, Abu Dhabi",1,6.1,Mumbai Indians,Kolkata Knight Riders,RG Sharma,Q de Kock,SP Narine,1,0,,,,,,,,,
1254096,2021,2021-09-23,"Zayed Cricket Stadium, Abu Dhabi",1,6.2,Mumbai Indians,Kolkata Knight Riders,Q de Kock,RG Sharma,SP Narine,1,0,,,,,,,,,
1254096,2021,2021-09-23,"Zayed Cricket Stadium, Abu Dhabi",1,6.3,Mumbai Indians,Kolkata Knight Riders,RG Sharma,Q de Kock,SP Narine,0,0,,,,,,,,,
1254096,2021,2021-09-23,"Zayed Cricket Stadium, Abu Dhabi",1,6.4,Mumbai Indians,Kolkata Knight Riders,RG Sharma,Q de Kock,SP Narine,0,0,,,,,,,,,
1254096,2021,2021-09-23,"Zayed Cricket Stadium, Abu Dhabi",1,6.5,Mumbai Indians,Kolkata Knight Riders,RG Sharma,Q de Kock,SP Narine,1,0,,,,,,,,,
1254096,2021,2021-09-23,"Zayed Cricket Stadium, Abu Dhabi",1,6.6,Mumbai Indians,Kolkata Knight Riders,Q de Kock,RG Sharma,SP Narine,1,0,,,,,,,,,
1254096,2021,2021-09-23,"Zayed Cricket Stadium, Abu Dhabi",1,7.1,Mumbai Indians,Kolkata Knight Riders,Q de Kock,RG Sharma,CV Varun,1,0,,,,,,,,,
1254096,2021,2021-09-23,"Zayed Cricket Stadium, Abu Dhabi",1,7.2,Mumbai Indians,Kolkata Knight Riders,RG Sharma,Q de Kock,CV Varun,1,0,,,,,,,,,
1254096,2021,2021-09-23,"Zayed Cricket Stadium, Abu Dhabi",1,7.3,Mumbai Indians,Kolkata Knight Riders,Q de Kock,RG Sharma,CV Varun,0,0,,,,,,,,,
1254096,2021,2021-09-23,"Zayed Cricket Stadium, Abu Dhabi",1,7.4,Mumbai Indians,Kolkata Knight Riders,Q de Kock,RG Sharma,CV Varun,1,0,,,,,,,,,
1254096,2021,2021-09-23,"Zayed Cricket Stadium, Abu Dhabi",1,7.5,Mumbai Indians,Kolkata Knight Riders,RG Sharma,Q de Kock,CV Varun,0,0,,,,,,,,,
1254096,2021,2021-09-23,"Zayed Cricket Stadium, Abu Dhabi",1,7.6,Mumbai Indians,Kolkata Knight Riders,RG Sharma,Q de Kock,CV Varun,0,0,,,,,,,,,
1254096,2021,2021-09-23,"Zayed Cricket Stadium, Abu Dhabi",1,8.1,Mumbai Indians,Kolkata Knight Riders,Q de Kock,RG Sharma,AD Russell,4,0,,,,,,,,,
1254096,2021,2021-09-23,"Zayed Cricket Stadium, Abu Dhabi",1,8.2,Mumbai Indians,Kolkata Knight Riders,Q de Kock,RG Sharma,AD Russell,4,0,,,,,,,,,
1254096,2021,2021-09-23,"Zayed Cricket Stadium, Abu Dhabi",1,8.3,Mumbai Indians,Kolkata Knight Riders,Q de Kock,RG Sharma,AD Russell,1,0,,,,,,,,,
1254096,2021,2021-09-23,"Zayed Cricket Stadium, Abu Dhabi",1,8.4,Mumbai Indians,Kolkata Knight Riders,RG Sharma,Q de Kock,AD Russell,1,0,,,,,,,,,
1254096,2021,2021-09-23,"Zayed Cricket Stadium, Abu Dhabi",1,8.5,Mumbai Indians,Kolkata Knight Riders,Q de Kock,RG Sharma,AD Russell,1,0,,,,,,,,,
1254096,2021,2021-09-23,"Zayed Cricket Stadium, Abu Dhabi",1,8.6,Mumbai Indians,Kolkata Knight Riders,RG Sharma,Q de Kock,AD Russell,0,1,1,,,,,,,,
1254096,2021,2021-09-23,"Zayed Cricket Stadium, Abu Dhabi",1,8.7,Mumbai Indians,Kolkata Knight Riders,RG Sharma,Q de Kock,AD Russell,2,0,,,,,,,,,
1254096,2021,2021-09-23,"Zayed Cricket Stadium, Abu Dhabi",1,9.1,Mumbai Indians,Kolkata Knight Riders,Q de Kock,RG Sharma,SP Narine,1,0,,,,,,,,,
1254096,2021,2021-09-23,"Zayed Cricket Stadium, Abu Dhabi",1,9.2,Mumbai Indians,Kolkata Knight Riders,RG Sharma,Q de Kock,SP Narine,0,0,,,,,,caught,RG Sharma,,
1254096,2021,2021-09-23,"Zayed Cricket Stadium, Abu Dhabi",1,9.3,Mumbai Indians,Kolkata Knight Riders,SA Yadav,Q de Kock,SP Narine,0,0,,,,,,,,,
1254096,2021,2021-09-23,"Zayed Cricket Stadium, Abu Dhabi",1,9.4,Mumbai Indians,Kolkata Knight Riders,SA Yadav,Q de Kock,SP Narine,0,0,,,,,,,,,
1254096,2021,2021-09-23,"Zayed Cricket Stadium, Abu Dhabi",1,9.5,Mumbai Indians,Kolkata Knight Riders,SA Yadav,Q de Kock,SP Narine,1,0,,,,,,,,,
1254096,2021,2021-09-23,"Zayed Cricket Stadium, Abu Dhabi",1,9.6,Mumbai Indians,Kolkata Knight Riders,Q de Kock,SA Yadav,SP Narine,1,0,,,,,,,,,
1254096,2021,2021-09-23,"Zayed Cricket Stadium, Abu Dhabi",1,10.1,Mumbai Indians,Kolkata Knight Riders,Q de Kock,SA Yadav,CV Varun,1,0,,,,,,,,,
1254096,2021,2021-09-23,"Zayed Cricket Stadium, Abu Dhabi",1,10.2,Mumbai Indians,Kolkata Knight Riders,SA Yadav,Q de Kock,CV Varun,1,0,,,,,,,,,
1254096,2021,2021-09-23,"Zayed Cricket Stadium, Abu Dhabi",1,10.3,Mumbai Indians,Kolkata Knight Riders,Q de Kock,SA Yadav,CV Varun,1,0,,,,,,,,,
1254096,2021,2021-09-23,"Zayed Cricket Stadium, Abu Dhabi",1,10.4,Mumbai Indians,Kolkata Knight Riders,SA Yadav,Q de Kock,CV Varun,1,0,,,,,,,,,
1254096,2021,2021-09-23,"Zayed Cricket Stadium, Abu Dhabi",1,10.5,Mumbai Indians,Kolkata Knight Riders,Q de Kock,SA Yadav,CV Varun,1,0,,,,,,,,,
1254096,2021,2021-09-23,"Zayed Cricket Stadium, Abu Dhabi",1,10.6,Mumbai Indians,Kolkata Knight Riders,SA Yadav,Q de Kock,CV Varun,1,0,,,,,,,,,
1254096,2021,2021-09-23,"Zayed Cricket Stadium, Abu Dhabi",1,11.1,Mumbai Indians,Kolkata Knight Riders,SA Yadav,Q de Kock,SP Narine,0,0,,,,,,,,,
1254096,2021,2021-09-23,"Zayed Cricket Stadium, Abu Dhabi",1,11.2,Mumbai Indians,Kolkata Knight Riders,SA Yadav,Q de Kock,SP Narine,0,1,,,,1,,,,,
1254096,2021,2021-09-23,"Zayed Cricket Stadium, Abu Dhabi",1,11.3,Mumbai Indians,Kolkata Knight Riders,Q de Kock,SA Yadav,SP Narine,0,0,,,,,,,,,
1254096,2021,2021-09-23,"Zayed Cricket Stadium, Abu Dhabi",1,11.4,Mumbai Indians,Kolkata Knight Riders,Q de Kock,SA Yadav,SP Narine,0,0,,,,,,,,,
1254096,2021,2021-09-23,"Zayed Cricket Stadium, Abu Dhabi",1,11.5,Mumbai Indians,Kolkata Knight Riders,Q de Kock,SA Yadav,SP Narine,1,0,,,,,,,,,
1254096,2021,2021-09-23,"Zayed Cricket Stadium, Abu Dhabi",1,11.6,Mumbai Indians,Kolkata Knight Riders,SA Yadav,Q de Kock,SP Narine,1,0,,,,,,,,,
1254096,2021,2021-09-23,"Zayed Cricket Stadium, Abu Dhabi",1,12.1,Mumbai Indians,Kolkata Knight Riders,SA Yadav,Q de Kock,M Prasidh Krishna,0,0,,,,,,caught,SA Yadav,,
1254096,2021,2021-09-23,"Zayed Cricket Stadium, Abu Dhabi",1,12.2,Mumbai Indians,Kolkata Knight Riders,Ishan Kishan,Q de Kock,M Prasidh Krishna,0,0,,,,,,,,,
1254096,2021,2021-09-23,"Zayed Cricket Stadium, Abu Dhabi",1,12.3,Mumbai Indians,Kolkata Knight Riders,Ishan Kishan,Q de Kock,M Prasidh Krishna,0,0,,,,,,,,,
1254096,2021,2021-09-23,"Zayed Cricket Stadium, Abu Dhabi",1,12.4,Mumbai Indians,Kolkata Knight Riders,Ishan Kishan,Q de Kock,M Prasidh Krishna,2,0,,,,,,,,,
1254096,2021,2021-09-23,"Zayed Cricket Stadium, Abu Dhabi",1,12.5,Mumbai Indians,Kolkata Knight Riders,Ishan Kishan,Q de Kock,M Prasidh Krishna,1,0,,,,,,,,,
1254096,2021,2021-09-23,"Zayed Cricket Stadium, Abu Dhabi",1,12.6,Mumbai Indians,Kolkata Knight Riders,Q de Kock,Ishan Kishan,M Prasidh Krishna,1,0,,,,,,,,,
1254096,2021,2021-09-23,"Zayed Cricket Stadium, Abu Dhabi",1,13.1,Mumbai Indians,Kolkata Knight Riders,Q de Kock,Ishan Kishan,LH Ferguson,1,0,,,,,,,,,
1254096,2021,2021-09-23,"Zayed Cricket Stadium, Abu Dhabi",1,13.2,Mumbai Indians,Kolkata Knight Riders,Ishan Kishan,Q de Kock,LH Ferguson,1,0,,,,,,,,,
1254096,2021,2021-09-23,"Zayed Cricket Stadium, Abu Dhabi",1,13.3,Mumbai Indians,Kolkata Knight Riders,Q de Kock,Ishan Kishan,LH Ferguson,0,0,,,,,,,,,
1254096,2021,2021-09-23,"Zayed Cricket Stadium, Abu Dhabi",1,13.4,Mumbai Indians,Kolkata Knight Riders,Q de Kock,Ishan Kishan,LH Ferguson,1,0,,,,,,,,,
1254096,2021,2021-09-23,"Zayed Cricket Stadium, Abu Dhabi",1,13.5,Mumbai Indians,Kolkata Knight Riders,Ishan Kishan,Q de Kock,LH Ferguson,1,0,,,,,,,,,
1254096,2021,2021-09-23,"Zayed Cricket Stadium, Abu Dhabi",1,13.6,Mumbai Indians,Kolkata Knight Riders,Q de Kock,Ishan Kishan,LH Ferguson,4,0,,,,,,,,,
1254096,2021,2021-09-23,"Zayed Cricket Stadium, Abu Dhabi",1,14.1,Mumbai Indians,Kolkata Knight Riders,Ishan Kishan,Q de Kock,M Prasidh Krishna,1,0,,,,,,,,,
1254096,2021,2021-09-23,"Zayed Cricket Stadium, Abu Dhabi",1,14.2,Mumbai Indians,Kolkata Knight Riders,Q de Kock,Ishan Kishan,M Prasidh Krishna,0,0,,,,,,,,,
1254096,2021,2021-09-23,"Zayed Cricket Stadium, Abu Dhabi",1,14.3,Mumbai Indians,Kolkata Knight Riders,Q de Kock,Ishan Kishan,M Prasidh Krishna,1,0,,,,,,,,,
1254096,2021,2021-09-23,"Zayed Cricket Stadium, Abu Dhabi",1,14.4,Mumbai Indians,Kolkata Knight Riders,Ishan Kishan,Q de Kock,M Prasidh Krishna,1,1,,1,,,,,,,
1254096,2021,2021-09-23,"Zayed Cricket Stadium, Abu Dhabi",1,14.5,Mumbai Indians,Kolkata Knight Riders,Q de Kock,Ishan Kishan,M Prasidh Krishna,0,1,1,,,,,,,,
1254096,2021,2021-09-23,"Zayed Cricket Stadium, Abu Dhabi",1,14.6,Mumbai Indians,Kolkata Knight Riders,Q de Kock,Ishan Kishan,M Prasidh Krishna,0,0,,,,,,,,,
1254096,2021,2021-09-23,"Zayed Cricket Stadium, Abu Dhabi",1,14.7,Mumbai Indians,Kolkata Knight Riders,Q de Kock,Ishan Kishan,M Prasidh Krishna,0,0,,,,,,caught,Q de Kock,,
1254096,2021,2021-09-23,"Zayed Cricket Stadium, Abu Dhabi",1,14.8,Mumbai Indians,Kolkata Knight Riders,KA Pollard,Ishan Kishan,M Prasidh Krishna,0,0,,,,,,,,,
1254096,2021,2021-09-23,"Zayed Cricket Stadium, Abu Dhabi",1,15.1,Mumbai Indians,Kolkata Knight Riders,Ishan Kishan,KA Pollard,AD Russell,6,0,,,,,,,,,
1254096,2021,2021-09-23,"Zayed Cricket Stadium, Abu Dhabi",1,15.2,Mumbai Indians,Kolkata Knight Riders,Ishan Kishan,KA Pollard,AD Russell,0,0,,,,,,,,,
1254096,2021,2021-09-23,"Zayed Cricket Stadium, Abu Dhabi",1,15.3,Mumbai Indians,Kolkata Knight Riders,Ishan Kishan,KA Pollard,AD Russell,1,0,,,,,,,,,
1254096,2021,2021-09-23,"Zayed Cricket Stadium, Abu Dhabi",1,15.4,Mumbai Indians,Kolkata Knight Riders,KA Pollard,Ishan Kishan,AD Russell,4,0,,,,,,,,,
1254096,2021,2021-09-23,"Zayed Cricket Stadium, Abu Dhabi",1,15.5,Mumbai Indians,Kolkata Knight Riders,KA Pollard,Ishan Kishan,AD Russell,0,0,,,,,,,,,
1254096,2021,2021-09-23,"Zayed Cricket Stadium, Abu Dhabi",1,15.6,Mumbai Indians,Kolkata Knight Riders,KA Pollard,Ishan Kishan,AD Russell,2,0,,,,,,,,,
1254096,2021,2021-09-23,"Zayed Cricket Stadium, Abu Dhabi",1,16.1,Mumbai Indians,Kolkata Knight Riders,Ishan Kishan,KA Pollard,LH Ferguson,0,0,,,,,,,,,
1254096,2021,2021-09-23,"Zayed Cricket Stadium, Abu Dhabi",1,16.2,Mumbai Indians,Kolkata Knight Riders,Ishan Kishan,KA Pollard,LH Ferguson,0,0,,,,,,caught,Ishan Kishan,,
1254096,2021,2021-09-23,"Zayed Cricket Stadium, Abu Dhabi",1,16.3,Mumbai Indians,Kolkata Knight Riders,KA Pollard,KH Pandya,LH Ferguson,0,0,,,,,,,,,
1254096,2021,2021-09-23,"Zayed Cricket Stadium, Abu Dhabi",1,16.4,Mumbai Indians,Kolkata Knight Riders,KA Pollard,KH Pandya,LH Ferguson,1,0,,,,,,,,,
1254096,2021,2021-09-23,"Zayed Cricket Stadium, Abu Dhabi",1,16.5,Mumbai Indians,Kolkata Knight Riders,KH Pandya,KA Pollard,LH Ferguson,0,0,,,,,,,,,
1254096,2021,2021-09-23,"Zayed Cricket Stadium, Abu Dhabi",1,16.6,Mumbai Indians,Kolkata Knight Riders,KH Pandya,KA Pollard,LH Ferguson,1,0,,,,,,,,,
1254096,2021,2021-09-23,"Zayed Cricket Stadium, Abu Dhabi",1,17.1,Mumbai Indians,Kolkata Knight Riders,KH Pandya,KA Pollard,M Prasidh Krishna,1,0,,,,,,,,,
1254096,2021,2021-09-23,"Zayed Cricket Stadium, Abu Dhabi",1,17.2,Mumbai Indians,Kolkata Knight Riders,KA Pollard,KH Pandya,M Prasidh Krishna,6,0,,,,,,,,,
1254096,2021,2021-09-23,"Zayed Cricket Stadium, Abu Dhabi",1,17.3,Mumbai Indians,Kolkata Knight Riders,KA Pollard,KH Pandya,M Prasidh Krishna,4,0,,,,,,,,,
1254096,2021,2021-09-23,"Zayed Cricket Stadium, Abu Dhabi",1,17.4,Mumbai Indians,Kolkata Knight Riders,KA Pollard,KH Pandya,M Prasidh Krishna,2,1,,1,,,,,,,
1254096,2021,2021-09-23,"Zayed Cricket Stadium, Abu Dhabi",1,17.5,Mumbai Indians,Kolkata Knight Riders,KA Pollard,KH Pandya,M Prasidh Krishna,1,0,,,,,,,,,
1254096,2021,2021-09-23,"Zayed Cricket Stadium, Abu Dhabi",1,17.6,Mumbai Indians,Kolkata Knight Riders,KH Pandya,KA Pollard,M Prasidh Krishna,1,0,,,,,,,,,
1254096,2021,2021-09-23,"Zayed Cricket Stadium, Abu Dhabi",1,17.7,Mumbai Indians,Kolkata Knight Riders,KA Pollard,KH Pandya,M Prasidh Krishna,0,1,1,,,,,,,,
1254096,2021,2021-09-23,"Zayed Cricket Stadium, Abu Dhabi",1,17.8,Mumbai Indians,Kolkata Knight Riders,KA Pollard,KH Pandya,M Prasidh Krishna,0,1,1,,,,,,,,
1254096,2021,2021-09-23,"Zayed Cricket Stadium, Abu Dhabi",1,17.9,Mumbai Indians,Kolkata Knight Riders,KA Pollard,KH Pandya,M Prasidh Krishna,0,0,,,,,,,,,
1254096,2021,2021-09-23,"Zayed Cricket Stadium, Abu Dhabi",1,18.1,Mumbai Indians,Kolkata Knight Riders,KH Pandya,KA Pollard,AD Russell,2,0,,,,,,,,,
1254096,2021,2021-09-23,"Zayed Cricket Stadium, Abu Dhabi",1,18.2,Mumbai Indians,Kolkata Knight Riders,KH Pandya,KA Pollard,AD Russell,6,0,,,,,,,,,
1254096,2021,2021-09-23,"Zayed Cricket Stadium, Abu Dhabi",1,18.3,Mumbai Indians,Kolkata Knight Riders,KH Pandya,KA Pollard,AD Russell,1,0,,,,,,,,,
1254096,2021,2021-09-23,"Zayed Cricket Stadium, Abu Dhabi",1,18.4,Mumbai Indians,Kolkata Knight Riders,KA Pollard,KH Pandya,AD Russell,0,0,,,,,,,,,
1254096,2021,2021-09-23,"Zayed Cricket Stadium, Abu Dhabi",1,18.5,Mumbai Indians,Kolkata Knight Riders,KA Pollard,KH Pandya,AD Russell,1,0,,,,,,,,,
1254096,2021,2021-09-23,"Zayed Cricket Stadium, Abu Dhabi",1,18.6,Mumbai Indians,Kolkata Knight Riders,KH Pandya,KA Pollard,AD Russell,0,0,,,,,,,,,
1254096,2021,2021-09-23,"Zayed Cricket Stadium, Abu Dhabi",1,19.1,Mumbai Indians,Kolkata Knight Riders,KA Pollard,KH Pandya,LH Ferguson,0,0,,,,,,,,,
1254096,2021,2021-09-23,"Zayed Cricket Stadium, Abu Dhabi",1,19.2,Mumbai Indians,Kolkata Knight Riders,KA Pollard,KH Pandya,LH Ferguson,0,0,,,,,,run out,KA Pollard,,
1254096,2021,2021-09-23,"Zayed Cricket Stadium, Abu Dhabi",1,19.3,Mumbai Indians,Kolkata Knight Riders,KH Pandya,SS Tiwary,LH Ferguson,0,0,,,,,,caught,KH Pandya,,
1254096,2021,2021-09-23,"Zayed Cricket Stadium, Abu Dhabi",1,19.4,Mumbai Indians,Kolkata Knight Riders,SS Tiwary,AF Milne,LH Ferguson,1,0,,,,,,,,,
1254096,2021,2021-09-23,"Zayed Cricket Stadium, Abu Dhabi",1,19.5,Mumbai Indians,Kolkata Knight Riders,AF Milne,SS Tiwary,LH Ferguson,1,0,,,,,,,,,
1254096,2021,2021-09-23,"Zayed Cricket Stadium, Abu Dhabi",1,19.6,Mumbai Indians,Kolkata Knight Riders,SS Tiwary,AF Milne,LH Ferguson,4,0,,,,,,,,,
1254096,2021,2021-09-23,"Zayed Cricket Stadium, Abu Dhabi",2,0.1,Kolkata Knight Riders,Mumbai Indians,Shubman Gill,VR Iyer,TA Boult,0,0,,,,,,,,,
1254096,2021,2021-09-23,"Zayed Cricket Stadium, Abu Dhabi",2,0.2,Kolkata Knight Riders,Mumbai Indians,Shubman Gill,VR Iyer,TA Boult,6,0,,,,,,,,,
1254096,2021,2021-09-23,"Zayed Cricket Stadium, Abu Dhabi",2,0.3,Kolkata Knight Riders,Mumbai Indians,Shubman Gill,VR Iyer,TA Boult,1,0,,,,,,,,,
1254096,2021,2021-09-23,"Zayed Cricket Stadium, Abu Dhabi",2,0.4,Kolkata Knight Riders,Mumbai Indians,VR Iyer,Shubman Gill,TA Boult,6,0,,,,,,,,,
1254096,2021,2021-09-23,"Zayed Cricket Stadium, Abu Dhabi",2,0.5,Kolkata Knight Riders,Mumbai Indians,VR Iyer,Shubman Gill,TA Boult,0,0,,,,,,,,,
1254096,2021,2021-09-23,"Zayed Cricket Stadium, Abu Dhabi",2,0.6,Kolkata Knight Riders,Mumbai Indians,VR Iyer,Shubman Gill,TA Boult,2,0,,,,,,,,,
1254096,2021,2021-09-23,"Zayed Cricket Stadium, Abu Dhabi",2,1.1,Kolkata Knight Riders,Mumbai Indians,Shubman Gill,VR Iyer,AF Milne,0,0,,,,,,,,,
1254096,2021,2021-09-23,"Zayed Cricket Stadium, Abu Dhabi",2,1.2,Kolkata Knight Riders,Mumbai Indians,Shubman Gill,VR Iyer,AF Milne,1,0,,,,,,,,,
1254096,2021,2021-09-23,"Zayed Cricket Stadium, Abu Dhabi",2,1.3,Kolkata Knight Riders,Mumbai Indians,VR Iyer,Shubman Gill,AF Milne,6,0,,,,,,,,,
1254096,2021,2021-09-23,"Zayed Cricket Stadium, Abu Dhabi",2,1.4,Kolkata Knight Riders,Mumbai Indians,VR Iyer,Shubman Gill,AF Milne,4,0,,,,,,,,,
1254096,2021,2021-09-23,"Zayed Cricket Stadium, Abu Dhabi",2,1.5,Kolkata Knight Riders,Mumbai Indians,VR Iyer,Shubman Gill,AF Milne,0,0,,,,,,,,,
1254096,2021,2021-09-23,"Zayed Cricket Stadium, Abu Dhabi",2,1.6,Kolkata Knight Riders,Mumbai Indians,VR Iyer,Shubman Gill,AF Milne,4,0,,,,,,,,,
1254096,2021,2021-09-23,"Zayed Cricket Stadium, Abu Dhabi",2,2.1,Kolkata Knight Riders,Mumbai Indians,Shubman Gill,VR Iyer,JJ Bumrah,4,0,,,,,,,,,
1254096,2021,2021-09-23,"Zayed Cricket Stadium, Abu Dhabi",2,2.2,Kolkata Knight Riders,Mumbai Indians,Shubman Gill,VR Iyer,JJ Bumrah,0,0,,,,,,,,,
1254096,2021,2021-09-23,"Zayed Cricket Stadium, Abu Dhabi",2,2.3,Kolkata Knight Riders,Mumbai Indians,Shubman Gill,VR Iyer,JJ Bumrah,1,0,,,,,,,,,
1254096,2021,2021-09-23,"Zayed Cricket Stadium, Abu Dhabi",2,2.4,Kolkata Knight Riders,Mumbai Indians,VR Iyer,Shubman Gill,JJ Bumrah,4,0,,,,,,,,,
1254096,2021,2021-09-23,"Zayed Cricket Stadium, Abu Dhabi",2,2.5,Kolkata Knight Riders,Mumbai Indians,VR Iyer,Shubman Gill,JJ Bumrah,1,0,,,,,,,,,
1254096,2021,2021-09-23,"Zayed Cricket Stadium, Abu Dhabi",2,2.6,Kolkata Knight Riders,Mumbai Indians,Shubman Gill,VR Iyer,JJ Bumrah,0,0,,,,,,bowled,Shubman Gill,,
1254096,2021,2021-09-23,"Zayed Cricket Stadium, Abu Dhabi",2,3.1,Kolkata Knight Riders,Mumbai Indians,VR Iyer,RA Tripathi,TA Boult,2,0,,,,,,,,,
1254096,2021,2021-09-23,"Zayed Cricket Stadium, Abu Dhabi",2,3.2,Kolkata Knight Riders,Mumbai Indians,VR Iyer,RA Tripathi,TA Boult,1,0,,,,,,,,,
1254096,2021,2021-09-23,"Zayed Cricket Stadium, Abu Dhabi",2,3.3,Kolkata Knight Riders,Mumbai Indians,RA Tripathi,VR Iyer,TA Boult,0,0,,,,,,,,,
1254096,2021,2021-09-23,"Zayed Cricket Stadium, Abu Dhabi",2,3.4,Kolkata Knight Riders,Mumbai Indians,RA Tripathi,VR Iyer,TA Boult,0,0,,,,,,,,,
1254096,2021,2021-09-23,"Zayed Cricket Stadium, Abu Dhabi",2,3.5,Kolkata Knight Riders,Mumbai Indians,RA Tripathi,VR Iyer,TA Boult,4,0,,,,,,,,,
1254096,2021,2021-09-23,"Zayed Cricket Stadium, Abu Dhabi",2,3.6,Kolkata Knight Riders,Mumbai Indians,RA Tripathi,VR Iyer,TA Boult,1,0,,,,,,,,,
1254096,2021,2021-09-23,"Zayed Cricket Stadium, Abu Dhabi",2,4.1,Kolkata Knight Riders,Mumbai Indians,RA Tripathi,VR Iyer,KH Pandya,2,0,,,,,,,,,
1254096,2021,2021-09-23,"Zayed Cricket Stadium, Abu Dhabi",2,4.2,Kolkata Knight Riders,Mumbai Indians,RA Tripathi,VR Iyer,KH Pandya,0,0,,,,,,,,,
1254096,2021,2021-09-23,"Zayed Cricket Stadium, Abu Dhabi",2,4.3,Kolkata Knight Riders,Mumbai Indians,RA Tripathi,VR Iyer,KH Pandya,0,0,,,,,,,,,
1254096,2021,2021-09-23,"Zayed Cricket Stadium, Abu Dhabi",2,4.4,Kolkata Knight Riders,Mumbai Indians,RA Tripathi,VR Iyer,KH Pandya,1,0,,,,,,,,,
1254096,2021,2021-09-23,"Zayed Cricket Stadium, Abu Dhabi",2,4.5,Kolkata Knight Riders,Mumbai Indians,VR Iyer,RA Tripathi,KH Pandya,0,0,,,,,,,,,
1254096,2021,2021-09-23,"Zayed Cricket Stadium, Abu Dhabi",2,4.6,Kolkata Knight Riders,Mumbai Indians,VR Iyer,RA Tripathi,KH Pandya,0,0,,,,,,,,,
1254096,2021,2021-09-23,"Zayed Cricket Stadium, Abu Dhabi",2,5.1,Kolkata Knight Riders,Mumbai Indians,RA Tripathi,VR Iyer,AF Milne,2,0,,,,,,,,,
1254096,2021,2021-09-23,"Zayed Cricket Stadium, Abu Dhabi",2,5.2,Kolkata Knight Riders,Mumbai Indians,RA Tripathi,VR Iyer,AF Milne,4,0,,,,,,,,,
1254096,2021,2021-09-23,"Zayed Cricket Stadium, Abu Dhabi",2,5.3,Kolkata Knight Riders,Mumbai Indians,RA Tripathi,VR Iyer,AF Milne,1,0,,,,,,,,,
1254096,2021,2021-09-23,"Zayed Cricket Stadium, Abu Dhabi",2,5.4,Kolkata Knight Riders,Mumbai Indians,VR Iyer,RA Tripathi,AF Milne,0,1,1,,,,,,,,
1254096,2021,2021-09-23,"Zayed Cricket Stadium, Abu Dhabi",2,5.5,Kolkata Knight Riders,Mumbai Indians,VR Iyer,RA Tripathi,AF Milne,2,0,,,,,,,,,
1254096,2021,2021-09-23,"Zayed Cricket Stadium, Abu Dhabi",2,5.6,Kolkata Knight Riders,Mumbai Indians,VR Iyer,RA Tripathi,AF Milne,1,0,,,,,,,,,
1254096,2021,2021-09-23,"Zayed Cricket Stadium, Abu Dhabi",2,5.7,Kolkata Knight Riders,Mumbai Indians,RA Tripathi,VR Iyer,AF Milne,1,0,,,,,,,,,
1254096,2021,2021-09-23,"Zayed Cricket Stadium, Abu Dhabi",2,6.1,Kolkata Knight Riders,Mumbai Indians,RA Tripathi,VR Iyer,KH Pandya,1,0,,,,,,,,,
1254096,2021,2021-09-23,"Zayed Cricket Stadium, Abu Dhabi",2,6.2,Kolkata Knight Riders,Mumbai Indians,VR Iyer,RA Tripathi,KH Pandya,6,0,,,,,,,,,
1254096,2021,2021-09-23,"Zayed Cricket Stadium, Abu Dhabi",2,6.3,Kolkata Knight Riders,Mumbai Indians,VR Iyer,RA Tripathi,KH Pandya,1,0,,,,,,,,,
1254096,2021,2021-09-23,"Zayed Cricket Stadium, Abu Dhabi",2,6.4,Kolkata Knight Riders,Mumbai Indians,RA Tripathi,VR Iyer,KH Pandya,0,1,,,,1,,,,,
1254096,2021,2021-09-23,"Zayed Cricket Stadium, Abu Dhabi",2,6.5,Kolkata Knight Riders,Mumbai Indians,VR Iyer,RA Tripathi,KH Pandya,1,0,,,,,,,,,
1254096,2021,2021-09-23,"Zayed Cricket Stadium, Abu Dhabi",2,6.6,Kolkata Knight Riders,Mumbai Indians,RA Tripathi,VR Iyer,KH Pandya,1,0,,,,,,,,,
1254096,2021,2021-09-23,"Zayed Cricket Stadium, Abu Dhabi",2,7.1,Kolkata Knight Riders,Mumbai Indians,RA Tripathi,VR Iyer,RD Chahar,2,0,,,,,,,,,
1254096,2021,2021-09-23,"Zayed Cricket Stadium, Abu Dhabi",2,7.2,Kolkata Knight Riders,Mumbai Indians,RA Tripathi,VR Iyer,RD Chahar,0,0,,,,,,,,,
1254096,2021,2021-09-23,"Zayed Cricket Stadium, Abu Dhabi",2,7.3,Kolkata Knight Riders,Mumbai Indians,RA Tripathi,VR Iyer,RD Chahar,4,0,,,,,,,,,
1254096,2021,2021-09-23,"Zayed Cricket Stadium, Abu Dhabi",2,7.4,Kolkata Knight Riders,Mumbai Indians,RA Tripathi,VR Iyer,RD Chahar,1,0,,,,,,,,,
1254096,2021,2021-09-23,"Zayed Cricket Stadium, Abu Dhabi",2,7.5,Kolkata Knight Riders,Mumbai Indians,VR Iyer,RA Tripathi,RD Chahar,4,0,,,,,,,,,
1254096,2021,2021-09-23,"Zayed Cricket Stadium, Abu Dhabi",2,7.6,Kolkata Knight Riders,Mumbai Indians,VR Iyer,RA Tripathi,RD Chahar,0,0,,,,,,,,,
1254096,2021,2021-09-23,"Zayed Cricket Stadium, Abu Dhabi",2,8.1,Kolkata Knight Riders,Mumbai Indians,RA Tripathi,VR Iyer,KH Pandya,6,0,,,,,,,,,
1254096,2021,2021-09-23,"Zayed Cricket Stadium, Abu Dhabi",2,8.2,Kolkata Knight Riders,Mumbai Indians,RA Tripathi,VR Iyer,KH Pandya,0,0,,,,,,,,,
1254096,2021,2021-09-23,"Zayed Cricket Stadium, Abu Dhabi",2,8.3,Kolkata Knight Riders,Mumbai Indians,RA Tripathi,VR Iyer,KH Pandya,1,0,,,,,,,,,
1254096,2021,2021-09-23,"Zayed Cricket Stadium, Abu Dhabi",2,8.4,Kolkata Knight Riders,Mumbai Indians,VR Iyer,RA Tripathi,KH Pandya,0,0,,,,,,,,,
1254096,2021,2021-09-23,"Zayed Cricket Stadium, Abu Dhabi",2,8.5,Kolkata Knight Riders,Mumbai Indians,VR Iyer,RA Tripathi,KH Pandya,1,0,,,,,,,,,
1254096,2021,2021-09-23,"Zayed Cricket Stadium, Abu Dhabi",2,8.6,Kolkata Knight Riders,Mumbai Indians,RA Tripathi,VR Iyer,KH Pandya,4,0,,,,,,,,,
1254096,2021,2021-09-23,"Zayed Cricket Stadium, Abu Dhabi",2,9.1,Kolkata Knight Riders,Mumbai Indians,VR Iyer,RA Tripathi,JJ Bumrah,1,0,,,,,,,,,
1254096,2021,2021-09-23,"Zayed Cricket Stadium, Abu Dhabi",2,9.2,Kolkata Knight Riders,Mumbai Indians,RA Tripathi,VR Iyer,JJ Bumrah,0,0,,,,,,,,,
1254096,2021,2021-09-23,"Zayed Cricket Stadium, Abu Dhabi",2,9.3,Kolkata Knight Riders,Mumbai Indians,RA Tripathi,VR Iyer,JJ Bumrah,2,0,,,,,,,,,
1254096,2021,2021-09-23,"Zayed Cricket Stadium, Abu Dhabi",2,9.4,Kolkata Knight Riders,Mumbai Indians,RA Tripathi,VR Iyer,JJ Bumrah,4,0,,,,,,,,,
1254096,2021,2021-09-23,"Zayed Cricket Stadium, Abu Dhabi",2,9.5,Kolkata Knight Riders,Mumbai Indians,RA Tripathi,VR Iyer,JJ Bumrah,1,0,,,,,,,,,
1254096,2021,2021-09-23,"Zayed Cricket Stadium, Abu Dhabi",2,9.6,Kolkata Knight Riders,Mumbai Indians,VR Iyer,RA Tripathi,JJ Bumrah,0,5,5,,,,,,,,
1254096,2021,2021-09-23,"Zayed Cricket Stadium, Abu Dhabi",2,9.7,Kolkata Knight Riders,Mumbai Indians,VR Iyer,RA Tripathi,JJ Bumrah,1,0,,,,,,,,,
1254096,2021,2021-09-23,"Zayed Cricket Stadium, Abu Dhabi",2,10.1,Kolkata Knight Riders,Mumbai Indians,VR Iyer,RA Tripathi,RD Chahar,2,0,,,,,,,,,
1254096,2021,2021-09-23,"Zayed Cricket Stadium, Abu Dhabi",2,10.2,Kolkata Knight Riders,Mumbai Indians,VR Iyer,RA Tripathi,RD Chahar,0,0,,,,,,,,,
1254096,2021,2021-09-23,"Zayed Cricket Stadium, Abu Dhabi",2,10.3,Kolkata Knight Riders,Mumbai Indians,VR Iyer,RA Tripathi,RD Chahar,0,0,,,,,,,,,
1254096,2021,2021-09-23,"Zayed Cricket Stadium, Abu Dhabi",2,10.4,Kolkata Knight Riders,Mumbai Indians,VR Iyer,RA Tripathi,RD Chahar,1,0,,,,,,,,,
1254096,2021,2021-09-23,"Zayed Cricket Stadium, Abu Dhabi",2,10.5,Kolkata Knight Riders,Mumbai Indians,RA Tripathi,VR Iyer,RD Chahar,1,0,,,,,,,,,
1254096,2021,2021-09-23,"Zayed Cricket Stadium, Abu Dhabi",2,10.6,Kolkata Knight Riders,Mumbai Indians,VR Iyer,RA Tripathi,RD Chahar,2,0,,,,,,,,,
1254096,2021,2021-09-23,"Zayed Cricket Stadium, Abu Dhabi",2,11.1,Kolkata Knight Riders,Mumbai Indians,RA Tripathi,VR Iyer,JJ Bumrah,6,0,,,,,,,,,
1254096,2021,2021-09-23,"Zayed Cricket Stadium, Abu Dhabi",2,11.2,Kolkata Knight Riders,Mumbai Indians,RA Tripathi,VR Iyer,JJ Bumrah,4,0,,,,,,,,,
1254096,2021,2021-09-23,"Zayed Cricket Stadium, Abu Dhabi",2,11.3,Kolkata Knight Riders,Mumbai Indians,RA Tripathi,VR Iyer,JJ Bumrah,1,0,,,,,,,,,
1254096,2021,2021-09-23,"Zayed Cricket Stadium, Abu Dhabi",2,11.4,Kolkata Knight Riders,Mumbai Indians,VR Iyer,RA Tripathi,JJ Bumrah,0,0,,,,,,bowled,VR Iyer,,
1254096,2021,2021-09-23,"Zayed Cricket Stadium, Abu Dhabi",2,11.5,Kolkata Knight Riders,Mumbai Indians,EJG Morgan,RA Tripathi,JJ Bumrah,0,0,,,,,,,,,
1254096,2021,2021-09-23,"Zayed Cricket Stadium, Abu Dhabi",2,11.6,Kolkata Knight Riders,Mumbai Indians,EJG Morgan,RA Tripathi,JJ Bumrah,0,0,,,,,,,,,
1254096,2021,2021-09-23,"Zayed Cricket Stadium, Abu Dhabi",2,12.1,Kolkata Knight Riders,Mumbai Indians,RA Tripathi,EJG Morgan,RD Chahar,6,0,,,,,,,,,
1254096,2021,2021-09-23,"Zayed Cricket Stadium, Abu Dhabi",2,12.2,Kolkata Knight Riders,Mumbai Indians,RA Tripathi,EJG Morgan,RD Chahar,0,0,,,,,,,,,
1254096,2021,2021-09-23,"Zayed Cricket Stadium, Abu Dhabi",2,12.3,Kolkata Knight Riders,Mumbai Indians,RA Tripathi,EJG Morgan,RD Chahar,4,0,,,,,,,,,
1254096,2021,2021-09-23,"Zayed Cricket Stadium, Abu Dhabi",2,12.4,Kolkata Knight Riders,Mumbai Indians,RA Tripathi,EJG Morgan,RD Chahar,1,0,,,,,,,,,
1254096,2021,2021-09-23,"Zayed Cricket Stadium, Abu Dhabi",2,12.5,Kolkata Knight Riders,Mumbai Indians,EJG Morgan,RA Tripathi,RD Chahar,0,0,,,,,,,,,
1254096,2021,2021-09-23,"Zayed Cricket Stadium, Abu Dhabi",2,12.6,Kolkata Knight Riders,Mumbai Indians,EJG Morgan,RA Tripathi,RD Chahar,6,0,,,,,,,,,
1254096,2021,2021-09-23,"Zayed Cricket Stadium, Abu Dhabi",2,13.1,Kolkata Knight Riders,Mumbai Indians,RA Tripathi,EJG Morgan,AF Milne,1,0,,,,,,,,,
1254096,2021,2021-09-23,"Zayed Cricket Stadium, Abu Dhabi",2,13.2,Kolkata Knight Riders,Mumbai Indians,EJG Morgan,RA Tripathi,AF Milne,0,0,,,,,,,,,
1254096,2021,2021-09-23,"Zayed Cricket Stadium, Abu Dhabi",2,13.3,Kolkata Knight Riders,Mumbai Indians,EJG Morgan,RA Tripathi,AF Milne,0,0,,,,,,,,,
1254096,2021,2021-09-23,"Zayed Cricket Stadium, Abu Dhabi",2,13.4,Kolkata Knight Riders,Mumbai Indians,EJG Morgan,RA Tripathi,AF Milne,1,0,,,,,,,,,
1254096,2021,2021-09-23,"Zayed Cricket Stadium, Abu Dhabi",2,13.5,Kolkata Knight Riders,Mumbai Indians,RA Tripathi,EJG Morgan,AF Milne,0,0,,,,,,,,,
1254096,2021,2021-09-23,"Zayed Cricket Stadium, Abu Dhabi",2,13.6,Kolkata Knight Riders,Mumbai Indians,RA Tripathi,EJG Morgan,AF Milne,0,0,,,,,,,,,
1254096,2021,2021-09-23,"Zayed Cricket Stadium, Abu Dhabi",2,14.1,Kolkata Knight Riders,Mumbai Indians,EJG Morgan,RA Tripathi,JJ Bumrah,0,0,,,,,,caught,EJG Morgan,,
1254096,2021,2021-09-23,"Zayed Cricket Stadium, Abu Dhabi",2,14.2,Kolkata Knight Riders,Mumbai Indians,RA Tripathi,N Rana,JJ Bumrah,0,0,,,,,,,,,
1254096,2021,2021-09-23,"Zayed Cricket Stadium, Abu Dhabi",2,14.3,Kolkata Knight Riders,Mumbai Indians,RA Tripathi,N Rana,JJ Bumrah,4,0,,,,,,,,,
1254096,2021,2021-09-23,"Zayed Cricket Stadium, Abu Dhabi",2,14.4,Kolkata Knight Riders,Mumbai Indians,RA Tripathi,N Rana,JJ Bumrah,1,0,,,,,,,,,
1254096,2021,2021-09-23,"Zayed Cricket Stadium, Abu Dhabi",2,14.5,Kolkata Knight Riders,Mumbai Indians,N Rana,RA Tripathi,JJ Bumrah,1,0,,,,,,,,,
1254096,2021,2021-09-23,"Zayed Cricket Stadium, Abu Dhabi",2,14.6,Kolkata Knight Riders,Mumbai Indians,RA Tripathi,N Rana,JJ Bumrah,2,0,,,,,,,,,
1254096,2021,2021-09-23,"Zayed Cricket Stadium, Abu Dhabi",2,15.1,Kolkata Knight Riders,Mumbai Indians,N Rana,RA Tripathi,RG Sharma,4,0,,,,,,,,,
