match_id,season,start_date,venue,innings,ball,batting_team,bowling_team,striker,non_striker,bowler,runs_off_bat,extras,wides,noballs,byes,legbyes,penalty,wicket_type,player_dismissed,other_wicket_type,other_player_dismissed
1254106,2021,2021-10-07,Sharjah Cricket Stadium,1,0.1,Kolkata Knight Riders,Rajasthan Royals,Shubman Gill,VR Iyer,JD Unadkat,0,0,,,,,,,,,
1254106,2021,2021-10-07,Sharjah Cricket Stadium,1,0.2,Kolkata Knight Riders,Rajasthan Royals,Shubman Gill,VR Iyer,JD Unadkat,2,0,,,,,,,,,
1254106,2021,2021-10-07,Sharjah Cricket Stadium,1,0.3,Kolkata Knight Riders,Rajasthan Royals,Shubman Gill,VR Iyer,JD Unadkat,4,0,,,,,,,,,
1254106,2021,2021-10-07,Sharjah Cricket Stadium,1,0.4,Kolkata Knight Riders,Rajasthan Royals,Shubman Gill,VR Iyer,JD Unadkat,0,0,,,,,,,,,
1254106,2021,2021-10-07,Sharjah Cricket Stadium,1,0.5,Kolkata Knight Riders,Rajasthan Royals,Shubman Gill,VR Iyer,JD Unadkat,1,0,,,,,,,,,
1254106,2021,2021-10-07,Sharjah Cricket Stadium,1,0.6,Kolkata Knight Riders,Rajasthan Royals,VR Iyer,Shubman Gill,JD Unadkat,1,0,,,,,,,,,
1254106,2021,2021-10-07,Sharjah Cricket Stadium,1,1.1,Kolkata Knight Riders,Rajasthan Royals,VR Iyer,Shubman Gill,CH Morris,0,0,,,,,,,,,
1254106,2021,2021-10-07,Sharjah Cricket Stadium,1,1.2,Kolkata Knight Riders,Rajasthan Royals,VR Iyer,Shubman Gill,CH Morris,0,0,,,,,,,,,
1254106,2021,2021-10-07,Sharjah Cricket Stadium,1,1.3,Kolkata Knight Riders,Rajasthan Royals,VR Iyer,Shubman Gill,CH Morris,0,0,,,,,,,,,
1254106,2021,2021-10-07,Sharjah Cricket Stadium,1,1.4,Kolkata Knight Riders,Rajasthan Royals,VR Iyer,Shubman Gill,CH Morris,1,0,,,,,,,,,
1254106,2021,2021-10-07,Sharjah Cricket Stadium,1,1.5,Kolkata Knight Riders,Rajasthan Royals,Shubman Gill,VR Iyer,CH Morris,0,0,,,,,,,,,
1254106,2021,2021-10-07,Sharjah Cricket Stadium,1,1.6,Kolkata Knight Riders,Rajasthan Royals,Shubman Gill,VR Iyer,CH Morris,0,2,2,,,,,,,,
1254106,2021,2021-10-07,Sharjah Cricket Stadium,1,1.7,Kolkata Knight Riders,Rajasthan Royals,VR Iyer,Shubman Gill,CH Morris,4,0,,,,,,,,,
1254106,2021,2021-10-07,Sharjah Cricket Stadium,1,2.1,Kolkata Knight Riders,Rajasthan Royals,Shubman Gill,VR Iyer,C Sakariya,0,0,,,,,,,,,
1254106,2021,2021-10-07,Sharjah Cricket Stadium,1,2.2,Kolkata Knight Riders,Rajasthan Royals,Shubman Gill,VR Iyer,C Sakariya,0,0,,,,,,,,,
1254106,2021,2021-10-07,Sharjah Cricket Stadium,1,2.3,Kolkata Knight Riders,Rajasthan Royals,Shubman Gill,VR Iyer,C Sakariya,0,0,,,,,,,,,
1254106,2021,2021-10-07,Sharjah Cricket Stadium,1,2.4,Kolkata Knight Riders,Rajasthan Royals,Shubman Gill,VR Iyer,C Sakariya,1,0,,,,,,,,,
1254106,2021,2021-10-07,Sharjah Cricket Stadium,1,2.5,Kolkata Knight Riders,Rajasthan Royals,VR Iyer,Shubman Gill,C Sakariya,0,0,,,,,,,,,
1254106,2021,2021-10-07,Sharjah Cricket Stadium,1,2.6,Kolkata Knight Riders,Rajasthan Royals,VR Iyer,Shubman Gill,C Sakariya,1,0,,,,,,,,,
1254106,2021,2021-10-07,Sharjah Cricket Stadium,1,3.1,Kolkata Knight Riders,Rajasthan Royals,VR Iyer,Shubman Gill,JD Unadkat,0,0,,,,,,,,,
1254106,2021,2021-10-07,Sharjah Cricket Stadium,1,3.2,Kolkata Knight Riders,Rajasthan Royals,VR Iyer,Shubman Gill,JD Unadkat,0,0,,,,,,,,,
1254106,2021,2021-10-07,Sharjah Cricket Stadium,1,3.3,Kolkata Knight Riders,Rajasthan Royals,VR Iyer,Shubman Gill,JD Unadkat,0,0,,,,,,,,,
1254106,2021,2021-10-07,Sharjah Cricket Stadium,1,3.4,Kolkata Knight Riders,Rajasthan Royals,VR Iyer,Shubman Gill,JD Unadkat,0,1,1,,,,,,,,
1254106,2021,2021-10-07,Sharjah Cricket Stadium,1,3.5,Kolkata Knight Riders,Rajasthan Royals,VR Iyer,Shubman Gill,JD Unadkat,1,0,,,,,,,,,
1254106,2021,2021-10-07,Sharjah Cricket Stadium,1,3.6,Kolkata Knight Riders,Rajasthan Royals,Shubman Gill,VR Iyer,JD Unadkat,1,0,,,,,,,,,
1254106,2021,2021-10-07,Sharjah Cricket Stadium,1,3.7,Kolkata Knight Riders,Rajasthan Royals,VR Iyer,Shubman Gill,JD Unadkat,0,0,,,,,,,,,
1254106,2021,2021-10-07,Sharjah Cricket Stadium,1,4.1,Kolkata Knight Riders,Rajasthan Royals,Shubman Gill,VR Iyer,C Sakariya,6,0,,,,,,,,,
1254106,2021,2021-10-07,Sharjah Cricket Stadium,1,4.2,Kolkata Knight Riders,Rajasthan Royals,Shubman Gill,VR Iyer,C Sakariya,0,0,,,,,,,,,
1254106,2021,2021-10-07,Sharjah Cricket Stadium,1,4.3,Kolkata Knight Riders,Rajasthan Royals,Shubman Gill,VR Iyer,C Sakariya,0,0,,,,,,,,,
1254106,2021,2021-10-07,Sharjah Cricket Stadium,1,4.4,Kolkata Knight Riders,Rajasthan Royals,Shubman Gill,VR Iyer,C Sakariya,0,0,,,,,,,,,
1254106,2021,2021-10-07,Sharjah Cricket Stadium,1,4.5,Kolkata Knight Riders,Rajasthan Royals,Shubman Gill,VR Iyer,C Sakariya,1,0,,,,,,,,,
1254106,2021,2021-10-07,Sharjah Cricket Stadium,1,4.6,Kolkata Knight Riders,Rajasthan Royals,VR Iyer,Shubman Gill,C Sakariya,4,0,,,,,,,,,
1254106,2021,2021-10-07,Sharjah Cricket Stadium,1,5.1,Kolkata Knight Riders,Rajasthan Royals,Shubman Gill,VR Iyer,CH Morris,1,0,,,,,,,,,
1254106,2021,2021-10-07,Sharjah Cricket Stadium,1,5.2,Kolkata Knight Riders,Rajasthan Royals,VR Iyer,Shubman Gill,CH Morris,0,0,,,,,,,,,
1254106,2021,2021-10-07,Sharjah Cricket Stadium,1,5.3,Kolkata Knight Riders,Rajasthan Royals,VR Iyer,Shubman Gill,CH Morris,0,0,,,,,,,,,
1254106,2021,2021-10-07,Sharjah Cricket Stadium,1,5.4,Kolkata Knight Riders,Rajasthan Royals,VR Iyer,Shubman Gill,CH Morris,1,0,,,,,,,,,
1254106,2021,2021-10-07,Sharjah Cricket Stadium,1,5.5,Kolkata Knight Riders,Rajasthan Royals,Shubman Gill,VR Iyer,CH Morris,1,0,,,,,,,,,
1254106,2021,2021-10-07,Sharjah Cricket Stadium,1,5.6,Kolkata Knight Riders,Rajasthan Royals,VR Iyer,Shubman Gill,CH Morris,0,0,,,,,,,,,
1254106,2021,2021-10-07,Sharjah Cricket Stadium,1,6.1,Kolkata Knight Riders,Rajasthan Royals,Shubman Gill,VR Iyer,JD Unadkat,1,0,,,,,,,,,
1254106,2021,2021-10-07,Sharjah Cricket Stadium,1,6.2,Kolkata Knight Riders,Rajasthan Royals,VR Iyer,Shubman Gill,JD Unadkat,1,0,,,,,,,,,
1254106,2021,2021-10-07,Sharjah Cricket Stadium,1,6.3,Kolkata Knight Riders,Rajasthan Royals,Shubman Gill,VR Iyer,JD Unadkat,2,0,,,,,,,,,
1254106,2021,2021-10-07,Sharjah Cricket Stadium,1,6.4,Kolkata Knight Riders,Rajasthan Royals,Shubman Gill,VR Iyer,JD Unadkat,1,0,,,,,,,,,
1254106,2021,2021-10-07,Sharjah Cricket Stadium,1,6.5,Kolkata Knight Riders,Rajasthan Royals,VR Iyer,Shubman Gill,JD Unadkat,4,0,,,,,,,,,
1254106,2021,2021-10-07,Sharjah Cricket Stadium,1,6.6,Kolkata Knight Riders,Rajasthan Royals,VR Iyer,Shubman Gill,JD Unadkat,1,0,,,,,,,,,
1254106,2021,2021-10-07,Sharjah Cricket Stadium,1,7.1,Kolkata Knight Riders,Rajasthan Royals,VR Iyer,Shubman Gill,Mustafizur Rahman,1,0,,,,,,,,,
1254106,2021,2021-10-07,Sharjah Cricket Stadium,1,7.2,Kolkata Knight Riders,Rajasthan Royals,Shubman Gill,VR Iyer,Mustafizur Rahman,1,0,,,,,,,,,
1254106,2021,2021-10-07,Sharjah Cricket Stadium,1,7.3,Kolkata Knight Riders,Rajasthan Royals,VR Iyer,Shubman Gill,Mustafizur Rahman,1,0,,,,,,,,,
1254106,2021,2021-10-07,Sharjah Cricket Stadium,1,7.4,Kolkata Knight Riders,Rajasthan Royals,Shubman Gill,VR Iyer,Mustafizur Rahman,1,0,,,,,,,,,
1254106,2021,2021-10-07,Sharjah Cricket Stadium,1,7.5,Kolkata Knight Riders,Rajasthan Royals,VR Iyer,Shubman Gill,Mustafizur Rahman,0,1,1,,,,,,,,
1254106,2021,2021-10-07,Sharjah Cricket Stadium,1,7.6,Kolkata Knight Riders,Rajasthan Royals,VR Iyer,Shubman Gill,Mustafizur Rahman,0,0,,,,,,,,,
1254106,2021,2021-10-07,Sharjah Cricket Stadium,1,7.7,Kolkata Knight Riders,Rajasthan Royals,VR Iyer,Shubman Gill,Mustafizur Rahman,0,1,,,,1,,,,,
1254106,2021,2021-10-07,Sharjah Cricket Stadium,1,8.1,Kolkata Knight Riders,Rajasthan Royals,VR Iyer,Shubman Gill,S Dube,1,0,,,,,,,,,
1254106,2021,2021-10-07,Sharjah Cricket Stadium,1,8.2,Kolkata Knight Riders,Rajasthan Royals,Shubman Gill,VR Iyer,S Dube,1,0,,,,,,,,,
1254106,2021,2021-10-07,Sharjah Cricket Stadium,1,8.3,Kolkata Knight Riders,Rajasthan Royals,VR Iyer,Shubman Gill,S Dube,1,0,,,,,,,,,
1254106,2021,2021-10-07,Sharjah Cricket Stadium,1,8.4,Kolkata Knight Riders,Rajasthan Royals,Shubman Gill,VR Iyer,S Dube,0,0,,,,,,,,,
1254106,2021,2021-10-07,Sharjah Cricket Stadium,1,8.5,Kolkata Knight Riders,Rajasthan Royals,Shubman Gill,VR Iyer,S Dube,1,0,,,,,,,,,
1254106,2021,2021-10-07,Sharjah Cricket Stadium,1,8.6,Kolkata Knight Riders,Rajasthan Royals,VR Iyer,Shubman Gill,S Dube,1,0,,,,,,,,,
1254106,2021,2021-10-07,Sharjah Cricket Stadium,1,9.1,Kolkata Knight Riders,Rajasthan Royals,VR Iyer,Shubman Gill,JD Unadkat,6,0,,,,,,,,,
1254106,2021,2021-10-07,Sharjah Cricket Stadium,1,9.2,Kolkata Knight Riders,Rajasthan Royals,VR Iyer,Shubman Gill,JD Unadkat,1,0,,,,,,,,,
1254106,2021,2021-10-07,Sharjah Cricket Stadium,1,9.3,Kolkata Knight Riders,Rajasthan Royals,Shubman Gill,VR Iyer,JD Unadkat,1,0,,,,,,,,,
1254106,2021,2021-10-07,Sharjah Cricket Stadium,1,9.4,Kolkata Knight Riders,Rajasthan Royals,VR Iyer,Shubman Gill,JD Unadkat,6,0,,,,,,,,,
1254106,2021,2021-10-07,Sharjah Cricket Stadium,1,9.5,Kolkata Knight Riders,Rajasthan Royals,VR Iyer,Shubman Gill,JD Unadkat,0,0,,,,,,,,,
1254106,2021,2021-10-07,Sharjah Cricket Stadium,1,9.6,Kolkata Knight Riders,Rajasthan Royals,VR Iyer,Shubman Gill,JD Unadkat,0,0,,,,,,,,,
1254106,2021,2021-10-07,Sharjah Cricket Stadium,1,10.1,Kolkata Knight Riders,Rajasthan Royals,Shubman Gill,VR Iyer,R Tewatia,6,0,,,,,,,,,
1254106,2021,2021-10-07,Sharjah Cricket Stadium,1,10.2,Kolkata Knight Riders,Rajasthan Royals,Shubman Gill,VR Iyer,R Tewatia,0,1,1,,,,,,,,
1254106,2021,2021-10-07,Sharjah Cricket Stadium,1,10.3,Kolkata Knight Riders,Rajasthan Royals,Shubman Gill,VR Iyer,R Tewatia,1,0,,,,,,,,,
1254106,2021,2021-10-07,Sharjah Cricket Stadium,1,10.4,Kolkata Knight Riders,Rajasthan Royals,VR Iyer,Shubman Gill,R Tewatia,1,0,,,,,,,,,
1254106,2021,2021-10-07,Sharjah Cricket Stadium,1,10.5,Kolkata Knight Riders,Rajasthan Royals,Shubman Gill,VR Iyer,R Tewatia,1,0,,,,,,,,,
1254106,2021,2021-10-07,Sharjah Cricket Stadium,1,10.6,Kolkata Knight Riders,Rajasthan Royals,VR Iyer,Shubman Gill,R Tewatia,0,0,,,,,,bowled,VR Iyer,,
1254106,2021,2021-10-07,Sharjah Cricket Stadium,1,10.7,Kolkata Knight Riders,Rajasthan Royals,N Rana,Shubman Gill,R Tewatia,1,0,,,,,,,,,
1254106,2021,2021-10-07,Sharjah Cricket Stadium,1,11.1,Kolkata Knight Riders,Rajasthan Royals,N Rana,Shubman Gill,GD Phillips,4,0,,,,,,,,,
1254106,2021,2021-10-07,Sharjah Cricket Stadium,1,11.2,Kolkata Knight Riders,Rajasthan Royals,N Rana,Shubman Gill,GD Phillips,1,0,,,,,,,,,
1254106,2021,2021-10-07,Sharjah Cricket Stadium,1,11.3,Kolkata Knight Riders,Rajasthan Royals,Shubman Gill,N Rana,GD Phillips,1,0,,,,,,,,,
1254106,2021,2021-10-07,Sharjah Cricket Stadium,1,11.4,Kolkata Knight Riders,Rajasthan Royals,N Rana,Shubman Gill,GD Phillips,6,0,,,,,,,,,
1254106,2021,2021-10-07,Sharjah Cricket Stadium,1,11.5,Kolkata Knight Riders,Rajasthan Royals,N Rana,Shubman Gill,GD Phillips,0,0,,,,,,caught,N Rana,,
1254106,2021,2021-10-07,Sharjah Cricket Stadium,1,11.6,Kolkata Knight Riders,Rajasthan Royals,RA Tripathi,Shubman Gill,GD Phillips,0,1,1,,,,,,,,
1254106,2021,2021-10-07,Sharjah Cricket Stadium,1,11.7,Kolkata Knight Riders,Rajasthan Royals,RA Tripathi,Shubman Gill,GD Phillips,4,0,,,,,,,,,
1254106,2021,2021-10-07,Sharjah Cricket Stadium,1,12.1,Kolkata Knight Riders,Rajasthan Royals,Shubman Gill,RA Tripathi,Mustafizur Rahman,3,0,,,,,,,,,
1254106,2021,2021-10-07,Sharjah Cricket Stadium,1,12.2,Kolkata Knight Riders,Rajasthan Royals,RA Tripathi,Shubman Gill,Mustafizur Rahman,1,0,,,,,,,,,
1254106,2021,2021-10-07,Sharjah Cricket Stadium,1,12.3,Kolkata Knight Riders,Rajasthan Royals,Shubman Gill,RA Tripathi,Mustafizur Rahman,4,0,,,,,,,,,
1254106,2021,2021-10-07,Sharjah Cricket Stadium,1,12.4,Kolkata Knight Riders,Rajasthan Royals,Shubman Gill,RA Tripathi,Mustafizur Rahman,0,0,,,,,,,,,
1254106,2021,2021-10-07,Sharjah Cricket Stadium,1,12.5,Kolkata Knight Riders,Rajasthan Royals,Shubman Gill,RA Tripathi,Mustafizur Rahman,1,0,,,,,,,,,
1254106,2021,2021-10-07,Sharjah Cricket Stadium,1,12.6,Kolkata Knight Riders,Rajasthan Royals,RA Tripathi,Shubman Gill,Mustafizur Rahman,0,0,,,,,,,,,
1254106,2021,2021-10-07,Sharjah Cricket Stadium,1,13.1,Kolkata Knight Riders,Rajasthan Royals,Shubman Gill,RA Tripathi,S Dube,1,0,,,,,,,,,
1254106,2021,2021-10-07,Sharjah Cricket Stadium,1,13.2,Kolkata Knight Riders,Rajasthan Royals,RA Tripathi,Shubman Gill,S Dube,1,0,,,,,,,,,
1254106,2021,2021-10-07,Sharjah Cricket Stadium,1,13.3,Kolkata Knight Riders,Rajasthan Royals,Shubman Gill,RA Tripathi,S Dube,1,0,,,,,,,,,
1254106,2021,2021-10-07,Sharjah Cricket Stadium,1,13.4,Kolkata Knight Riders,Rajasthan Royals,RA Tripathi,Shubman Gill,S Dube,4,0,,,,,,,,,
1254106,2021,2021-10-07,Sharjah Cricket Stadium,1,13.5,Kolkata Knight Riders,Rajasthan Royals,RA Tripathi,Shubman Gill,S Dube,4,0,,,,,,,,,
1254106,2021,2021-10-07,Sharjah Cricket Stadium,1,13.6,Kolkata Knight Riders,Rajasthan Royals,RA Tripathi,Shubman Gill,S Dube,2,0,,,,,,,,,
1254106,2021,2021-10-07,Sharjah Cricket Stadium,1,14.1,Kolkata Knight Riders,Rajasthan Royals,Shubman Gill,RA Tripathi,C Sakariya,1,0,,,,,,,,,
1254106,2021,2021-10-07,Sharjah Cricket Stadium,1,14.2,Kolkata Knight Riders,Rajasthan Royals,RA Tripathi,Shubman Gill,C Sakariya,1,0,,,,,,,,,
1254106,2021,2021-10-07,Sharjah Cricket Stadium,1,14.3,Kolkata Knight Riders,Rajasthan Royals,Shubman Gill,RA Tripathi,C Sakariya,1,0,,,,,,,,,
1254106,2021,2021-10-07,Sharjah Cricket Stadium,1,14.4,Kolkata Knight Riders,Rajasthan Royals,RA Tripathi,Shubman Gill,C Sakariya,1,0,,,,,,,,,
1254106,2021,2021-10-07,Sharjah Cricket Stadium,1,14.5,Kolkata Knight Riders,Rajasthan Royals,Shubman Gill,RA Tripathi,C Sakariya,4,0,,,,,,,,,
1254106,2021,2021-10-07,Sharjah Cricket Stadium,1,14.6,Kolkata Knight Riders,Rajasthan Royals,Shubman Gill,RA Tripathi,C Sakariya,0,0,,,,,,,,,
1254106,2021,2021-10-07,Sharjah Cricket Stadium,1,15.1,Kolkata Knight Riders,Rajasthan Royals,RA Tripathi,Shubman Gill,CH Morris,1,0,,,,,,,,,
1254106,2021,2021-10-07,Sharjah Cricket Stadium,1,15.2,Kolkata Knight Riders,Rajasthan Royals,Shubman Gill,RA Tripathi,CH Morris,0,0,,,,,,,,,
1254106,2021,2021-10-07,Sharjah Cricket Stadium,1,15.3,Kolkata Knight Riders,Rajasthan Royals,Shubman Gill,RA Tripathi,CH Morris,4,0,,,,,,,,,
1254106,2021,2021-10-07,Sharjah Cricket Stadium,1,15.4,Kolkata Knight Riders,Rajasthan Royals,Shubman Gill,RA Tripathi,CH Morris,0,1,1,,,,,,,,
1254106,2021,2021-10-07,Sharjah Cricket Stadium,1,15.5,Kolkata Knight Riders,Rajasthan Royals,Shubman Gill,RA Tripathi,CH Morris,0,0,,,,,,caught,Shubman Gill,,
1254106,2021,2021-10-07,Sharjah Cricket Stadium,1,15.6,Kolkata Knight Riders,Rajasthan Royals,RA Tripathi,KD Karthik,CH Morris,1,0,,,,,,,,,
1254106,2021,2021-10-07,Sharjah Cricket Stadium,1,15.7,Kolkata Knight Riders,Rajasthan Royals,KD Karthik,RA Tripathi,CH Morris,1,0,,,,,,,,,
1254106,2021,2021-10-07,Sharjah Cricket Stadium,1,16.1,Kolkata Knight Riders,Rajasthan Royals,KD Karthik,RA Tripathi,Mustafizur Rahman,2,0,,,,,,,,,
1254106,2021,2021-10-07,Sharjah Cricket Stadium,1,16.2,Kolkata Knight Riders,Rajasthan Royals,KD Karthik,RA Tripathi,Mustafizur Rahman,1,0,,,,,,,,,
1254106,2021,2021-10-07,Sharjah Cricket Stadium,1,16.3,Kolkata Knight Riders,Rajasthan Royals,RA Tripathi,KD Karthik,Mustafizur Rahman,0,0,,,,,,,,,
1254106,2021,2021-10-07,Sharjah Cricket Stadium,1,16.4,Kolkata Knight Riders,Rajasthan Royals,RA Tripathi,KD Karthik,Mustafizur Rahman,1,0,,,,,,,,,
1254106,2021,2021-10-07,Sharjah Cricket Stadium,1,16.5,Kolkata Knight Riders,Rajasthan Royals,KD Karthik,RA Tripathi,Mustafizur Rahman,6,0,,,,,,,,,
1254106,2021,2021-10-07,Sharjah Cricket Stadium,1,16.6,Kolkata Knight Riders,Rajasthan Royals,KD Karthik,RA Tripathi,Mustafizur Rahman,0,0,,,,,,,,,
1254106,2021,2021-10-07,Sharjah Cricket Stadium,1,17.1,Kolkata Knight Riders,Rajasthan Royals,RA Tripathi,KD Karthik,C Sakariya,0,0,,,,,,bowled,RA Tripathi,,
1254106,2021,2021-10-07,Sharjah Cricket Stadium,1,17.2,Kolkata Knight Riders,Rajasthan Royals,EJG Morgan,KD Karthik,C Sakariya,0,0,,,,,,,,,
1254106,2021,2021-10-07,Sharjah Cricket Stadium,1,17.3,Kolkata Knight Riders,Rajasthan Royals,EJG Morgan,KD Karthik,C Sakariya,0,1,,,,1,,,,,
1254106,2021,2021-10-07,Sharjah Cricket Stadium,1,17.4,Kolkata Knight Riders,Rajasthan Royals,KD Karthik,EJG Morgan,C Sakariya,1,0,,,,,,,,,
1254106,2021,2021-10-07,Sharjah Cricket Stadium,1,17.5,Kolkata Knight Riders,Rajasthan Royals,EJG Morgan,KD Karthik,C Sakariya,1,0,,,,,,,,,
1254106,2021,2021-10-07,Sharjah Cricket Stadium,1,17.6,Kolkata Knight Riders,Rajasthan Royals,KD Karthik,EJG Morgan,C Sakariya,0,0,,,,,,,,,
1254106,2021,2021-10-07,Sharjah Cricket Stadium,1,18.1,Kolkata Knight Riders,Rajasthan Royals,EJG Morgan,KD Karthik,Mustafizur Rahman,0,0,,,,,,,,,
1254106,2021,2021-10-07,Sharjah Cricket Stadium,1,18.2,Kolkata Knight Riders,Rajasthan Royals,EJG Morgan,KD Karthik,Mustafizur Rahman,1,0,,,,,,,,,
1254106,2021,2021-10-07,Sharjah Cricket Stadium,1,18.3,Kolkata Knight Riders,Rajasthan Royals,KD Karthik,EJG Morgan,Mustafizur Rahman,0,0,,,,,,,,,
1254106,2021,2021-10-07,Sharjah Cricket Stadium,1,18.4,Kolkata Knight Riders,Rajasthan Royals,KD Karthik,EJG Morgan,Mustafizur Rahman,1,0,,,,,,,,,
1254106,2021,2021-10-07,Sharjah Cricket Stadium,1,18.5,Kolkata Knight Riders,Rajasthan Royals,EJG Morgan,KD Karthik,Mustafizur Rahman,4,0,,,,,,,,,
1254106,2021,2021-10-07,Sharjah Cricket Stadium,1,18.6,Kolkata Knight Riders,Rajasthan Royals,EJG Morgan,KD Karthik,Mustafizur Rahman,1,0,,,,,,,,,
1254106,2021,2021-10-07,Sharjah Cricket Stadium,1,19.1,Kolkata Knight Riders,Rajasthan Royals,EJG Morgan,KD Karthik,CH Morris,0,1,,,1,,,,,,
1254106,2021,2021-10-07,Sharjah Cricket Stadium,1,19.2,Kolkata Knight Riders,Rajasthan Royals,KD Karthik,EJG Morgan,CH Morris,1,0,,,,,,,,,
1254106,2021,2021-10-07,Sharjah Cricket Stadium,1,19.3,Kolkata Knight Riders,Rajasthan Royals,EJG Morgan,KD Karthik,CH Morris,0,2,2,,,,,,,,
1254106,2021,2021-10-07,Sharjah Cricket Stadium,1,19.4,Kolkata Knight Riders,Rajasthan Royals,KD Karthik,EJG Morgan,CH Morris,1,0,,,,,,,,,
1254106,2021,2021-10-07,Sharjah Cricket Stadium,1,19.5,Kolkata Knight Riders,Rajasthan Royals,EJG Morgan,KD Karthik,CH Morris,0,4,,,4,,,,,,
1254106,2021,2021-10-07,Sharjah Cricket Stadium,1,19.6,Kolkata Knight Riders,Rajasthan Royals,EJG Morgan,KD Karthik,CH Morris,6,0,,,,,,,,,
1254106,2021,2021-10-07,Sharjah Cricket Stadium,1,19.7,Kolkata Knight Riders,Rajasthan Royals,EJG Morgan,KD Karthik,CH Morris,0,1,,,,1,,,,,
1254106,2021,2021-10-07,Sharjah Cricket Stadium,2,0.1,Rajasthan Royals,Kolkata Knight Riders,YBK Jaiswal,LS Livingstone,Shakib Al Hasan,0,0,,,,,,,,,
1254106,2021,2021-10-07,Sharjah Cricket Stadium,2,0.2,Rajasthan Royals,Kolkata Knight Riders,YBK Jaiswal,LS Livingstone,Shakib Al Hasan,0,0,,,,,,,,,
1254106,2021,2021-10-07,Sharjah Cricket Stadium,2,0.3,Rajasthan Royals,Kolkata Knight Riders,YBK Jaiswal,LS Livingstone,Shakib Al Hasan,0,0,,,,,,bowled,YBK Jaiswal,,
1254106,2021,2021-10-07,Sharjah Cricket Stadium,2,0.4,Rajasthan Royals,Kolkata Knight Riders,SV Samson,LS Livingstone,Shakib Al Hasan,0,0,,,,,,,,,
1254106,2021,2021-10-07,Sharjah Cricket Stadium,2,0.5,Rajasthan Royals,Kolkata Knight Riders,SV Samson,LS Livingstone,Shakib Al Hasan,0,0,,,,,,,,,
1254106,2021,2021-10-07,Sharjah Cricket Stadium,2,0.6,Rajasthan Royals,Kolkata Knight Riders,SV Samson,LS Livingstone,Shakib Al Hasan,1,0,,,,,,,,,
1254106,2021,2021-10-07,Sharjah Cricket Stadium,2,1.1,Rajasthan Royals,Kolkata Knight Riders,SV Samson,LS Livingstone,Shivam Mavi,0,0,,,,,,caught,SV Samson,,
1254106,2021,2021-10-07,Sharjah Cricket Stadium,2,1.2,Rajasthan Royals,Kolkata Knight Riders,S Dube,LS Livingstone,Shivam Mavi,2,0,,,,,,,,,
1254106,2021,2021-10-07,Sharjah Cricket Stadium,2,1.3,Rajasthan Royals,Kolkata Knight Riders,S Dube,LS Livingstone,Shivam Mavi,0,0,,,,,,,,,
1254106,2021,2021-10-07,Sharjah Cricket Stadium,2,1.4,Rajasthan Royals,Kolkata Knight Riders,S Dube,LS Livingstone,Shivam Mavi,0,0,,,,,,,,,
1254106,2021,2021-10-07,Sharjah Cricket Stadium,2,1.5,Rajasthan Royals,Kolkata Knight Riders,S Dube,LS Livingstone,Shivam Mavi,1,0,,,,,,,,,
1254106,2021,2021-10-07,Sharjah Cricket Stadium,2,1.6,Rajasthan Royals,Kolkata Knight Riders,LS Livingstone,S Dube,Shivam Mavi,0,0,,,,,,,,,
1254106,2021,2021-10-07,Sharjah Cricket Stadium,2,2.1,Rajasthan Royals,Kolkata Knight Riders,S Dube,LS Livingstone,SP Narine,1,0,,,,,,,,,
1254106,2021,2021-10-07,Sharjah Cricket Stadium,2,2.2,Rajasthan Royals,Kolkata Knight Riders,LS Livingstone,S Dube,SP Narine,4,0,,,,,,,,,
1254106,2021,2021-10-07,Sharjah Cricket Stadium,2,2.3,Rajasthan Royals,Kolkata Knight Riders,LS Livingstone,S Dube,SP Narine,1,0,,,,,,,,,
1254106,2021,2021-10-07,Sharjah Cricket Stadium,2,2.4,Rajasthan Royals,Kolkata Knight Riders,S Dube,LS Livingstone,SP Narine,1,0,,,,,,,,,
1254106,2021,2021-10-07,Sharjah Cricket Stadium,2,2.5,Rajasthan Royals,Kolkata Knight Riders,LS Livingstone,S Dube,SP Narine,1,0,,,,,,,,,
1254106,2021,2021-10-07,Sharjah Cricket Stadium,2,2.6,Rajasthan Royals,Kolkata Knight Riders,S Dube,LS Livingstone,SP Narine,0,0,,,,,,,,,
1254106,2021,2021-10-07,Sharjah Cricket Stadium,2,3.1,Rajasthan Royals,Kolkata Knight Riders,LS Livingstone,S Dube,LH Ferguson,0,0,,,,,,,,,
1254106,2021,2021-10-07,Sharjah Cricket Stadium,2,3.2,Rajasthan Royals,Kolkata Knight Riders,LS Livingstone,S Dube,LH Ferguson,0,0,,,,,,caught,LS Livingstone,,
1254106,2021,2021-10-07,Sharjah Cricket Stadium,2,3.3,Rajasthan Royals,Kolkata Knight Riders,S Dube,Anuj Rawat,LH Ferguson,1,0,,,,,,,,,
1254106,2021,2021-10-07,Sharjah Cricket Stadium,2,3.4,Rajasthan Royals,Kolkata Knight Riders,Anuj Rawat,S Dube,LH Ferguson,0,0,,,,,,lbw,Anuj Rawat,,
1254106,2021,2021-10-07,Sharjah Cricket Stadium,2,3.5,Rajasthan Royals,Kolkata Knight Riders,GD Phillips,S Dube,LH Ferguson,0,0,,,,,,,,,
1254106,2021,2021-10-07,Sharjah Cricket Stadium,2,3.6,Rajasthan Royals,Kolkata Knight Riders,GD Phillips,S Dube,LH Ferguson,0,0,,,,,,,,,
1254106,2021,2021-10-07,Sharjah Cricket Stadium,2,4.1,Rajasthan Royals,Kolkata Knight Riders,S Dube,GD Phillips,CV Varun,0,0,,,,,,,,,
1254106,2021,2021-10-07,Sharjah Cricket Stadium,2,4.2,Rajasthan Royals,Kolkata Knight Riders,S Dube,GD Phillips,CV Varun,0,0,,,,,,,,,
1254106,2021,2021-10-07,Sharjah Cricket Stadium,2,4.3,Rajasthan Royals,Kolkata Knight Riders,S Dube,GD Phillips,CV Varun,0,0,,,,,,,,,
1254106,2021,2021-10-07,Sharjah Cricket Stadium,2,4.4,Rajasthan Royals,Kolkata Knight Riders,S Dube,GD Phillips,CV Varun,2,0,,,,,,,,,
1254106,2021,2021-10-07,Sharjah Cricket Stadium,2,4.5,Rajasthan Royals,Kolkata Knight Riders,S Dube,GD Phillips,CV Varun,1,0,,,,,,,,,
1254106,2021,2021-10-07,Sharjah Cricket Stadium,2,4.6,Rajasthan Royals,Kolkata Knight Riders,GD Phillips,S Dube,CV Varun,0,0,,,,,,,,,
1254106,2021,2021-10-07,Sharjah Cricket Stadium,2,5.1,Rajasthan Royals,Kolkata Knight Riders,S Dube,GD Phillips,LH Ferguson,0,0,,,,,,,,,
1254106,2021,2021-10-07,Sharjah Cricket Stadium,2,5.2,Rajasthan Royals,Kolkata Knight Riders,S Dube,GD Phillips,LH Ferguson,1,0,,,,,,,,,
1254106,2021,2021-10-07,Sharjah Cricket Stadium,2,5.3,Rajasthan Royals,Kolkata Knight Riders,GD Phillips,S Dube,LH Ferguson,0,0,,,,,,,,,
1254106,2021,2021-10-07,Sharjah Cricket Stadium,2,5.4,Rajasthan Royals,Kolkata Knight Riders,GD Phillips,S Dube,LH Ferguson,0,0,,,,,,,,,
1254106,2021,2021-10-07,Sharjah Cricket Stadium,2,5.5,Rajasthan Royals,Kolkata Knight Riders,GD Phillips,S Dube,LH Ferguson,0,0,,,,,,,,,
1254106,2021,2021-10-07,Sharjah Cricket Stadium,2,5.6,Rajasthan Royals,Kolkata Knight Riders,GD Phillips,S Dube,LH Ferguson,0,0,,,,,,,,,
1254106,2021,2021-10-07,Sharjah Cricket Stadium,2,6.1,Rajasthan Royals,Kolkata Knight Riders,S Dube,GD Phillips,SP Narine,6,0,,,,,,,,,
1254106,2021,2021-10-07,Sharjah Cricket Stadium,2,6.2,Rajasthan Royals,Kolkata Knight Riders,S Dube,GD Phillips,SP Narine,0,0,,,,,,,,,
1254106,2021,2021-10-07,Sharjah Cricket Stadium,2,6.3,Rajasthan Royals,Kolkata Knight Riders,S Dube,GD Phillips,SP Narine,1,0,,,,,,,,,
1254106,2021,2021-10-07,Sharjah Cricket Stadium,2,6.4,Rajasthan Royals,Kolkata Knight Riders,GD Phillips,S Dube,SP Narine,0,0,,,,,,,,,
1254106,2021,2021-10-07,Sharjah Cricket Stadium,2,6.5,Rajasthan Royals,Kolkata Knight Riders,GD Phillips,S Dube,SP Narine,6,0,,,,,,,,,
1254106,2021,2021-10-07,Sharjah Cricket Stadium,2,6.6,Rajasthan Royals,Kolkata Knight Riders,GD Phillips,S Dube,SP Narine,0,0,,,,,,,,,
1254106,2021,2021-10-07,Sharjah Cricket Stadium,2,7.1,Rajasthan Royals,Kolkata Knight Riders,S Dube,GD Phillips,Shivam Mavi,1,0,,,,,,,,,
1254106,2021,2021-10-07,Sharjah Cricket Stadium,2,7.2,Rajasthan Royals,Kolkata Knight Riders,GD Phillips,S Dube,Shivam Mavi,2,0,,,,,,,,,
1254106,2021,2021-10-07,Sharjah Cricket Stadium,2,7.3,Rajasthan Royals,Kolkata Knight Riders,GD Phillips,S Dube,Shivam Mavi,0,0,,,,,,bowled,GD Phillips,,
1254106,2021,2021-10-07,Sharjah Cricket Stadium,2,7.4,Rajasthan Royals,Kolkata Knight Riders,R Tewatia,S Dube,Shivam Mavi,0,0,,,,,,,,,
1254106,2021,2021-10-07,Sharjah Cricket Stadium,2,7.5,Rajasthan Royals,Kolkata Knight Riders,R Tewatia,S Dube,Shivam Mavi,1,0,,,,,,,,,
1254106,2021,2021-10-07,Sharjah Cricket Stadium,2,7.6,Rajasthan Royals,Kolkata Knight Riders,S Dube,R Tewatia,Shivam Mavi,0,0,,,,,,bowled,S Dube,,
1254106,2021,2021-10-07,Sharjah Cricket Stadium,2,8.1,Rajasthan Royals,Kolkata Knight Riders,R Tewatia,CH Morris,CV Varun,0,0,,,,,,,,,
1254106,2021,2021-10-07,Sharjah Cricket Stadium,2,8.2,Rajasthan Royals,Kolkata Knight Riders,R Tewatia,CH Morris,CV Varun,0,0,,,,,,,,,
1254106,2021,2021-10-07,Sharjah Cricket Stadium,2,8.3,Rajasthan Royals,Kolkata Knight Riders,R Tewatia,CH Morris,CV Varun,0,0,,,,,,,,,
1254106,2021,2021-10-07,Sharjah Cricket Stadium,2,8.4,Rajasthan Royals,Kolkata Knight Riders,R Tewatia,CH Morris,CV Varun,1,0,,,,,,,,,
1254106,2021,2021-10-07,Sharjah Cricket Stadium,2,8.5,Rajasthan Royals,Kolkata Knight Riders,CH Morris,R Tewatia,CV Varun,0,0,,,,,,,,,
1254106,2021,2021-10-07,Sharjah Cricket Stadium,2,8.6,Rajasthan Royals,Kolkata Knight Riders,CH Morris,R Tewatia,CV Varun,0,0,,,,,,lbw,CH Morris,,
1254106,2021,2021-10-07,Sharjah Cricket Stadium,2,9.1,Rajasthan Royals,Kolkata Knight Riders,R Tewatia,JD Unadkat,Shivam Mavi,0,0,,,,,,,,,
1254106,2021,2021-10-07,Sharjah Cricket Stadium,2,9.2,Rajasthan Royals,Kolkata Knight Riders,R Tewatia,JD Unadkat,Shivam Mavi,4,0,,,,,,,,,
1254106,2021,2021-10-07,Sharjah Cricket Stadium,2,9.3,Rajasthan Royals,Kolkata Knight Riders,R Tewatia,JD Unadkat,Shivam Mavi,4,0,,,,,,,,,
1254106,2021,2021-10-07,Sharjah Cricket Stadium,2,9.4,Rajasthan Royals,Kolkata Knight Riders,R Tewatia,JD Unadkat,Shivam Mavi,0,0,,,,,,,,,
1254106,2021,2021-10-07,Sharjah Cricket Stadium,2,9.5,Rajasthan Royals,Kolkata Knight Riders,R Tewatia,JD Unadkat,Shivam Mavi,4,0,,,,,,,,,
1254106,2021,2021-10-07,Sharjah Cricket Stadium,2,9.6,Rajasthan Royals,Kolkata Knight Riders,R Tewatia,JD Unadkat,Shivam Mavi,2,0,,,,,,,,,
1254106,2021,2021-10-07,Sharjah Cricket Stadium,2,10.1,Rajasthan Royals,Kolkata Knight Riders,JD Unadkat,R Tewatia,CV Varun,1,0,,,,,,,,,
1254106,2021,2021-10-07,Sharjah Cricket Stadium,2,10.2,Rajasthan Royals,Kolkata Knight Riders,R Tewatia,JD Unadkat,CV Varun,6,0,,,,,,,,,
1254106,2021,2021-10-07,Sharjah Cricket Stadium,2,10.3,Rajasthan Royals,Kolkata Knight Riders,R Tewatia,JD Unadkat,CV Varun,1,0,,,,,,,,,
1254106,2021,2021-10-07,Sharjah Cricket Stadium,2,10.4,Rajasthan Royals,Kolkata Knight Riders,JD Unadkat,R Tewatia,CV Varun,0,0,,,,,,,,,
1254106,2021,2021-10-07,Sharjah Cricket Stadium,2,10.5,Rajasthan Royals,Kolkata Knight Riders,JD Unadkat,R Tewatia,CV Varun,1,0,,,,,,,,,
1254106,2021,2021-10-07,Sharjah Cricket Stadium,2,10.6,Rajasthan Royals,Kolkata Knight Riders,R Tewatia,JD Unadkat,CV Varun,0,0,,,,,,,,,
1254106,2021,2021-10-07,Sharjah Cricket Stadium,2,11.1,Rajasthan Royals,Kolkata Knight Riders,JD Unadkat,R Tewatia,LH Ferguson,4,0,,,,,,,,,
1254106,2021,2021-10-07,Sharjah Cricket Stadium,2,11.2,Rajasthan Royals,Kolkata Knight Riders,JD Unadkat,R Tewatia,LH Ferguson,0,0,,,,,,caught,JD Unadkat,,
1254106,2021,2021-10-07,Sharjah Cricket Stadium,2,11.3,Rajasthan Royals,Kolkata Knight Riders,R Tewatia,C Sakariya,LH Ferguson,0,0,,,,,,,,,
1254106,2021,2021-10-07,Sharjah Cricket Stadium,2,11.4,Rajasthan Royals,Kolkata Knight Riders,R Tewatia,C Sakariya,LH Ferguson,0,0,,,,,,,,,
1254106,2021,2021-10-07,Sharjah Cricket Stadium,2,11.5,Rajasthan Royals,Kolkata Knight Riders,R Tewatia,C Sakariya,LH Ferguson,4,0,,,,,,,,,
1254106,2021,2021-10-07,Sharjah Cricket Stadium,2,11.6,Rajasthan Royals,Kolkata Knight Riders,R Tewatia,C Sakariya,LH Ferguson,0,0,,,,,,,,,
1254106,2021,2021-10-07,Sharjah Cricket Stadium,2,12.1,Rajasthan Royals,Kolkata Knight Riders,C Sakariya,R Tewatia,SP Narine,1,0,,,,,,,,,
1254106,2021,2021-10-07,Sharjah Cricket Stadium,2,12.2,Rajasthan Royals,Kolkata Knight Riders,R Tewatia,C Sakariya,SP Narine,6,0,,,,,,,,,
1254106,2021,2021-10-07,Sharjah Cricket Stadium,2,12.3,Rajasthan Royals,Kolkata Knight Riders,R Tewatia,C Sakariya,SP Narine,0,0,,,,,,,,,
1254106,2021,2021-10-07,Sharjah Cricket Stadium,2,12.4,Rajasthan Royals,Kolkata Knight Riders,R Tewatia,C Sakariya,SP Narine,1,0,,,,,,,,,
1254106,2021,2021-10-07,Sharjah Cricket Stadium,2,12.5,Rajasthan Royals,Kolkata Knight Riders,C Sakariya,R Tewatia,SP Narine,0,0,,,,,,,,,
1254106,2021,2021-10-07,Sharjah Cricket Stadium,2,12.6,Rajasthan Royals,Kolkata Knight Riders,C Sakariya,R Tewatia,SP Narine,0,0,,,,,,,,,
1254106,2021,2021-10-07,Sharjah Cricket Stadium,2,13.1,Rajasthan Royals,Kolkata Knight Riders,R Tewatia,C Sakariya,CV Varun,0,0,,,,,,,,,
1254106,2021,2021-10-07,Sharjah Cricket Stadium,2,13.2,Rajasthan Royals,Kolkata Knight Riders,R Tewatia,C Sakariya,CV Varun,0,0,,,,,,,,,
1254106,2021,2021-10-07,Sharjah Cricket Stadium,2,13.3,Rajasthan Royals,Kolkata Knight Riders,R Tewatia,C Sakariya,CV Varun,0,0,,,,,,,,,
1254106,2021,2021-10-07,Sharjah Cricket Stadium,2,13.4,Rajasthan Royals,Kolkata Knight Riders,R Tewatia,C Sakariya,CV Varun,0,0,,,,,,,,,
1254106,2021,2021-10-07,Sharjah Cricket Stadium,2,13.5,Rajasthan Royals,Kolkata Knight Riders,R Tewatia,C Sakariya,CV Varun,1,0,,,,,,,,,
1254106,2021,2021-10-07,Sharjah Cricket Stadium,2,13.6,Rajasthan Royals,Kolkata Knight Riders,C Sakariya,R Tewatia,CV Varun,0,0,,,,,,,,,
1254106,2021,2021-10-07,Sharjah Cricket Stadium,2,14.1,Rajasthan Royals,Kolkata Knight Riders,R Tewatia,C Sakariya,LH Ferguson,0,0,,,,,,,,,
1254106,2021,2021-10-07,Sharjah Cricket Stadium,2,14.2,Rajasthan Royals,Kolkata Knight Riders,R Tewatia,C Sakariya,LH Ferguson,0,0,,,,,,,,,
1254106,2021,2021-10-07,Sharjah Cricket Stadium,2,14.3,Rajasthan Royals,Kolkata Knight Riders,R Tewatia,C Sakariya,LH Ferguson,0,0,,,,,,,,,
1254106,2021,2021-10-07,Sharjah Cricket Stadium,2,14.4,Rajasthan Royals,Kolkata Knight Riders,R Tewatia,C Sakariya,LH Ferguson,2,0,,,,,,,,,
1254106,2021,2021-10-07,Sharjah Cricket Stadium,2,14.5,Rajasthan Royals,Kolkata Knight Riders,R Tewatia,C Sakariya,LH Ferguson,2,0,,,,,,,,,
1254106,2021,2021-10-07,Sharjah Cricket Stadium,2,14.6,Rajasthan Royals,Kolkata Knight Riders,R Tewatia,C Sakariya,LH Ferguson,4,0,,,,,,,,,
1254106,2021,2021-10-07,Sharjah Cricket Stadium,2,15.1,Rajasthan Royals,Kolkata Knight Riders,C Sakariya,R Tewatia,SP Narine,0,1,,,1,,,,,,
1254106,2021,2021-10-07,Sharjah Cricket Stadium,2,15.2,Rajasthan Royals,Kolkata Knight Riders,R Tewatia,C Sakariya,SP Narine,0,0,,,,,,,,,
1254106,2021,2021-10-07,Sharjah Cricket Stadium,2,15.3,Rajasthan Royals,Kolkata Knight Riders,R Tewatia,C Sakariya,SP Narine,1,0,,,,,,run out,C Sakariya,,
1254106,2021,2021-10-07,Sharjah Cricket Stadium,2,15.4,Rajasthan Royals,Kolkata Knight Riders,Mustafizur Rahman,R Tewatia,SP Narine,0,0,,,,,,,,,
1254106,2021,2021-10-07,Sharjah Cricket Stadium,2,15.5,Rajasthan Royals,Kolkata Knight Riders,Mustafizur Rahman,R Tewatia,SP Narine,0,0,,,,,,,,,
1254106,2021,2021-10-07,Sharjah Cricket Stadium,2,15.6,Rajasthan Royals,Kolkata Knight Riders,Mustafizur Rahman,R Tewatia,SP Narine,0,0,,,,,,,,,
1254106,2021,2021-10-07,Sharjah Cricket Stadium,2,16.1,Rajasthan Royals,Kolkata Knight Riders,R Tewatia,Mustafizur Rahman,Shivam Mavi,0,0,,,,,,bowled,R Tewatia,,
