match_id,season,start_date,venue,innings,ball,batting_team,bowling_team,striker,non_striker,bowler,runs_off_bat,extras,wides,noballs,byes,legbyes,penalty,wicket_type,player_dismissed,other_wicket_type,other_player_dismissed
1254083,2021,2021-04-30,"Narendra Modi Stadium, Ahmedabad",1,0.1,Punjab Kings,Royal Challengers Bangalore,KL Rahul,P Simran Singh,DR Sams,0,0,,,,,,,,,
1254083,2021,2021-04-30,"Narendra Modi Stadium, Ahmedabad",1,0.2,Punjab Kings,Royal Challengers Bangalore,KL Rahul,P Simran Singh,DR Sams,0,0,,,,,,,,,
1254083,2021,2021-04-30,"Narendra Modi Stadium, Ahmedabad",1,0.3,Punjab Kings,Royal Challengers Bangalore,KL Rahul,P Simran Singh,DR Sams,1,0,,,,,,,,,
1254083,2021,2021-04-30,"Narendra Modi Stadium, Ahmedabad",1,0.4,Punjab Kings,Royal Challengers Bangalore,P Simran Singh,KL Rahul,DR Sams,1,0,,,,,,,,,
1254083,2021,2021-04-30,"Narendra Modi Stadium, Ahmedabad",1,0.5,Punjab Kings,Royal Challengers Bangalore,KL Rahul,P Simran Singh,DR Sams,0,0,,,,,,,,,
1254083,2021,2021-04-30,"Narendra Modi Stadium, Ahmedabad",1,0.6,Punjab Kings,Royal Challengers Bangalore,KL Rahul,P Simran Singh,DR Sams,1,0,,,,,,,,,
1254083,2021,2021-04-30,"Narendra Modi Stadium, Ahmedabad",1,1.1,Punjab Kings,Royal Challengers Bangalore,KL Rahul,P Simran Singh,Mohammed Siraj,0,0,,,,,,,,,
1254083,2021,2021-04-30,"Narendra Modi Stadium, Ahmedabad",1,1.2,Punjab Kings,Royal Challengers Bangalore,KL Rahul,P Simran Singh,Mohammed Siraj,0,1,1,,,,,,,,
1254083,2021,2021-04-30,"Narendra Modi Stadium, Ahmedabad",1,1.3,Punjab Kings,Royal Challengers Bangalore,KL Rahul,P Simran Singh,Mohammed Siraj,0,0,,,,,,,,,
1254083,2021,2021-04-30,"Narendra Modi Stadium, Ahmedabad",1,1.4,Punjab Kings,Royal Challengers Bangalore,KL Rahul,P Simran Singh,Mohammed Siraj,6,0,,,,,,,,,
1254083,2021,2021-04-30,"Narendra Modi Stadium, Ahmedabad",1,1.5,Punjab Kings,Royal Challengers Bangalore,KL Rahul,P Simran Singh,Mohammed Siraj,0,0,,,,,,,,,
1254083,2021,2021-04-30,"Narendra Modi Stadium, Ahmedabad",1,1.6,Punjab Kings,Royal Challengers Bangalore,KL Rahul,P Simran Singh,Mohammed Siraj,1,0,,,,,,,,,
1254083,2021,2021-04-30,"Narendra Modi Stadium, Ahmedabad",1,1.7,Punjab Kings,Royal Challengers Bangalore,P Simran Singh,KL Rahul,Mohammed Siraj,2,0,,,,,,,,,
1254083,2021,2021-04-30,"Narendra Modi Stadium, Ahmedabad",1,2.1,Punjab Kings,Royal Challengers Bangalore,KL Rahul,P Simran Singh,DR Sams,0,0,,,,,,,,,
1254083,2021,2021-04-30,"Narendra Modi Stadium, Ahmedabad",1,2.2,Punjab Kings,Royal Challengers Bangalore,KL Rahul,P Simran Singh,DR Sams,0,0,,,,,,,,,
1254083,2021,2021-04-30,"Narendra Modi Stadium, Ahmedabad",1,2.3,Punjab Kings,Royal Challengers Bangalore,KL Rahul,P Simran Singh,DR Sams,1,0,,,,,,,,,
1254083,2021,2021-04-30,"Narendra Modi Stadium, Ahmedabad",1,2.4,Punjab Kings,Royal Challengers Bangalore,P Simran Singh,KL Rahul,DR Sams,0,0,,,,,,,,,
1254083,2021,2021-04-30,"Narendra Modi Stadium, Ahmedabad",1,2.5,Punjab Kings,Royal Challengers Bangalore,P Simran Singh,KL Rahul,DR Sams,4,0,,,,,,,,,
1254083,2021,2021-04-30,"Narendra Modi Stadium, Ahmedabad",1,2.6,Punjab Kings,Royal Challengers Bangalore,P Simran Singh,KL Rahul,DR Sams,0,0,,,,,,,,,
1254083,2021,2021-04-30,"Narendra Modi Stadium, Ahmedabad",1,3.1,Punjab Kings,Royal Challengers Bangalore,KL Rahul,P Simran Singh,KA Jamieson,1,0,,,,,,,,,
1254083,2021,2021-04-30,"Narendra Modi Stadium, Ahmedabad",1,3.2,Punjab Kings,Royal Challengers Bangalore,P Simran Singh,KL Rahul,KA Jamieson,0,0,,,,,,,,,
1254083,2021,2021-04-30,"Narendra Modi Stadium, Ahmedabad",1,3.3,Punjab Kings,Royal Challengers Bangalore,P Simran Singh,KL Rahul,KA Jamieson,0,0,,,,,,caught,P Simran Singh,,
1254083,2021,2021-04-30,"Narendra Modi Stadium, Ahmedabad",1,3.4,Punjab Kings,Royal Challengers Bangalore,KL Rahul,CH Gayle,KA Jamieson,0,0,,,,,,,,,
1254083,2021,2021-04-30,"Narendra Modi Stadium, Ahmedabad",1,3.5,Punjab Kings,Royal Challengers Bangalore,KL Rahul,CH Gayle,KA Jamieson,0,1,1,,,,,,,,
1254083,2021,2021-04-30,"Narendra Modi Stadium, Ahmedabad",1,3.6,Punjab Kings,Royal Challengers Bangalore,KL Rahul,CH Gayle,KA Jamieson,0,0,,,,,,,,,
1254083,2021,2021-04-30,"Narendra Modi Stadium, Ahmedabad",1,3.7,Punjab Kings,Royal Challengers Bangalore,KL Rahul,CH Gayle,KA Jamieson,1,0,,,,,,,,,
1254083,2021,2021-04-30,"Narendra Modi Stadium, Ahmedabad",1,4.1,Punjab Kings,Royal Challengers Bangalore,KL Rahul,CH Gayle,Mohammed Siraj,0,0,,,,,,,,,
1254083,2021,2021-04-30,"Narendra Modi Stadium, Ahmedabad",1,4.2,Punjab Kings,Royal Challengers Bangalore,KL Rahul,CH Gayle,Mohammed Siraj,1,0,,,,,,,,,
1254083,2021,2021-04-30,"Narendra Modi Stadium, Ahmedabad",1,4.3,Punjab Kings,Royal Challengers Bangalore,CH Gayle,KL Rahul,Mohammed Siraj,1,0,,,,,,,,,
1254083,2021,2021-04-30,"Narendra Modi Stadium, Ahmedabad",1,4.4,Punjab Kings,Royal Challengers Bangalore,KL Rahul,CH Gayle,Mohammed Siraj,4,0,,,,,,,,,
1254083,2021,2021-04-30,"Narendra Modi Stadium, Ahmedabad",1,4.5,Punjab Kings,Royal Challengers Bangalore,KL Rahul,CH Gayle,Mohammed Siraj,1,0,,,,,,,,,
1254083,2021,2021-04-30,"Narendra Modi Stadium, Ahmedabad",1,4.6,Punjab Kings,Royal Challengers Bangalore,CH Gayle,KL Rahul,Mohammed Siraj,1,0,,,,,,,,,
1254083,2021,2021-04-30,"Narendra Modi Stadium, Ahmedabad",1,5.1,Punjab Kings,Royal Challengers Bangalore,CH Gayle,KL Rahul,KA Jamieson,4,0,,,,,,,,,
1254083,2021,2021-04-30,"Narendra Modi Stadium, Ahmedabad",1,5.2,Punjab Kings,Royal Challengers Bangalore,CH Gayle,KL Rahul,KA Jamieson,4,0,,,,,,,,,
1254083,2021,2021-04-30,"Narendra Modi Stadium, Ahmedabad",1,5.3,Punjab Kings,Royal Challengers Bangalore,CH Gayle,KL Rahul,KA Jamieson,4,0,,,,,,,,,
1254083,2021,2021-04-30,"Narendra Modi Stadium, Ahmedabad",1,5.4,Punjab Kings,Royal Challengers Bangalore,CH Gayle,KL Rahul,KA Jamieson,4,0,,,,,,,,,
1254083,2021,2021-04-30,"Narendra Modi Stadium, Ahmedabad",1,5.5,Punjab Kings,Royal Challengers Bangalore,CH Gayle,KL Rahul,KA Jamieson,0,0,,,,,,,,,
1254083,2021,2021-04-30,"Narendra Modi Stadium, Ahmedabad",1,5.6,Punjab Kings,Royal Challengers Bangalore,CH Gayle,KL Rahul,KA Jamieson,4,0,,,,,,,,,
1254083,2021,2021-04-30,"Narendra Modi Stadium, Ahmedabad",1,6.1,Punjab Kings,Royal Challengers Bangalore,KL Rahul,CH Gayle,YS Chahal,1,0,,,,,,,,,
1254083,2021,2021-04-30,"Narendra Modi Stadium, Ahmedabad",1,6.2,Punjab Kings,Royal Challengers Bangalore,CH Gayle,KL Rahul,YS Chahal,6,0,,,,,,,,,
1254083,2021,2021-04-30,"Narendra Modi Stadium, Ahmedabad",1,6.3,Punjab Kings,Royal Challengers Bangalore,CH Gayle,KL Rahul,YS Chahal,0,0,,,,,,,,,
1254083,2021,2021-04-30,"Narendra Modi Stadium, Ahmedabad",1,6.4,Punjab Kings,Royal Challengers Bangalore,CH Gayle,KL Rahul,YS Chahal,2,0,,,,,,,,,
1254083,2021,2021-04-30,"Narendra Modi Stadium, Ahmedabad",1,6.5,Punjab Kings,Royal Challengers Bangalore,CH Gayle,KL Rahul,YS Chahal,0,0,,,,,,,,,
1254083,2021,2021-04-30,"Narendra Modi Stadium, Ahmedabad",1,6.6,Punjab Kings,Royal Challengers Bangalore,CH Gayle,KL Rahul,YS Chahal,6,0,,,,,,,,,
1254083,2021,2021-04-30,"Narendra Modi Stadium, Ahmedabad",1,7.1,Punjab Kings,Royal Challengers Bangalore,KL Rahul,CH Gayle,HV Patel,0,0,,,,,,,,,
1254083,2021,2021-04-30,"Narendra Modi Stadium, Ahmedabad",1,7.2,Punjab Kings,Royal Challengers Bangalore,KL Rahul,CH Gayle,HV Patel,4,0,,,,,,,,,
1254083,2021,2021-04-30,"Narendra Modi Stadium, Ahmedabad",1,7.3,Punjab Kings,Royal Challengers Bangalore,KL Rahul,CH Gayle,HV Patel,0,0,,,,,,,,,
1254083,2021,2021-04-30,"Narendra Modi Stadium, Ahmedabad",1,7.4,Punjab Kings,Royal Challengers Bangalore,KL Rahul,CH Gayle,HV Patel,0,0,,,,,,,,,
1254083,2021,2021-04-30,"Narendra Modi Stadium, Ahmedabad",1,7.5,Punjab Kings,Royal Challengers Bangalore,KL Rahul,CH Gayle,HV Patel,1,0,,,,,,,,,
1254083,2021,2021-04-30,"Narendra Modi Stadium, Ahmedabad",1,7.6,Punjab Kings,Royal Challengers Bangalore,CH Gayle,KL Rahul,HV Patel,1,0,,,,,,,,,
1254083,2021,2021-04-30,"Narendra Modi Stadium, Ahmedabad",1,8.1,Punjab Kings,Royal Challengers Bangalore,CH Gayle,KL Rahul,YS Chahal,1,0,,,,,,,,,
1254083,2021,2021-04-30,"Narendra Modi Stadium, Ahmedabad",1,8.2,Punjab Kings,Royal Challengers Bangalore,KL Rahul,CH Gayle,YS Chahal,1,0,,,,,,,,,
1254083,2021,2021-04-30,"Narendra Modi Stadium, Ahmedabad",1,8.3,Punjab Kings,Royal Challengers Bangalore,CH Gayle,KL Rahul,YS Chahal,0,0,,,,,,,,,
1254083,2021,2021-04-30,"Narendra Modi Stadium, Ahmedabad",1,8.4,Punjab Kings,Royal Challengers Bangalore,CH Gayle,KL Rahul,YS Chahal,1,0,,,,,,,,,
1254083,2021,2021-04-30,"Narendra Modi Stadium, Ahmedabad",1,8.5,Punjab Kings,Royal Challengers Bangalore,KL Rahul,CH Gayle,YS Chahal,4,0,,,,,,,,,
1254083,2021,2021-04-30,"Narendra Modi Stadium, Ahmedabad",1,8.6,Punjab Kings,Royal Challengers Bangalore,KL Rahul,CH Gayle,YS Chahal,6,0,,,,,,,,,
1254083,2021,2021-04-30,"Narendra Modi Stadium, Ahmedabad",1,9.1,Punjab Kings,Royal Challengers Bangalore,CH Gayle,KL Rahul,HV Patel,0,0,,,,,,,,,
1254083,2021,2021-04-30,"Narendra Modi Stadium, Ahmedabad",1,9.2,Punjab Kings,Royal Challengers Bangalore,CH Gayle,KL Rahul,HV Patel,4,0,,,,,,,,,
1254083,2021,2021-04-30,"Narendra Modi Stadium, Ahmedabad",1,9.3,Punjab Kings,Royal Challengers Bangalore,CH Gayle,KL Rahul,HV Patel,0,0,,,,,,,,,
1254083,2021,2021-04-30,"Narendra Modi Stadium, Ahmedabad",1,9.4,Punjab Kings,Royal Challengers Bangalore,CH Gayle,KL Rahul,HV Patel,1,0,,,,,,,,,
1254083,2021,2021-04-30,"Narendra Modi Stadium, Ahmedabad",1,9.5,Punjab Kings,Royal Challengers Bangalore,KL Rahul,CH Gayle,HV Patel,1,0,,,,,,,,,
1254083,2021,2021-04-30,"Narendra Modi Stadium, Ahmedabad",1,9.6,Punjab Kings,Royal Challengers Bangalore,CH Gayle,KL Rahul,HV Patel,1,0,,,,,,,,,
1254083,2021,2021-04-30,"Narendra Modi Stadium, Ahmedabad",1,10.1,Punjab Kings,Royal Challengers Bangalore,CH Gayle,KL Rahul,DR Sams,0,1,1,,,,,,,,
1254083,2021,2021-04-30,"Narendra Modi Stadium, Ahmedabad",1,10.2,Punjab Kings,Royal Challengers Bangalore,CH Gayle,KL Rahul,DR Sams,1,0,,,,,,,,,
1254083,2021,2021-04-30,"Narendra Modi Stadium, Ahmedabad",1,10.3,Punjab Kings,Royal Challengers Bangalore,KL Rahul,CH Gayle,DR Sams,6,0,,,,,,,,,
1254083,2021,2021-04-30,"Narendra Modi Stadium, Ahmedabad",1,10.4,Punjab Kings,Royal Challengers Bangalore,KL Rahul,CH Gayle,DR Sams,1,0,,,,,,,,,
1254083,2021,2021-04-30,"Narendra Modi Stadium, Ahmedabad",1,10.5,Punjab Kings,Royal Challengers Bangalore,CH Gayle,KL Rahul,DR Sams,0,0,,,,,,caught,CH Gayle,,
1254083,2021,2021-04-30,"Narendra Modi Stadium, Ahmedabad",1,10.6,Punjab Kings,Royal Challengers Bangalore,N Pooran,KL Rahul,DR Sams,0,0,,,,,,,,,
1254083,2021,2021-04-30,"Narendra Modi Stadium, Ahmedabad",1,10.7,Punjab Kings,Royal Challengers Bangalore,N Pooran,KL Rahul,DR Sams,0,1,1,,,,,,,,
1254083,2021,2021-04-30,"Narendra Modi Stadium, Ahmedabad",1,10.8,Punjab Kings,Royal Challengers Bangalore,N Pooran,KL Rahul,DR Sams,0,0,,,,,,,,,
1254083,2021,2021-04-30,"Narendra Modi Stadium, Ahmedabad",1,11.1,Punjab Kings,Royal Challengers Bangalore,KL Rahul,N Pooran,KA Jamieson,6,0,,,,,,,,,
1254083,2021,2021-04-30,"Narendra Modi Stadium, Ahmedabad",1,11.2,Punjab Kings,Royal Challengers Bangalore,KL Rahul,N Pooran,KA Jamieson,1,0,,,,,,,,,
1254083,2021,2021-04-30,"Narendra Modi Stadium, Ahmedabad",1,11.3,Punjab Kings,Royal Challengers Bangalore,N Pooran,KL Rahul,KA Jamieson,0,0,,,,,,caught,N Pooran,,
1254083,2021,2021-04-30,"Narendra Modi Stadium, Ahmedabad",1,11.4,Punjab Kings,Royal Challengers Bangalore,DJ Hooda,KL Rahul,KA Jamieson,0,0,,,,,,,,,
1254083,2021,2021-04-30,"Narendra Modi Stadium, Ahmedabad",1,11.5,Punjab Kings,Royal Challengers Bangalore,DJ Hooda,KL Rahul,KA Jamieson,1,0,,,,,,,,,
1254083,2021,2021-04-30,"Narendra Modi Stadium, Ahmedabad",1,11.6,Punjab Kings,Royal Challengers Bangalore,KL Rahul,DJ Hooda,KA Jamieson,1,0,,,,,,,,,
1254083,2021,2021-04-30,"Narendra Modi Stadium, Ahmedabad",1,12.1,Punjab Kings,Royal Challengers Bangalore,KL Rahul,DJ Hooda,YS Chahal,1,0,,,,,,,,,
1254083,2021,2021-04-30,"Narendra Modi Stadium, Ahmedabad",1,12.2,Punjab Kings,Royal Challengers Bangalore,DJ Hooda,KL Rahul,YS Chahal,0,0,,,,,,,,,
1254083,2021,2021-04-30,"Narendra Modi Stadium, Ahmedabad",1,12.3,Punjab Kings,Royal Challengers Bangalore,DJ Hooda,KL Rahul,YS Chahal,1,0,,,,,,,,,
1254083,2021,2021-04-30,"Narendra Modi Stadium, Ahmedabad",1,12.4,Punjab Kings,Royal Challengers Bangalore,KL Rahul,DJ Hooda,YS Chahal,0,0,,,,,,,,,
1254083,2021,2021-04-30,"Narendra Modi Stadium, Ahmedabad",1,12.5,Punjab Kings,Royal Challengers Bangalore,KL Rahul,DJ Hooda,YS Chahal,1,0,,,,,,,,,
1254083,2021,2021-04-30,"Narendra Modi Stadium, Ahmedabad",1,12.6,Punjab Kings,Royal Challengers Bangalore,DJ Hooda,KL Rahul,YS Chahal,1,0,,,,,,,,,
1254083,2021,2021-04-30,"Narendra Modi Stadium, Ahmedabad",1,13.1,Punjab Kings,Royal Challengers Bangalore,DJ Hooda,KL Rahul,Shahbaz Ahmed,1,0,,,,,,,,,
1254083,2021,2021-04-30,"Narendra Modi Stadium, Ahmedabad",1,13.2,Punjab Kings,Royal Challengers Bangalore,KL Rahul,DJ Hooda,Shahbaz Ahmed,1,0,,,,,,,,,
1254083,2021,2021-04-30,"Narendra Modi Stadium, Ahmedabad",1,13.3,Punjab Kings,Royal Challengers Bangalore,DJ Hooda,KL Rahul,Shahbaz Ahmed,1,0,,,,,,,,,
1254083,2021,2021-04-30,"Narendra Modi Stadium, Ahmedabad",1,13.4,Punjab Kings,Royal Challengers Bangalore,KL Rahul,DJ Hooda,Shahbaz Ahmed,1,0,,,,,,,,,
1254083,2021,2021-04-30,"Narendra Modi Stadium, Ahmedabad",1,13.5,Punjab Kings,Royal Challengers Bangalore,DJ Hooda,KL Rahul,Shahbaz Ahmed,0,0,,,,,,,,,
1254083,2021,2021-04-30,"Narendra Modi Stadium, Ahmedabad",1,13.6,Punjab Kings,Royal Challengers Bangalore,DJ Hooda,KL Rahul,Shahbaz Ahmed,0,0,,,,,,caught,DJ Hooda,,
1254083,2021,2021-04-30,"Narendra Modi Stadium, Ahmedabad",1,14.1,Punjab Kings,Royal Challengers Bangalore,KL Rahul,M Shahrukh Khan,YS Chahal,1,0,,,,,,,,,
1254083,2021,2021-04-30,"Narendra Modi Stadium, Ahmedabad",1,14.2,Punjab Kings,Royal Challengers Bangalore,M Shahrukh Khan,KL Rahul,YS Chahal,0,0,,,,,,,,,
1254083,2021,2021-04-30,"Narendra Modi Stadium, Ahmedabad",1,14.3,Punjab Kings,Royal Challengers Bangalore,M Shahrukh Khan,KL Rahul,YS Chahal,0,0,,,,,,,,,
1254083,2021,2021-04-30,"Narendra Modi Stadium, Ahmedabad",1,14.4,Punjab Kings,Royal Challengers Bangalore,M Shahrukh Khan,KL Rahul,YS Chahal,0,0,,,,,,bowled,M Shahrukh Khan,,
1254083,2021,2021-04-30,"Narendra Modi Stadium, Ahmedabad",1,14.5,Punjab Kings,Royal Challengers Bangalore,Harpreet Brar,KL Rahul,YS Chahal,0,0,,,,,,,,,
1254083,2021,2021-04-30,"Narendra Modi Stadium, Ahmedabad",1,14.6,Punjab Kings,Royal Challengers Bangalore,Harpreet Brar,KL Rahul,YS Chahal,1,0,,,,,,,,,
1254083,2021,2021-04-30,"Narendra Modi Stadium, Ahmedabad",1,15.1,Punjab Kings,Royal Challengers Bangalore,Harpreet Brar,KL Rahul,Shahbaz Ahmed,1,0,,,,,,,,,
1254083,2021,2021-04-30,"Narendra Modi Stadium, Ahmedabad",1,15.2,Punjab Kings,Royal Challengers Bangalore,KL Rahul,Harpreet Brar,Shahbaz Ahmed,1,0,,,,,,,,,
1254083,2021,2021-04-30,"Narendra Modi Stadium, Ahmedabad",1,15.3,Punjab Kings,Royal Challengers Bangalore,Harpreet Brar,KL Rahul,Shahbaz Ahmed,1,0,,,,,,,,,
1254083,2021,2021-04-30,"Narendra Modi Stadium, Ahmedabad",1,15.4,Punjab Kings,Royal Challengers Bangalore,KL Rahul,Harpreet Brar,Shahbaz Ahmed,2,0,,,,,,,,,
1254083,2021,2021-04-30,"Narendra Modi Stadium, Ahmedabad",1,15.5,Punjab Kings,Royal Challengers Bangalore,KL Rahul,Harpreet Brar,Shahbaz Ahmed,1,0,,,,,,,,,
1254083,2021,2021-04-30,"Narendra Modi Stadium, Ahmedabad",1,15.6,Punjab Kings,Royal Challengers Bangalore,Harpreet Brar,KL Rahul,Shahbaz Ahmed,1,0,,,,,,,,,
1254083,2021,2021-04-30,"Narendra Modi Stadium, Ahmedabad",1,16.1,Punjab Kings,Royal Challengers Bangalore,Harpreet Brar,KL Rahul,DR Sams,1,0,,,,,,,,,
1254083,2021,2021-04-30,"Narendra Modi Stadium, Ahmedabad",1,16.2,Punjab Kings,Royal Challengers Bangalore,KL Rahul,Harpreet Brar,DR Sams,2,0,,,,,,,,,
1254083,2021,2021-04-30,"Narendra Modi Stadium, Ahmedabad",1,16.3,Punjab Kings,Royal Challengers Bangalore,KL Rahul,Harpreet Brar,DR Sams,1,0,,,,,,,,,
1254083,2021,2021-04-30,"Narendra Modi Stadium, Ahmedabad",1,16.4,Punjab Kings,Royal Challengers Bangalore,Harpreet Brar,KL Rahul,DR Sams,0,0,,,,,,,,,
1254083,2021,2021-04-30,"Narendra Modi Stadium, Ahmedabad",1,16.5,Punjab Kings,Royal Challengers Bangalore,Harpreet Brar,KL Rahul,DR Sams,1,0,,,,,,,,,
1254083,2021,2021-04-30,"Narendra Modi Stadium, Ahmedabad",1,16.6,Punjab Kings,Royal Challengers Bangalore,KL Rahul,Harpreet Brar,DR Sams,1,0,,,,,,,,,
1254083,2021,2021-04-30,"Narendra Modi Stadium, Ahmedabad",1,17.1,Punjab Kings,Royal Challengers Bangalore,KL Rahul,Harpreet Brar,HV Patel,1,0,,,,,,,,,
1254083,2021,2021-04-30,"Narendra Modi Stadium, Ahmedabad",1,17.2,Punjab Kings,Royal Challengers Bangalore,Harpreet Brar,KL Rahul,HV Patel,4,0,,,,,,,,,
1254083,2021,2021-04-30,"Narendra Modi Stadium, Ahmedabad",1,17.3,Punjab Kings,Royal Challengers Bangalore,Harpreet Brar,KL Rahul,HV Patel,6,0,,,,,,,,,
1254083,2021,2021-04-30,"Narendra Modi Stadium, Ahmedabad",1,17.4,Punjab Kings,Royal Challengers Bangalore,Harpreet Brar,KL Rahul,HV Patel,1,0,,,,,,,,,
1254083,2021,2021-04-30,"Narendra Modi Stadium, Ahmedabad",1,17.5,Punjab Kings,Royal Challengers Bangalore,KL Rahul,Harpreet Brar,HV Patel,2,0,,,,,,,,,
1254083,2021,2021-04-30,"Narendra Modi Stadium, Ahmedabad",1,17.6,Punjab Kings,Royal Challengers Bangalore,KL Rahul,Harpreet Brar,HV Patel,4,0,,,,,,,,,
1254083,2021,2021-04-30,"Narendra Modi Stadium, Ahmedabad",1,18.1,Punjab Kings,Royal Challengers Bangalore,Harpreet Brar,KL Rahul,Mohammed Siraj,0,0,,,,,,,,,
1254083,2021,2021-04-30,"Narendra Modi Stadium, Ahmedabad",1,18.2,Punjab Kings,Royal Challengers Bangalore,Harpreet Brar,KL Rahul,Mohammed Siraj,0,1,,,,1,,,,,
1254083,2021,2021-04-30,"Narendra Modi Stadium, Ahmedabad",1,18.3,Punjab Kings,Royal Challengers Bangalore,KL Rahul,Harpreet Brar,Mohammed Siraj,1,0,,,,,,,,,
1254083,2021,2021-04-30,"Narendra Modi Stadium, Ahmedabad",1,18.4,Punjab Kings,Royal Challengers Bangalore,Harpreet Brar,KL Rahul,Mohammed Siraj,0,0,,,,,,,,,
1254083,2021,2021-04-30,"Narendra Modi Stadium, Ahmedabad",1,18.5,Punjab Kings,Royal Challengers Bangalore,Harpreet Brar,KL Rahul,Mohammed Siraj,1,0,,,,,,,,,
1254083,2021,2021-04-30,"Narendra Modi Stadium, Ahmedabad",1,18.6,Punjab Kings,Royal Challengers Bangalore,KL Rahul,Harpreet Brar,Mohammed Siraj,4,0,,,,,,,,,
1254083,2021,2021-04-30,"Narendra Modi Stadium, Ahmedabad",1,19.1,Punjab Kings,Royal Challengers Bangalore,Harpreet Brar,KL Rahul,HV Patel,1,0,,,,,,,,,
1254083,2021,2021-04-30,"Narendra Modi Stadium, Ahmedabad",1,19.2,Punjab Kings,Royal Challengers Bangalore,KL Rahul,Harpreet Brar,HV Patel,4,0,,,,,,,,,
1254083,2021,2021-04-30,"Narendra Modi Stadium, Ahmedabad",1,19.3,Punjab Kings,Royal Challengers Bangalore,KL Rahul,Harpreet Brar,HV Patel,6,0,,,,,,,,,
1254083,2021,2021-04-30,"Narendra Modi Stadium, Ahmedabad",1,19.4,Punjab Kings,Royal Challengers Bangalore,KL Rahul,Harpreet Brar,HV Patel,4,0,,,,,,,,,
1254083,2021,2021-04-30,"Narendra Modi Stadium, Ahmedabad",1,19.5,Punjab Kings,Royal Challengers Bangalore,KL Rahul,Harpreet Brar,HV Patel,1,0,,,,,,,,,
1254083,2021,2021-04-30,"Narendra Modi Stadium, Ahmedabad",1,19.6,Punjab Kings,Royal Challengers Bangalore,Harpreet Brar,KL Rahul,HV Patel,6,0,,,,,,,,,
1254083,2021,2021-04-30,"Narendra Modi Stadium, Ahmedabad",2,0.1,Royal Challengers Bangalore,Punjab Kings,V Kohli,D Padikkal,RP Meredith,1,0,,,,,,,,,
1254083,2021,2021-04-30,"Narendra Modi Stadium, Ahmedabad",2,0.2,Royal Challengers Bangalore,Punjab Kings,D Padikkal,V Kohli,RP Meredith,0,0,,,,,,,,,
1254083,2021,2021-04-30,"Narendra Modi Stadium, Ahmedabad",2,0.3,Royal Challengers Bangalore,Punjab Kings,D Padikkal,V Kohli,RP Meredith,1,0,,,,,,,,,
1254083,2021,2021-04-30,"Narendra Modi Stadium, Ahmedabad",2,0.4,Royal Challengers Bangalore,Punjab Kings,V Kohli,D Padikkal,RP Meredith,0,0,,,,,,,,,
1254083,2021,2021-04-30,"Narendra Modi Stadium, Ahmedabad",2,0.5,Royal Challengers Bangalore,Punjab Kings,V Kohli,D Padikkal,RP Meredith,4,0,,,,,,,,,
1254083,2021,2021-04-30,"Narendra Modi Stadium, Ahmedabad",2,0.6,Royal Challengers Bangalore,Punjab Kings,V Kohli,D Padikkal,RP Meredith,1,0,,,,,,,,,
1254083,2021,2021-04-30,"Narendra Modi Stadium, Ahmedabad",2,1.1,Royal Challengers Bangalore,Punjab Kings,V Kohli,D Padikkal,Mohammed Shami,4,0,,,,,,,,,
1254083,2021,2021-04-30,"Narendra Modi Stadium, Ahmedabad",2,1.2,Royal Challengers Bangalore,Punjab Kings,V Kohli,D Padikkal,Mohammed Shami,0,0,,,,,,,,,
1254083,2021,2021-04-30,"Narendra Modi Stadium, Ahmedabad",2,1.3,Royal Challengers Bangalore,Punjab Kings,V Kohli,D Padikkal,Mohammed Shami,0,0,,,,,,,,,
1254083,2021,2021-04-30,"Narendra Modi Stadium, Ahmedabad",2,1.4,Royal Challengers Bangalore,Punjab Kings,V Kohli,D Padikkal,Mohammed Shami,1,0,,,,,,,,,
1254083,2021,2021-04-30,"Narendra Modi Stadium, Ahmedabad",2,1.5,Royal Challengers Bangalore,Punjab Kings,D Padikkal,V Kohli,Mohammed Shami,0,0,,,,,,,,,
1254083,2021,2021-04-30,"Narendra Modi Stadium, Ahmedabad",2,1.6,Royal Challengers Bangalore,Punjab Kings,D Padikkal,V Kohli,Mohammed Shami,0,0,,,,,,,,,
1254083,2021,2021-04-30,"Narendra Modi Stadium, Ahmedabad",2,2.1,Royal Challengers Bangalore,Punjab Kings,V Kohli,D Padikkal,RP Meredith,1,0,,,,,,,,,
1254083,2021,2021-04-30,"Narendra Modi Stadium, Ahmedabad",2,2.2,Royal Challengers Bangalore,Punjab Kings,D Padikkal,V Kohli,RP Meredith,6,0,,,,,,,,,
1254083,2021,2021-04-30,"Narendra Modi Stadium, Ahmedabad",2,2.3,Royal Challengers Bangalore,Punjab Kings,D Padikkal,V Kohli,RP Meredith,0,0,,,,,,bowled,D Padikkal,,
1254083,2021,2021-04-30,"Narendra Modi Stadium, Ahmedabad",2,2.4,Royal Challengers Bangalore,Punjab Kings,RM Patidar,V Kohli,RP Meredith,1,0,,,,,,,,,
1254083,2021,2021-04-30,"Narendra Modi Stadium, Ahmedabad",2,2.5,Royal Challengers Bangalore,Punjab Kings,V Kohli,RM Patidar,RP Meredith,0,0,,,,,,,,,
1254083,2021,2021-04-30,"Narendra Modi Stadium, Ahmedabad",2,2.6,Royal Challengers Bangalore,Punjab Kings,V Kohli,RM Patidar,RP Meredith,0,0,,,,,,,,,
1254083,2021,2021-04-30,"Narendra Modi Stadium, Ahmedabad",2,3.1,Royal Challengers Bangalore,Punjab Kings,RM Patidar,V Kohli,Mohammed Shami,1,0,,,,,,,,,
1254083,2021,2021-04-30,"Narendra Modi Stadium, Ahmedabad",2,3.2,Royal Challengers Bangalore,Punjab Kings,V Kohli,RM Patidar,Mohammed Shami,1,0,,,,,,,,,
1254083,2021,2021-04-30,"Narendra Modi Stadium, Ahmedabad",2,3.3,Royal Challengers Bangalore,Punjab Kings,RM Patidar,V Kohli,Mohammed Shami,0,1,,,,1,,,,,
1254083,2021,2021-04-30,"Narendra Modi Stadium, Ahmedabad",2,3.4,Royal Challengers Bangalore,Punjab Kings,V Kohli,RM Patidar,Mohammed Shami,0,0,,,,,,,,,
1254083,2021,2021-04-30,"Narendra Modi Stadium, Ahmedabad",2,3.5,Royal Challengers Bangalore,Punjab Kings,V Kohli,RM Patidar,Mohammed Shami,1,0,,,,,,,,,
1254083,2021,2021-04-30,"Narendra Modi Stadium, Ahmedabad",2,3.6,Royal Challengers Bangalore,Punjab Kings,RM Patidar,V Kohli,Mohammed Shami,1,0,,,,,,,,,
1254083,2021,2021-04-30,"Narendra Modi Stadium, Ahmedabad",2,4.1,Royal Challengers Bangalore,Punjab Kings,RM Patidar,V Kohli,RP Meredith,0,0,,,,,,,,,
1254083,2021,2021-04-30,"Narendra Modi Stadium, Ahmedabad",2,4.2,Royal Challengers Bangalore,Punjab Kings,RM Patidar,V Kohli,RP Meredith,0,0,,,,,,,,,
1254083,2021,2021-04-30,"Narendra Modi Stadium, Ahmedabad",2,4.3,Royal Challengers Bangalore,Punjab Kings,RM Patidar,V Kohli,RP Meredith,1,0,,,,,,,,,
1254083,2021,2021-04-30,"Narendra Modi Stadium, Ahmedabad",2,4.4,Royal Challengers Bangalore,Punjab Kings,V Kohli,RM Patidar,RP Meredith,1,0,,,,,,,,,
1254083,2021,2021-04-30,"Narendra Modi Stadium, Ahmedabad",2,4.5,Royal Challengers Bangalore,Punjab Kings,RM Patidar,V Kohli,RP Meredith,4,0,,,,,,,,,
1254083,2021,2021-04-30,"Narendra Modi Stadium, Ahmedabad",2,4.6,Royal Challengers Bangalore,Punjab Kings,RM Patidar,V Kohli,RP Meredith,1,0,,,,,,,,,
1254083,2021,2021-04-30,"Narendra Modi Stadium, Ahmedabad",2,5.1,Royal Challengers Bangalore,Punjab Kings,RM Patidar,V Kohli,Ravi Bishnoi,0,0,,,,,,,,,
1254083,2021,2021-04-30,"Narendra Modi Stadium, Ahmedabad",2,5.2,Royal Challengers Bangalore,Punjab Kings,RM Patidar,V Kohli,Ravi Bishnoi,0,1,,,,1,,,,,
1254083,2021,2021-04-30,"Narendra Modi Stadium, Ahmedabad",2,5.3,Royal Challengers Bangalore,Punjab Kings,V Kohli,RM Patidar,Ravi Bishnoi,0,0,,,,,,,,,
1254083,2021,2021-04-30,"Narendra Modi Stadium, Ahmedabad",2,5.4,Royal Challengers Bangalore,Punjab Kings,V Kohli,RM Patidar,Ravi Bishnoi,1,0,,,,,,,,,
1254083,2021,2021-04-30,"Narendra Modi Stadium, Ahmedabad",2,5.5,Royal Challengers Bangalore,Punjab Kings,RM Patidar,V Kohli,Ravi Bishnoi,1,0,,,,,,,,,
1254083,2021,2021-04-30,"Narendra Modi Stadium, Ahmedabad",2,5.6,Royal Challengers Bangalore,Punjab Kings,V Kohli,RM Patidar,Ravi Bishnoi,1,0,,,,,,,,,
1254083,2021,2021-04-30,"Narendra Modi Stadium, Ahmedabad",2,6.1,Royal Challengers Bangalore,Punjab Kings,V Kohli,RM Patidar,Harpreet Brar,6,0,,,,,,,,,
1254083,2021,2021-04-30,"Narendra Modi Stadium, Ahmedabad",2,6.2,Royal Challengers Bangalore,Punjab Kings,V Kohli,RM Patidar,Harpreet Brar,0,0,,,,,,,,,
1254083,2021,2021-04-30,"Narendra Modi Stadium, Ahmedabad",2,6.3,Royal Challengers Bangalore,Punjab Kings,V Kohli,RM Patidar,Harpreet Brar,2,0,,,,,,,,,
1254083,2021,2021-04-30,"Narendra Modi Stadium, Ahmedabad",2,6.4,Royal Challengers Bangalore,Punjab Kings,V Kohli,RM Patidar,Harpreet Brar,1,0,,,,,,,,,
1254083,2021,2021-04-30,"Narendra Modi Stadium, Ahmedabad",2,6.5,Royal Challengers Bangalore,Punjab Kings,RM Patidar,V Kohli,Harpreet Brar,1,0,,,,,,,,,
1254083,2021,2021-04-30,"Narendra Modi Stadium, Ahmedabad",2,6.6,Royal Challengers Bangalore,Punjab Kings,V Kohli,RM Patidar,Harpreet Brar,0,0,,,,,,,,,
1254083,2021,2021-04-30,"Narendra Modi Stadium, Ahmedabad",2,7.1,Royal Challengers Bangalore,Punjab Kings,RM Patidar,V Kohli,CJ Jordan,0,0,,,,,,,,,
1254083,2021,2021-04-30,"Narendra Modi Stadium, Ahmedabad",2,7.2,Royal Challengers Bangalore,Punjab Kings,RM Patidar,V Kohli,CJ Jordan,1,0,,,,,,,,,
1254083,2021,2021-04-30,"Narendra Modi Stadium, Ahmedabad",2,7.3,Royal Challengers Bangalore,Punjab Kings,V Kohli,RM Patidar,CJ Jordan,1,0,,,,,,,,,
1254083,2021,2021-04-30,"Narendra Modi Stadium, Ahmedabad",2,7.4,Royal Challengers Bangalore,Punjab Kings,RM Patidar,V Kohli,CJ Jordan,0,0,,,,,,,,,
1254083,2021,2021-04-30,"Narendra Modi Stadium, Ahmedabad",2,7.5,Royal Challengers Bangalore,Punjab Kings,RM Patidar,V Kohli,CJ Jordan,0,1,,,,1,,,,,
1254083,2021,2021-04-30,"Narendra Modi Stadium, Ahmedabad",2,7.6,Royal Challengers Bangalore,Punjab Kings,V Kohli,RM Patidar,CJ Jordan,1,0,,,,,,,,,
1254083,2021,2021-04-30,"Narendra Modi Stadium, Ahmedabad",2,8.1,Royal Challengers Bangalore,Punjab Kings,V Kohli,RM Patidar,Harpreet Brar,4,0,,,,,,,,,
1254083,2021,2021-04-30,"Narendra Modi Stadium, Ahmedabad",2,8.2,Royal Challengers Bangalore,Punjab Kings,V Kohli,RM Patidar,Harpreet Brar,0,0,,,,,,,,,
1254083,2021,2021-04-30,"Narendra Modi Stadium, Ahmedabad",2,8.3,Royal Challengers Bangalore,Punjab Kings,V Kohli,RM Patidar,Harpreet Brar,0,2,,,,2,,,,,
1254083,2021,2021-04-30,"Narendra Modi Stadium, Ahmedabad",2,8.4,Royal Challengers Bangalore,Punjab Kings,V Kohli,RM Patidar,Harpreet Brar,1,0,,,,,,,,,
1254083,2021,2021-04-30,"Narendra Modi Stadium, Ahmedabad",2,8.5,Royal Challengers Bangalore,Punjab Kings,RM Patidar,V Kohli,Harpreet Brar,0,0,,,,,,,,,
1254083,2021,2021-04-30,"Narendra Modi Stadium, Ahmedabad",2,8.6,Royal Challengers Bangalore,Punjab Kings,RM Patidar,V Kohli,Harpreet Brar,2,0,,,,,,,,,
1254083,2021,2021-04-30,"Narendra Modi Stadium, Ahmedabad",2,9.1,Royal Challengers Bangalore,Punjab Kings,V Kohli,RM Patidar,Ravi Bishnoi,0,0,,,,,,,,,
1254083,2021,2021-04-30,"Narendra Modi Stadium, Ahmedabad",2,9.2,Royal Challengers Bangalore,Punjab Kings,V Kohli,RM Patidar,Ravi Bishnoi,1,0,,,,,,,,,
1254083,2021,2021-04-30,"Narendra Modi Stadium, Ahmedabad",2,9.3,Royal Challengers Bangalore,Punjab Kings,RM Patidar,V Kohli,Ravi Bishnoi,0,0,,,,,,,,,
1254083,2021,2021-04-30,"Narendra Modi Stadium, Ahmedabad",2,9.4,Royal Challengers Bangalore,Punjab Kings,RM Patidar,V Kohli,Ravi Bishnoi,1,0,,,,,,,,,
1254083,2021,2021-04-30,"Narendra Modi Stadium, Ahmedabad",2,9.5,Royal Challengers Bangalore,Punjab Kings,V Kohli,RM Patidar,Ravi Bishnoi,0,0,,,,,,,,,
1254083,2021,2021-04-30,"Narendra Modi Stadium, Ahmedabad",2,9.6,Royal Challengers Bangalore,Punjab Kings,V Kohli,RM Patidar,Ravi Bishnoi,1,0,,,,,,,,,
1254083,2021,2021-04-30,"Narendra Modi Stadium, Ahmedabad",2,10.1,Royal Challengers Bangalore,Punjab Kings,V Kohli,RM Patidar,Harpreet Brar,0,0,,,,,,bowled,V Kohli,,
1254083,2021,2021-04-30,"Narendra Modi Stadium, Ahmedabad",2,10.2,Royal Challengers Bangalore,Punjab Kings,GJ Maxwell,RM Patidar,Harpreet Brar,0,0,,,,,,bowled,GJ Maxwell,,
1254083,2021,2021-04-30,"Narendra Modi Stadium, Ahmedabad",2,10.3,Royal Challengers Bangalore,Punjab Kings,AB de Villiers,RM Patidar,Harpreet Brar,0,0,,,,,,,,,
1254083,2021,2021-04-30,"Narendra Modi Stadium, Ahmedabad",2,10.4,Royal Challengers Bangalore,Punjab Kings,AB de Villiers,RM Patidar,Harpreet Brar,0,0,,,,,,,,,
1254083,2021,2021-04-30,"Narendra Modi Stadium, Ahmedabad",2,10.5,Royal Challengers Bangalore,Punjab Kings,AB de Villiers,RM Patidar,Harpreet Brar,0,0,,,,,,,,,
1254083,2021,2021-04-30,"Narendra Modi Stadium, Ahmedabad",2,10.6,Royal Challengers Bangalore,Punjab Kings,AB de Villiers,RM Patidar,Harpreet Brar,0,0,,,,,,,,,
1254083,2021,2021-04-30,"Narendra Modi Stadium, Ahmedabad",2,11.1,Royal Challengers Bangalore,Punjab Kings,RM Patidar,AB de Villiers,Ravi Bishnoi,1,0,,,,,,,,,
1254083,2021,2021-04-30,"Narendra Modi Stadium, Ahmedabad",2,11.2,Royal Challengers Bangalore,Punjab Kings,AB de Villiers,RM Patidar,Ravi Bishnoi,1,0,,,,,,,,,
1254083,2021,2021-04-30,"Narendra Modi Stadium, Ahmedabad",2,11.3,Royal Challengers Bangalore,Punjab Kings,RM Patidar,AB de Villiers,Ravi Bishnoi,1,0,,,,,,,,,
1254083,2021,2021-04-30,"Narendra Modi Stadium, Ahmedabad",2,11.4,Royal Challengers Bangalore,Punjab Kings,AB de Villiers,RM Patidar,Ravi Bishnoi,0,0,,,,,,,,,
1254083,2021,2021-04-30,"Narendra Modi Stadium, Ahmedabad",2,11.5,Royal Challengers Bangalore,Punjab Kings,AB de Villiers,RM Patidar,Ravi Bishnoi,1,0,,,,,,,,,
1254083,2021,2021-04-30,"Narendra Modi Stadium, Ahmedabad",2,11.6,Royal Challengers Bangalore,Punjab Kings,RM Patidar,AB de Villiers,Ravi Bishnoi,0,2,2,,,,,,,,
1254083,2021,2021-04-30,"Narendra Modi Stadium, Ahmedabad",2,11.7,Royal Challengers Bangalore,Punjab Kings,AB de Villiers,RM Patidar,Ravi Bishnoi,1,0,,,,,,,,,
1254083,2021,2021-04-30,"Narendra Modi Stadium, Ahmedabad",2,12.1,Royal Challengers Bangalore,Punjab Kings,AB de Villiers,RM Patidar,Harpreet Brar,0,0,,,,,,caught,AB de Villiers,,
1254083,2021,2021-04-30,"Narendra Modi Stadium, Ahmedabad",2,12.2,Royal Challengers Bangalore,Punjab Kings,Shahbaz Ahmed,RM Patidar,Harpreet Brar,0,0,,,,,,,,,
1254083,2021,2021-04-30,"Narendra Modi Stadium, Ahmedabad",2,12.3,Royal Challengers Bangalore,Punjab Kings,Shahbaz Ahmed,RM Patidar,Harpreet Brar,0,0,,,,,,,,,
1254083,2021,2021-04-30,"Narendra Modi Stadium, Ahmedabad",2,12.4,Royal Challengers Bangalore,Punjab Kings,Shahbaz Ahmed,RM Patidar,Harpreet Brar,1,0,,,,,,,,,
1254083,2021,2021-04-30,"Narendra Modi Stadium, Ahmedabad",2,12.5,Royal Challengers Bangalore,Punjab Kings,RM Patidar,Shahbaz Ahmed,Harpreet Brar,1,0,,,,,,,,,
1254083,2021,2021-04-30,"Narendra Modi Stadium, Ahmedabad",2,12.6,Royal Challengers Bangalore,Punjab Kings,Shahbaz Ahmed,RM Patidar,Harpreet Brar,0,0,,,,,,,,,
1254083,2021,2021-04-30,"Narendra Modi Stadium, Ahmedabad",2,13.1,Royal Challengers Bangalore,Punjab Kings,RM Patidar,Shahbaz Ahmed,DJ Hooda,1,0,,,,,,,,,
1254083,2021,2021-04-30,"Narendra Modi Stadium, Ahmedabad",2,13.2,Royal Challengers Bangalore,Punjab Kings,Shahbaz Ahmed,RM Patidar,DJ Hooda,0,0,,,,,,,,,
1254083,2021,2021-04-30,"Narendra Modi Stadium, Ahmedabad",2,13.3,Royal Challengers Bangalore,Punjab Kings,Shahbaz Ahmed,RM Patidar,DJ Hooda,1,0,,,,,,,,,
1254083,2021,2021-04-30,"Narendra Modi Stadium, Ahmedabad",2,13.4,Royal Challengers Bangalore,Punjab Kings,RM Patidar,Shahbaz Ahmed,DJ Hooda,4,0,,,,,,,,,
1254083,2021,2021-04-30,"Narendra Modi Stadium, Ahmedabad",2,13.5,Royal Challengers Bangalore,Punjab Kings,RM Patidar,Shahbaz Ahmed,DJ Hooda,6,0,,,,,,,,,
1254083,2021,2021-04-30,"Narendra Modi Stadium, Ahmedabad",2,13.6,Royal Challengers Bangalore,Punjab Kings,RM Patidar,Shahbaz Ahmed,DJ Hooda,1,0,,,,,,,,,
1254083,2021,2021-04-30,"Narendra Modi Stadium, Ahmedabad",2,14.1,Royal Challengers Bangalore,Punjab Kings,RM Patidar,Shahbaz Ahmed,CJ Jordan,1,0,,,,,,,,,
1254083,2021,2021-04-30,"Narendra Modi Stadium, Ahmedabad",2,14.2,Royal Challengers Bangalore,Punjab Kings,Shahbaz Ahmed,RM Patidar,CJ Jordan,4,0,,,,,,,,,
1254083,2021,2021-04-30,"Narendra Modi Stadium, Ahmedabad",2,14.3,Royal Challengers Bangalore,Punjab Kings,Shahbaz Ahmed,RM Patidar,CJ Jordan,0,1,,,,1,,,,,
1254083,2021,2021-04-30,"Narendra Modi Stadium, Ahmedabad",2,14.4,Royal Challengers Bangalore,Punjab Kings,RM Patidar,Shahbaz Ahmed,CJ Jordan,0,1,1,,,,,,,,
1254083,2021,2021-04-30,"Narendra Modi Stadium, Ahmedabad",2,14.5,Royal Challengers Bangalore,Punjab Kings,RM Patidar,Shahbaz Ahmed,CJ Jordan,0,0,,,,,,caught,RM Patidar,,
1254083,2021,2021-04-30,"Narendra Modi Stadium, Ahmedabad",2,14.6,Royal Challengers Bangalore,Punjab Kings,Shahbaz Ahmed,DR Sams,CJ Jordan,1,0,,,,,,,,,
1254083,2021,2021-04-30,"Narendra Modi Stadium, Ahmedabad",2,14.7,Royal Challengers Bangalore,Punjab Kings,DR Sams,Shahbaz Ahmed,CJ Jordan,0,0,,,,,,,,,
1254083,2021,2021-04-30,"Narendra Modi Stadium, Ahmedabad",2,15.1,Royal Challengers Bangalore,Punjab Kings,Shahbaz Ahmed,DR Sams,Ravi Bishnoi,1,0,,,,,,,,,
1254083,2021,2021-04-30,"Narendra Modi Stadium, Ahmedabad",2,15.2,Royal Challengers Bangalore,Punjab Kings,DR Sams,Shahbaz Ahmed,Ravi Bishnoi,2,0,,,,,,,,,
1254083,2021,2021-04-30,"Narendra Modi Stadium, Ahmedabad",2,15.3,Royal Challengers Bangalore,Punjab Kings,DR Sams,Shahbaz Ahmed,Ravi Bishnoi,1,0,,,,,,,,,
1254083,2021,2021-04-30,"Narendra Modi Stadium, Ahmedabad",2,15.4,Royal Challengers Bangalore,Punjab Kings,Shahbaz Ahmed,DR Sams,Ravi Bishnoi,0,0,,,,,,caught,Shahbaz Ahmed,,
1254083,2021,2021-04-30,"Narendra Modi Stadium, Ahmedabad",2,15.5,Royal Challengers Bangalore,Punjab Kings,DR Sams,KA Jamieson,Ravi Bishnoi,0,0,,,,,,bowled,DR Sams,,
1254083,2021,2021-04-30,"Narendra Modi Stadium, Ahmedabad",2,15.6,Royal Challengers Bangalore,Punjab Kings,HV Patel,KA Jamieson,Ravi Bishnoi,0,0,,,,,,,,,
1254083,2021,2021-04-30,"Narendra Modi Stadium, Ahmedabad",2,16.1,Royal Challengers Bangalore,Punjab Kings,KA Jamieson,HV Patel,CJ Jordan,0,1,,,,1,,,,,
1254083,2021,2021-04-30,"Narendra Modi Stadium, Ahmedabad",2,16.2,Royal Challengers Bangalore,Punjab Kings,HV Patel,KA Jamieson,CJ Jordan,1,0,,,,,,,,,
1254083,2021,2021-04-30,"Narendra Modi Stadium, Ahmedabad",2,16.3,Royal Challengers Bangalore,Punjab Kings,KA Jamieson,HV Patel,CJ Jordan,1,0,,,,,,,,,
1254083,2021,2021-04-30,"Narendra Modi Stadium, Ahmedabad",2,16.4,Royal Challengers Bangalore,Punjab Kings,HV Patel,KA Jamieson,CJ Jordan,1,0,,,,,,,,,
1254083,2021,2021-04-30,"Narendra Modi Stadium, Ahmedabad",2,16.5,Royal Challengers Bangalore,Punjab Kings,KA Jamieson,HV Patel,CJ Jordan,2,0,,,,,,,,,
1254083,2021,2021-04-30,"Narendra Modi Stadium, Ahmedabad",2,16.6,Royal Challengers Bangalore,Punjab Kings,KA Jamieson,HV Patel,CJ Jordan,0,0,,,,,,,,,
1254083,2021,2021-04-30,"Narendra Modi Stadium, Ahmedabad",2,17.1,Royal Challengers Bangalore,Punjab Kings,HV Patel,KA Jamieson,Mohammed Shami,6,0,,,,,,,,,
1254083,2021,2021-04-30,"Narendra Modi Stadium, Ahmedabad",2,17.2,Royal Challengers Bangalore,Punjab Kings,HV Patel,KA Jamieson,Mohammed Shami,1,0,,,,,,,,,
1254083,2021,2021-04-30,"Narendra Modi Stadium, Ahmedabad",2,17.3,Royal Challengers Bangalore,Punjab Kings,KA Jamieson,HV Patel,Mohammed Shami,4,0,,,,,,,,,
1254083,2021,2021-04-30,"Narendra Modi Stadium, Ahmedabad",2,17.4,Royal Challengers Bangalore,Punjab Kings,KA Jamieson,HV Patel,Mohammed Shami,0,1,,,,1,,,,,
1254083,2021,2021-04-30,"Narendra Modi Stadium, Ahmedabad",2,17.5,Royal Challengers Bangalore,Punjab Kings,HV Patel,KA Jamieson,Mohammed Shami,2,0,,,,,,,,,
1254083,2021,2021-04-30,"Narendra Modi Stadium, Ahmedabad",2,17.6,Royal Challengers Bangalore,Punjab Kings,HV Patel,KA Jamieson,Mohammed Shami,1,0,,,,,,,,,
1254083,2021,2021-04-30,"Narendra Modi Stadium, Ahmedabad",2,18.1,Royal Challengers Bangalore,Punjab Kings,HV Patel,KA Jamieson,CJ Jordan,4,0,,,,,,,,,
1254083,2021,2021-04-30,"Narendra Modi Stadium, Ahmedabad",2,18.2,Royal Challengers Bangalore,Punjab Kings,HV Patel,KA Jamieson,CJ Jordan,4,0,,,,,,,,,
1254083,2021,2021-04-30,"Narendra Modi Stadium, Ahmedabad",2,18.3,Royal Challengers Bangalore,Punjab Kings,HV Patel,KA Jamieson,CJ Jordan,1,0,,,,,,,,,
1254083,2021,2021-04-30,"Narendra Modi Stadium, Ahmedabad",2,18.4,Royal Challengers Bangalore,Punjab Kings,KA Jamieson,HV Patel,CJ Jordan,0,0,,,,,,,,,
1254083,2021,2021-04-30,"Narendra Modi Stadium, Ahmedabad",2,18.5,Royal Challengers Bangalore,Punjab Kings,KA Jamieson,HV Patel,CJ Jordan,1,0,,,,,,,,,
1254083,2021,2021-04-30,"Narendra Modi Stadium, Ahmedabad",2,18.6,Royal Challengers Bangalore,Punjab Kings,HV Patel,KA Jamieson,CJ Jordan,6,0,,,,,,,,,
1254083,2021,2021-04-30,"Narendra Modi Stadium, Ahmedabad",2,19.1,Royal Challengers Bangalore,Punjab Kings,KA Jamieson,HV Patel,RP Meredith,6,0,,,,,,,,,
1254083,2021,2021-04-30,"Narendra Modi Stadium, Ahmedabad",2,19.2,Royal Challengers Bangalore,Punjab Kings,KA Jamieson,HV Patel,RP Meredith,1,0,,,,,,,,,
1254083,2021,2021-04-30,"Narendra Modi Stadium, Ahmedabad",2,19.3,Royal Challengers Bangalore,Punjab Kings,HV Patel,KA Jamieson,Mohammed Shami,4,0,,,,,,,,,
1254083,2021,2021-04-30,"Narendra Modi Stadium, Ahmedabad",2,19.4,Royal Challengers Bangalore,Punjab Kings,HV Patel,KA Jamieson,Mohammed Shami,0,0,,,,,,caught,HV Patel,,
1254083,2021,2021-04-30,"Narendra Modi Stadium, Ahmedabad",2,19.5,Royal Challengers Bangalore,Punjab Kings,KA Jamieson,Mohammed Siraj,Mohammed Shami,1,0,,,,,,,,,
1254083,2021,2021-04-30,"Narendra Modi Stadium, Ahmedabad",2,19.6,Royal Challengers Bangalore,Punjab Kings,Mohammed Siraj,KA Jamieson,Mohammed Shami,0,0,,,,,,,,,
