match_id,season,start_date,venue,innings,ball,batting_team,bowling_team,striker,non_striker,bowler,runs_off_bat,extras,wides,noballs,byes,legbyes,penalty,wicket_type,player_dismissed,other_wicket_type,other_player_dismissed
1254111,2021,2021-09-21,Dubai International Cricket Stadium,1,0.1,Rajasthan Royals,Punjab Kings,E Lewis,YBK Jaiswal,Mohammed Shami,1,0,,,,,,,,,
1254111,2021,2021-09-21,Dubai International Cricket Stadium,1,0.2,Rajasthan Royals,Punjab Kings,YBK Jaiswal,E Lewis,Mohammed Shami,0,0,,,,,,,,,
1254111,2021,2021-09-21,Dubai International Cricket Stadium,1,0.3,Rajasthan Royals,Punjab Kings,YBK Jaiswal,E Lewis,Mohammed Shami,0,0,,,,,,,,,
1254111,2021,2021-09-21,Dubai International Cricket Stadium,1,0.4,Rajasthan Royals,Punjab Kings,YBK Jaiswal,E Lewis,Mohammed Shami,0,0,,,,,,,,,
1254111,2021,2021-09-21,Dubai International Cricket Stadium,1,0.5,Rajasthan Royals,Punjab Kings,YBK Jaiswal,E Lewis,Mohammed Shami,4,0,,,,,,,,,
1254111,2021,2021-09-21,Dubai International Cricket Stadium,1,0.6,Rajasthan Royals,Punjab Kings,YBK Jaiswal,E Lewis,Mohammed Shami,4,0,,,,,,,,,
1254111,2021,2021-09-21,Dubai International Cricket Stadium,1,1.1,Rajasthan Royals,Punjab Kings,E Lewis,YBK Jaiswal,IC Porel,0,0,,,,,,,,,
1254111,2021,2021-09-21,Dubai International Cricket Stadium,1,1.2,Rajasthan Royals,Punjab Kings,E Lewis,YBK Jaiswal,IC Porel,0,1,1,,,,,,,,
1254111,2021,2021-09-21,Dubai International Cricket Stadium,1,1.3,Rajasthan Royals,Punjab Kings,E Lewis,YBK Jaiswal,IC Porel,0,0,,,,,,,,,
1254111,2021,2021-09-21,Dubai International Cricket Stadium,1,1.4,Rajasthan Royals,Punjab Kings,E Lewis,YBK Jaiswal,IC Porel,1,0,,,,,,,,,
1254111,2021,2021-09-21,Dubai International Cricket Stadium,1,1.5,Rajasthan Royals,Punjab Kings,YBK Jaiswal,E Lewis,IC Porel,0,1,,,,1,,,,,
1254111,2021,2021-09-21,Dubai International Cricket Stadium,1,1.6,Rajasthan Royals,Punjab Kings,E Lewis,YBK Jaiswal,IC Porel,0,0,,,,,,,,,
1254111,2021,2021-09-21,Dubai International Cricket Stadium,1,1.7,Rajasthan Royals,Punjab Kings,E Lewis,YBK Jaiswal,IC Porel,6,0,,,,,,,,,
1254111,2021,2021-09-21,Dubai International Cricket Stadium,1,2.1,Rajasthan Royals,Punjab Kings,YBK Jaiswal,E Lewis,Mohammed Shami,1,0,,,,,,,,,
1254111,2021,2021-09-21,Dubai International Cricket Stadium,1,2.2,Rajasthan Royals,Punjab Kings,E Lewis,YBK Jaiswal,Mohammed Shami,0,0,,,,,,,,,
1254111,2021,2021-09-21,Dubai International Cricket Stadium,1,2.3,Rajasthan Royals,Punjab Kings,E Lewis,YBK Jaiswal,Mohammed Shami,0,0,,,,,,,,,
1254111,2021,2021-09-21,Dubai International Cricket Stadium,1,2.4,Rajasthan Royals,Punjab Kings,E Lewis,YBK Jaiswal,Mohammed Shami,0,0,,,,,,,,,
1254111,2021,2021-09-21,Dubai International Cricket Stadium,1,2.5,Rajasthan Royals,Punjab Kings,E Lewis,YBK Jaiswal,Mohammed Shami,4,0,,,,,,,,,
1254111,2021,2021-09-21,Dubai International Cricket Stadium,1,2.6,Rajasthan Royals,Punjab Kings,E Lewis,YBK Jaiswal,Mohammed Shami,0,0,,,,,,,,,
1254111,2021,2021-09-21,Dubai International Cricket Stadium,1,3.1,Rajasthan Royals,Punjab Kings,YBK Jaiswal,E Lewis,IC Porel,1,0,,,,,,,,,
1254111,2021,2021-09-21,Dubai International Cricket Stadium,1,3.2,Rajasthan Royals,Punjab Kings,E Lewis,YBK Jaiswal,IC Porel,4,0,,,,,,,,,
1254111,2021,2021-09-21,Dubai International Cricket Stadium,1,3.3,Rajasthan Royals,Punjab Kings,E Lewis,YBK Jaiswal,IC Porel,4,0,,,,,,,,,
1254111,2021,2021-09-21,Dubai International Cricket Stadium,1,3.4,Rajasthan Royals,Punjab Kings,E Lewis,YBK Jaiswal,IC Porel,0,0,,,,,,,,,
1254111,2021,2021-09-21,Dubai International Cricket Stadium,1,3.5,Rajasthan Royals,Punjab Kings,E Lewis,YBK Jaiswal,IC Porel,4,0,,,,,,,,,
1254111,2021,2021-09-21,Dubai International Cricket Stadium,1,3.6,Rajasthan Royals,Punjab Kings,E Lewis,YBK Jaiswal,IC Porel,4,0,,,,,,,,,
1254111,2021,2021-09-21,Dubai International Cricket Stadium,1,4.1,Rajasthan Royals,Punjab Kings,YBK Jaiswal,E Lewis,DJ Hooda,4,0,,,,,,,,,
1254111,2021,2021-09-21,Dubai International Cricket Stadium,1,4.2,Rajasthan Royals,Punjab Kings,YBK Jaiswal,E Lewis,DJ Hooda,1,0,,,,,,,,,
1254111,2021,2021-09-21,Dubai International Cricket Stadium,1,4.3,Rajasthan Royals,Punjab Kings,E Lewis,YBK Jaiswal,DJ Hooda,0,0,,,,,,,,,
1254111,2021,2021-09-21,Dubai International Cricket Stadium,1,4.4,Rajasthan Royals,Punjab Kings,E Lewis,YBK Jaiswal,DJ Hooda,0,0,,,,,,,,,
1254111,2021,2021-09-21,Dubai International Cricket Stadium,1,4.5,Rajasthan Royals,Punjab Kings,E Lewis,YBK Jaiswal,DJ Hooda,4,0,,,,,,,,,
1254111,2021,2021-09-21,Dubai International Cricket Stadium,1,4.6,Rajasthan Royals,Punjab Kings,E Lewis,YBK Jaiswal,DJ Hooda,4,0,,,,,,,,,
1254111,2021,2021-09-21,Dubai International Cricket Stadium,1,5.1,Rajasthan Royals,Punjab Kings,YBK Jaiswal,E Lewis,Arshdeep Singh,0,0,,,,,,,,,
1254111,2021,2021-09-21,Dubai International Cricket Stadium,1,5.2,Rajasthan Royals,Punjab Kings,YBK Jaiswal,E Lewis,Arshdeep Singh,1,0,,,,,,,,,
1254111,2021,2021-09-21,Dubai International Cricket Stadium,1,5.3,Rajasthan Royals,Punjab Kings,E Lewis,YBK Jaiswal,Arshdeep Singh,0,0,,,,,,caught,E Lewis,,
1254111,2021,2021-09-21,Dubai International Cricket Stadium,1,5.4,Rajasthan Royals,Punjab Kings,SV Samson,YBK Jaiswal,Arshdeep Singh,2,0,,,,,,,,,
1254111,2021,2021-09-21,Dubai International Cricket Stadium,1,5.5,Rajasthan Royals,Punjab Kings,SV Samson,YBK Jaiswal,Arshdeep Singh,0,0,,,,,,,,,
1254111,2021,2021-09-21,Dubai International Cricket Stadium,1,5.6,Rajasthan Royals,Punjab Kings,SV Samson,YBK Jaiswal,Arshdeep Singh,1,0,,,,,,,,,
1254111,2021,2021-09-21,Dubai International Cricket Stadium,1,6.1,Rajasthan Royals,Punjab Kings,SV Samson,YBK Jaiswal,AU Rashid,1,0,,,,,,,,,
1254111,2021,2021-09-21,Dubai International Cricket Stadium,1,6.2,Rajasthan Royals,Punjab Kings,YBK Jaiswal,SV Samson,AU Rashid,4,0,,,,,,,,,
1254111,2021,2021-09-21,Dubai International Cricket Stadium,1,6.3,Rajasthan Royals,Punjab Kings,YBK Jaiswal,SV Samson,AU Rashid,0,0,,,,,,,,,
1254111,2021,2021-09-21,Dubai International Cricket Stadium,1,6.4,Rajasthan Royals,Punjab Kings,YBK Jaiswal,SV Samson,AU Rashid,6,0,,,,,,,,,
1254111,2021,2021-09-21,Dubai International Cricket Stadium,1,6.5,Rajasthan Royals,Punjab Kings,YBK Jaiswal,SV Samson,AU Rashid,0,0,,,,,,,,,
1254111,2021,2021-09-21,Dubai International Cricket Stadium,1,6.6,Rajasthan Royals,Punjab Kings,YBK Jaiswal,SV Samson,AU Rashid,0,0,,,,,,,,,
1254111,2021,2021-09-21,Dubai International Cricket Stadium,1,7.1,Rajasthan Royals,Punjab Kings,SV Samson,YBK Jaiswal,IC Porel,0,0,,,,,,caught,SV Samson,,
1254111,2021,2021-09-21,Dubai International Cricket Stadium,1,7.2,Rajasthan Royals,Punjab Kings,LS Livingstone,YBK Jaiswal,IC Porel,1,0,,,,,,,,,
1254111,2021,2021-09-21,Dubai International Cricket Stadium,1,7.3,Rajasthan Royals,Punjab Kings,YBK Jaiswal,LS Livingstone,IC Porel,0,0,,,,,,,,,
1254111,2021,2021-09-21,Dubai International Cricket Stadium,1,7.4,Rajasthan Royals,Punjab Kings,YBK Jaiswal,LS Livingstone,IC Porel,0,1,,,,1,,,,,
1254111,2021,2021-09-21,Dubai International Cricket Stadium,1,7.5,Rajasthan Royals,Punjab Kings,LS Livingstone,YBK Jaiswal,IC Porel,4,0,,,,,,,,,
1254111,2021,2021-09-21,Dubai International Cricket Stadium,1,7.6,Rajasthan Royals,Punjab Kings,LS Livingstone,YBK Jaiswal,IC Porel,0,1,1,,,,,,,,
1254111,2021,2021-09-21,Dubai International Cricket Stadium,1,7.7,Rajasthan Royals,Punjab Kings,LS Livingstone,YBK Jaiswal,IC Porel,0,1,,,,1,,,,,
1254111,2021,2021-09-21,Dubai International Cricket Stadium,1,8.1,Rajasthan Royals,Punjab Kings,LS Livingstone,YBK Jaiswal,AU Rashid,0,0,,,,,,,,,
1254111,2021,2021-09-21,Dubai International Cricket Stadium,1,8.2,Rajasthan Royals,Punjab Kings,LS Livingstone,YBK Jaiswal,AU Rashid,1,0,,,,,,,,,
1254111,2021,2021-09-21,Dubai International Cricket Stadium,1,8.3,Rajasthan Royals,Punjab Kings,YBK Jaiswal,LS Livingstone,AU Rashid,6,0,,,,,,,,,
1254111,2021,2021-09-21,Dubai International Cricket Stadium,1,8.4,Rajasthan Royals,Punjab Kings,YBK Jaiswal,LS Livingstone,AU Rashid,1,0,,,,,,,,,
1254111,2021,2021-09-21,Dubai International Cricket Stadium,1,8.5,Rajasthan Royals,Punjab Kings,LS Livingstone,YBK Jaiswal,AU Rashid,1,0,,,,,,,,,
1254111,2021,2021-09-21,Dubai International Cricket Stadium,1,8.6,Rajasthan Royals,Punjab Kings,YBK Jaiswal,LS Livingstone,AU Rashid,1,0,,,,,,,,,
1254111,2021,2021-09-21,Dubai International Cricket Stadium,1,9.1,Rajasthan Royals,Punjab Kings,YBK Jaiswal,LS Livingstone,IC Porel,1,0,,,,,,,,,
1254111,2021,2021-09-21,Dubai International Cricket Stadium,1,9.2,Rajasthan Royals,Punjab Kings,LS Livingstone,YBK Jaiswal,IC Porel,1,0,,,,,,,,,
1254111,2021,2021-09-21,Dubai International Cricket Stadium,1,9.3,Rajasthan Royals,Punjab Kings,YBK Jaiswal,LS Livingstone,IC Porel,1,0,,,,,,,,,
1254111,2021,2021-09-21,Dubai International Cricket Stadium,1,9.4,Rajasthan Royals,Punjab Kings,LS Livingstone,YBK Jaiswal,IC Porel,1,0,,,,,,,,,
1254111,2021,2021-09-21,Dubai International Cricket Stadium,1,9.5,Rajasthan Royals,Punjab Kings,YBK Jaiswal,LS Livingstone,IC Porel,4,0,,,,,,,,,
1254111,2021,2021-09-21,Dubai International Cricket Stadium,1,9.6,Rajasthan Royals,Punjab Kings,YBK Jaiswal,LS Livingstone,IC Porel,0,0,,,,,,,,,
1254111,2021,2021-09-21,Dubai International Cricket Stadium,1,10.1,Rajasthan Royals,Punjab Kings,LS Livingstone,YBK Jaiswal,Harpreet Brar,0,0,,,,,,,,,
1254111,2021,2021-09-21,Dubai International Cricket Stadium,1,10.2,Rajasthan Royals,Punjab Kings,LS Livingstone,YBK Jaiswal,Harpreet Brar,1,0,,,,,,,,,
1254111,2021,2021-09-21,Dubai International Cricket Stadium,1,10.3,Rajasthan Royals,Punjab Kings,YBK Jaiswal,LS Livingstone,Harpreet Brar,1,0,,,,,,,,,
1254111,2021,2021-09-21,Dubai International Cricket Stadium,1,10.4,Rajasthan Royals,Punjab Kings,LS Livingstone,YBK Jaiswal,Harpreet Brar,0,0,,,,,,,,,
1254111,2021,2021-09-21,Dubai International Cricket Stadium,1,10.5,Rajasthan Royals,Punjab Kings,LS Livingstone,YBK Jaiswal,Harpreet Brar,1,0,,,,,,,,,
1254111,2021,2021-09-21,Dubai International Cricket Stadium,1,10.6,Rajasthan Royals,Punjab Kings,YBK Jaiswal,LS Livingstone,Harpreet Brar,4,0,,,,,,,,,
1254111,2021,2021-09-21,Dubai International Cricket Stadium,1,11.1,Rajasthan Royals,Punjab Kings,LS Livingstone,YBK Jaiswal,Arshdeep Singh,2,0,,,,,,,,,
1254111,2021,2021-09-21,Dubai International Cricket Stadium,1,11.2,Rajasthan Royals,Punjab Kings,LS Livingstone,YBK Jaiswal,Arshdeep Singh,4,0,,,,,,,,,
1254111,2021,2021-09-21,Dubai International Cricket Stadium,1,11.3,Rajasthan Royals,Punjab Kings,LS Livingstone,YBK Jaiswal,Arshdeep Singh,2,0,,,,,,,,,
1254111,2021,2021-09-21,Dubai International Cricket Stadium,1,11.4,Rajasthan Royals,Punjab Kings,LS Livingstone,YBK Jaiswal,Arshdeep Singh,6,0,,,,,,,,,
1254111,2021,2021-09-21,Dubai International Cricket Stadium,1,11.5,Rajasthan Royals,Punjab Kings,LS Livingstone,YBK Jaiswal,Arshdeep Singh,0,1,1,,,,,,,,
1254111,2021,2021-09-21,Dubai International Cricket Stadium,1,11.6,Rajasthan Royals,Punjab Kings,LS Livingstone,YBK Jaiswal,Arshdeep Singh,0,0,,,,,,caught,LS Livingstone,,
1254111,2021,2021-09-21,Dubai International Cricket Stadium,1,11.7,Rajasthan Royals,Punjab Kings,MK Lomror,YBK Jaiswal,Arshdeep Singh,0,0,,,,,,,,,
1254111,2021,2021-09-21,Dubai International Cricket Stadium,1,12.1,Rajasthan Royals,Punjab Kings,YBK Jaiswal,MK Lomror,Harpreet Brar,1,0,,,,,,,,,
1254111,2021,2021-09-21,Dubai International Cricket Stadium,1,12.2,Rajasthan Royals,Punjab Kings,MK Lomror,YBK Jaiswal,Harpreet Brar,1,0,,,,,,,,,
1254111,2021,2021-09-21,Dubai International Cricket Stadium,1,12.3,Rajasthan Royals,Punjab Kings,YBK Jaiswal,MK Lomror,Harpreet Brar,1,0,,,,,,,,,
1254111,2021,2021-09-21,Dubai International Cricket Stadium,1,12.4,Rajasthan Royals,Punjab Kings,MK Lomror,YBK Jaiswal,Harpreet Brar,1,0,,,,,,,,,
1254111,2021,2021-09-21,Dubai International Cricket Stadium,1,12.5,Rajasthan Royals,Punjab Kings,YBK Jaiswal,MK Lomror,Harpreet Brar,1,0,,,,,,,,,
1254111,2021,2021-09-21,Dubai International Cricket Stadium,1,12.6,Rajasthan Royals,Punjab Kings,MK Lomror,YBK Jaiswal,Harpreet Brar,1,0,,,,,,,,,
1254111,2021,2021-09-21,Dubai International Cricket Stadium,1,13.1,Rajasthan Royals,Punjab Kings,MK Lomror,YBK Jaiswal,AU Rashid,1,0,,,,,,,,,
1254111,2021,2021-09-21,Dubai International Cricket Stadium,1,13.2,Rajasthan Royals,Punjab Kings,YBK Jaiswal,MK Lomror,AU Rashid,0,0,,,,,,,,,
1254111,2021,2021-09-21,Dubai International Cricket Stadium,1,13.3,Rajasthan Royals,Punjab Kings,YBK Jaiswal,MK Lomror,AU Rashid,0,0,,,,,,,,,
1254111,2021,2021-09-21,Dubai International Cricket Stadium,1,13.4,Rajasthan Royals,Punjab Kings,YBK Jaiswal,MK Lomror,AU Rashid,1,0,,,,,,,,,
1254111,2021,2021-09-21,Dubai International Cricket Stadium,1,13.5,Rajasthan Royals,Punjab Kings,MK Lomror,YBK Jaiswal,AU Rashid,6,0,,,,,,,,,
1254111,2021,2021-09-21,Dubai International Cricket Stadium,1,13.6,Rajasthan Royals,Punjab Kings,MK Lomror,YBK Jaiswal,AU Rashid,6,0,,,,,,,,,
1254111,2021,2021-09-21,Dubai International Cricket Stadium,1,14.1,Rajasthan Royals,Punjab Kings,YBK Jaiswal,MK Lomror,Harpreet Brar,0,0,,,,,,,,,
1254111,2021,2021-09-21,Dubai International Cricket Stadium,1,14.2,Rajasthan Royals,Punjab Kings,YBK Jaiswal,MK Lomror,Harpreet Brar,0,0,,,,,,caught,YBK Jaiswal,,
1254111,2021,2021-09-21,Dubai International Cricket Stadium,1,14.3,Rajasthan Royals,Punjab Kings,R Parag,MK Lomror,Harpreet Brar,1,0,,,,,,,,,
1254111,2021,2021-09-21,Dubai International Cricket Stadium,1,14.4,Rajasthan Royals,Punjab Kings,MK Lomror,R Parag,Harpreet Brar,1,0,,,,,,,,,
1254111,2021,2021-09-21,Dubai International Cricket Stadium,1,14.5,Rajasthan Royals,Punjab Kings,R Parag,MK Lomror,Harpreet Brar,1,0,,,,,,,,,
1254111,2021,2021-09-21,Dubai International Cricket Stadium,1,14.6,Rajasthan Royals,Punjab Kings,MK Lomror,R Parag,Harpreet Brar,1,0,,,,,,,,,
1254111,2021,2021-09-21,Dubai International Cricket Stadium,1,15.1,Rajasthan Royals,Punjab Kings,MK Lomror,R Parag,DJ Hooda,6,0,,,,,,,,,
1254111,2021,2021-09-21,Dubai International Cricket Stadium,1,15.2,Rajasthan Royals,Punjab Kings,MK Lomror,R Parag,DJ Hooda,6,0,,,,,,,,,
1254111,2021,2021-09-21,Dubai International Cricket Stadium,1,15.3,Rajasthan Royals,Punjab Kings,MK Lomror,R Parag,DJ Hooda,4,0,,,,,,,,,
1254111,2021,2021-09-21,Dubai International Cricket Stadium,1,15.4,Rajasthan Royals,Punjab Kings,MK Lomror,R Parag,DJ Hooda,2,0,,,,,,,,,
1254111,2021,2021-09-21,Dubai International Cricket Stadium,1,15.5,Rajasthan Royals,Punjab Kings,MK Lomror,R Parag,DJ Hooda,2,0,,,,,,,,,
1254111,2021,2021-09-21,Dubai International Cricket Stadium,1,15.6,Rajasthan Royals,Punjab Kings,MK Lomror,R Parag,DJ Hooda,4,0,,,,,,,,,
1254111,2021,2021-09-21,Dubai International Cricket Stadium,1,16.1,Rajasthan Royals,Punjab Kings,R Parag,MK Lomror,Mohammed Shami,0,0,,,,,,,,,
1254111,2021,2021-09-21,Dubai International Cricket Stadium,1,16.2,Rajasthan Royals,Punjab Kings,R Parag,MK Lomror,Mohammed Shami,2,0,,,,,,,,,
1254111,2021,2021-09-21,Dubai International Cricket Stadium,1,16.3,Rajasthan Royals,Punjab Kings,R Parag,MK Lomror,Mohammed Shami,0,0,,,,,,caught,R Parag,,
1254111,2021,2021-09-21,Dubai International Cricket Stadium,1,16.4,Rajasthan Royals,Punjab Kings,R Tewatia,MK Lomror,Mohammed Shami,0,0,,,,,,,,,
1254111,2021,2021-09-21,Dubai International Cricket Stadium,1,16.5,Rajasthan Royals,Punjab Kings,R Tewatia,MK Lomror,Mohammed Shami,1,0,,,,,,,,,
1254111,2021,2021-09-21,Dubai International Cricket Stadium,1,16.6,Rajasthan Royals,Punjab Kings,MK Lomror,R Tewatia,Mohammed Shami,1,0,,,,,,,,,
1254111,2021,2021-09-21,Dubai International Cricket Stadium,1,17.1,Rajasthan Royals,Punjab Kings,MK Lomror,R Tewatia,Arshdeep Singh,0,1,1,,,,,,,,
1254111,2021,2021-09-21,Dubai International Cricket Stadium,1,17.2,Rajasthan Royals,Punjab Kings,MK Lomror,R Tewatia,Arshdeep Singh,0,0,,,,,,caught,MK Lomror,,
1254111,2021,2021-09-21,Dubai International Cricket Stadium,1,17.3,Rajasthan Royals,Punjab Kings,R Tewatia,CH Morris,Arshdeep Singh,0,1,1,,,,,,,,
1254111,2021,2021-09-21,Dubai International Cricket Stadium,1,17.4,Rajasthan Royals,Punjab Kings,R Tewatia,CH Morris,Arshdeep Singh,0,0,,,,,,,,,
1254111,2021,2021-09-21,Dubai International Cricket Stadium,1,17.5,Rajasthan Royals,Punjab Kings,R Tewatia,CH Morris,Arshdeep Singh,1,0,,,,,,,,,
1254111,2021,2021-09-21,Dubai International Cricket Stadium,1,17.6,Rajasthan Royals,Punjab Kings,CH Morris,R Tewatia,Arshdeep Singh,0,0,,,,,,,,,
1254111,2021,2021-09-21,Dubai International Cricket Stadium,1,17.7,Rajasthan Royals,Punjab Kings,CH Morris,R Tewatia,Arshdeep Singh,2,0,,,,,,,,,
1254111,2021,2021-09-21,Dubai International Cricket Stadium,1,17.8,Rajasthan Royals,Punjab Kings,CH Morris,R Tewatia,Arshdeep Singh,2,0,,,,,,,,,
1254111,2021,2021-09-21,Dubai International Cricket Stadium,1,18.1,Rajasthan Royals,Punjab Kings,R Tewatia,CH Morris,Mohammed Shami,0,0,,,,,,bowled,R Tewatia,,
1254111,2021,2021-09-21,Dubai International Cricket Stadium,1,18.2,Rajasthan Royals,Punjab Kings,C Sakariya,CH Morris,Mohammed Shami,1,0,,,,,,,,,
1254111,2021,2021-09-21,Dubai International Cricket Stadium,1,18.3,Rajasthan Royals,Punjab Kings,CH Morris,C Sakariya,Mohammed Shami,1,0,,,,,,,,,
1254111,2021,2021-09-21,Dubai International Cricket Stadium,1,18.4,Rajasthan Royals,Punjab Kings,C Sakariya,CH Morris,Mohammed Shami,1,0,,,,,,,,,
1254111,2021,2021-09-21,Dubai International Cricket Stadium,1,18.5,Rajasthan Royals,Punjab Kings,CH Morris,C Sakariya,Mohammed Shami,0,0,,,,,,caught,CH Morris,,
1254111,2021,2021-09-21,Dubai International Cricket Stadium,1,18.6,Rajasthan Royals,Punjab Kings,C Sakariya,Kartik Tyagi,Mohammed Shami,0,0,,,,,,,,,
1254111,2021,2021-09-21,Dubai International Cricket Stadium,1,19.1,Rajasthan Royals,Punjab Kings,Kartik Tyagi,C Sakariya,Arshdeep Singh,0,1,,,,1,,,,,
1254111,2021,2021-09-21,Dubai International Cricket Stadium,1,19.2,Rajasthan Royals,Punjab Kings,C Sakariya,Kartik Tyagi,Arshdeep Singh,1,0,,,,,,,,,
1254111,2021,2021-09-21,Dubai International Cricket Stadium,1,19.3,Rajasthan Royals,Punjab Kings,Kartik Tyagi,C Sakariya,Arshdeep Singh,1,0,,,,,,,,,
1254111,2021,2021-09-21,Dubai International Cricket Stadium,1,19.4,Rajasthan Royals,Punjab Kings,C Sakariya,Kartik Tyagi,Arshdeep Singh,4,0,,,,,,,,,
1254111,2021,2021-09-21,Dubai International Cricket Stadium,1,19.5,Rajasthan Royals,Punjab Kings,C Sakariya,Kartik Tyagi,Arshdeep Singh,0,0,,,,,,caught and bowled,C Sakariya,,
1254111,2021,2021-09-21,Dubai International Cricket Stadium,1,19.6,Rajasthan Royals,Punjab Kings,Kartik Tyagi,Mustafizur Rahman,Arshdeep Singh,0,0,,,,,,bowled,Kartik Tyagi,,
1254111,2021,2021-09-21,Dubai International Cricket Stadium,2,0.1,Punjab Kings,Rajasthan Royals,KL Rahul,MA Agarwal,Mustafizur Rahman,0,0,,,,,,,,,
1254111,2021,2021-09-21,Dubai International Cricket Stadium,2,0.2,Punjab Kings,Rajasthan Royals,KL Rahul,MA Agarwal,Mustafizur Rahman,1,0,,,,,,,,,
1254111,2021,2021-09-21,Dubai International Cricket Stadium,2,0.3,Punjab Kings,Rajasthan Royals,MA Agarwal,KL Rahul,Mustafizur Rahman,1,0,,,,,,,,,
1254111,2021,2021-09-21,Dubai International Cricket Stadium,2,0.4,Punjab Kings,Rajasthan Royals,KL Rahul,MA Agarwal,Mustafizur Rahman,0,0,,,,,,,,,
1254111,2021,2021-09-21,Dubai International Cricket Stadium,2,0.5,Punjab Kings,Rajasthan Royals,KL Rahul,MA Agarwal,Mustafizur Rahman,1,0,,,,,,,,,
1254111,2021,2021-09-21,Dubai International Cricket Stadium,2,0.6,Punjab Kings,Rajasthan Royals,MA Agarwal,KL Rahul,Mustafizur Rahman,1,0,,,,,,,,,
1254111,2021,2021-09-21,Dubai International Cricket Stadium,2,1.1,Punjab Kings,Rajasthan Royals,MA Agarwal,KL Rahul,C Sakariya,0,0,,,,,,,,,
1254111,2021,2021-09-21,Dubai International Cricket Stadium,2,1.2,Punjab Kings,Rajasthan Royals,MA Agarwal,KL Rahul,C Sakariya,0,0,,,,,,,,,
1254111,2021,2021-09-21,Dubai International Cricket Stadium,2,1.3,Punjab Kings,Rajasthan Royals,MA Agarwal,KL Rahul,C Sakariya,1,0,,,,,,,,,
1254111,2021,2021-09-21,Dubai International Cricket Stadium,2,1.4,Punjab Kings,Rajasthan Royals,KL Rahul,MA Agarwal,C Sakariya,1,0,,,,,,,,,
1254111,2021,2021-09-21,Dubai International Cricket Stadium,2,1.5,Punjab Kings,Rajasthan Royals,MA Agarwal,KL Rahul,C Sakariya,2,0,,,,,,,,,
1254111,2021,2021-09-21,Dubai International Cricket Stadium,2,1.6,Punjab Kings,Rajasthan Royals,MA Agarwal,KL Rahul,C Sakariya,1,0,,,,,,,,,
1254111,2021,2021-09-21,Dubai International Cricket Stadium,2,2.1,Punjab Kings,Rajasthan Royals,MA Agarwal,KL Rahul,Kartik Tyagi,0,0,,,,,,,,,
1254111,2021,2021-09-21,Dubai International Cricket Stadium,2,2.2,Punjab Kings,Rajasthan Royals,MA Agarwal,KL Rahul,Kartik Tyagi,0,0,,,,,,,,,
1254111,2021,2021-09-21,Dubai International Cricket Stadium,2,2.3,Punjab Kings,Rajasthan Royals,MA Agarwal,KL Rahul,Kartik Tyagi,0,0,,,,,,,,,
1254111,2021,2021-09-21,Dubai International Cricket Stadium,2,2.4,Punjab Kings,Rajasthan Royals,MA Agarwal,KL Rahul,Kartik Tyagi,1,1,,1,,,,,,,
1254111,2021,2021-09-21,Dubai International Cricket Stadium,2,2.5,Punjab Kings,Rajasthan Royals,KL Rahul,MA Agarwal,Kartik Tyagi,4,0,,,,,,,,,
1254111,2021,2021-09-21,Dubai International Cricket Stadium,2,2.6,Punjab Kings,Rajasthan Royals,KL Rahul,MA Agarwal,Kartik Tyagi,0,0,,,,,,,,,
1254111,2021,2021-09-21,Dubai International Cricket Stadium,2,2.7,Punjab Kings,Rajasthan Royals,KL Rahul,MA Agarwal,Kartik Tyagi,1,0,,,,,,,,,
1254111,2021,2021-09-21,Dubai International Cricket Stadium,2,3.1,Punjab Kings,Rajasthan Royals,KL Rahul,MA Agarwal,C Sakariya,4,0,,,,,,,,,
1254111,2021,2021-09-21,Dubai International Cricket Stadium,2,3.2,Punjab Kings,Rajasthan Royals,KL Rahul,MA Agarwal,C Sakariya,6,0,,,,,,,,,
1254111,2021,2021-09-21,Dubai International Cricket Stadium,2,3.3,Punjab Kings,Rajasthan Royals,KL Rahul,MA Agarwal,C Sakariya,6,0,,,,,,,,,
1254111,2021,2021-09-21,Dubai International Cricket Stadium,2,3.4,Punjab Kings,Rajasthan Royals,KL Rahul,MA Agarwal,C Sakariya,1,0,,,,,,,,,
1254111,2021,2021-09-21,Dubai International Cricket Stadium,2,3.5,Punjab Kings,Rajasthan Royals,MA Agarwal,KL Rahul,C Sakariya,1,0,,,,,,,,,
1254111,2021,2021-09-21,Dubai International Cricket Stadium,2,3.6,Punjab Kings,Rajasthan Royals,KL Rahul,MA Agarwal,C Sakariya,1,0,,,,,,,,,
1254111,2021,2021-09-21,Dubai International Cricket Stadium,2,4.1,Punjab Kings,Rajasthan Royals,KL Rahul,MA Agarwal,CH Morris,0,1,1,,,,,,,,
1254111,2021,2021-09-21,Dubai International Cricket Stadium,2,4.2,Punjab Kings,Rajasthan Royals,KL Rahul,MA Agarwal,CH Morris,2,0,,,,,,,,,
1254111,2021,2021-09-21,Dubai International Cricket Stadium,2,4.3,Punjab Kings,Rajasthan Royals,KL Rahul,MA Agarwal,CH Morris,1,0,,,,,,,,,
1254111,2021,2021-09-21,Dubai International Cricket Stadium,2,4.4,Punjab Kings,Rajasthan Royals,MA Agarwal,KL Rahul,CH Morris,0,0,,,,,,,,,
1254111,2021,2021-09-21,Dubai International Cricket Stadium,2,4.5,Punjab Kings,Rajasthan Royals,MA Agarwal,KL Rahul,CH Morris,1,0,,,,,,,,,
1254111,2021,2021-09-21,Dubai International Cricket Stadium,2,4.6,Punjab Kings,Rajasthan Royals,KL Rahul,MA Agarwal,CH Morris,0,0,,,,,,,,,
1254111,2021,2021-09-21,Dubai International Cricket Stadium,2,4.7,Punjab Kings,Rajasthan Royals,KL Rahul,MA Agarwal,CH Morris,1,0,,,,,,,,,
1254111,2021,2021-09-21,Dubai International Cricket Stadium,2,5.1,Punjab Kings,Rajasthan Royals,KL Rahul,MA Agarwal,Mustafizur Rahman,1,0,,,,,,,,,
1254111,2021,2021-09-21,Dubai International Cricket Stadium,2,5.2,Punjab Kings,Rajasthan Royals,MA Agarwal,KL Rahul,Mustafizur Rahman,0,0,,,,,,,,,
1254111,2021,2021-09-21,Dubai International Cricket Stadium,2,5.3,Punjab Kings,Rajasthan Royals,MA Agarwal,KL Rahul,Mustafizur Rahman,4,0,,,,,,,,,
1254111,2021,2021-09-21,Dubai International Cricket Stadium,2,5.4,Punjab Kings,Rajasthan Royals,MA Agarwal,KL Rahul,Mustafizur Rahman,1,0,,,,,,,,,
1254111,2021,2021-09-21,Dubai International Cricket Stadium,2,5.5,Punjab Kings,Rajasthan Royals,KL Rahul,MA Agarwal,Mustafizur Rahman,1,0,,,,,,,,,
1254111,2021,2021-09-21,Dubai International Cricket Stadium,2,5.6,Punjab Kings,Rajasthan Royals,MA Agarwal,KL Rahul,Mustafizur Rahman,1,0,,,,,,,,,
1254111,2021,2021-09-21,Dubai International Cricket Stadium,2,6.1,Punjab Kings,Rajasthan Royals,MA Agarwal,KL Rahul,R Tewatia,0,1,1,,,,,,,,
1254111,2021,2021-09-21,Dubai International Cricket Stadium,2,6.2,Punjab Kings,Rajasthan Royals,MA Agarwal,KL Rahul,R Tewatia,1,0,,,,,,,,,
1254111,2021,2021-09-21,Dubai International Cricket Stadium,2,6.3,Punjab Kings,Rajasthan Royals,KL Rahul,MA Agarwal,R Tewatia,0,0,,,,,,,,,
1254111,2021,2021-09-21,Dubai International Cricket Stadium,2,6.4,Punjab Kings,Rajasthan Royals,KL Rahul,MA Agarwal,R Tewatia,1,0,,,,,,,,,
1254111,2021,2021-09-21,Dubai International Cricket Stadium,2,6.5,Punjab Kings,Rajasthan Royals,MA Agarwal,KL Rahul,R Tewatia,4,0,,,,,,,,,
1254111,2021,2021-09-21,Dubai International Cricket Stadium,2,6.6,Punjab Kings,Rajasthan Royals,MA Agarwal,KL Rahul,R Tewatia,0,0,,,,,,,,,
1254111,2021,2021-09-21,Dubai International Cricket Stadium,2,6.7,Punjab Kings,Rajasthan Royals,MA Agarwal,KL Rahul,R Tewatia,1,0,,,,,,,,,
1254111,2021,2021-09-21,Dubai International Cricket Stadium,2,7.1,Punjab Kings,Rajasthan Royals,MA Agarwal,KL Rahul,Kartik Tyagi,4,0,,,,,,,,,
1254111,2021,2021-09-21,Dubai International Cricket Stadium,2,7.2,Punjab Kings,Rajasthan Royals,MA Agarwal,KL Rahul,Kartik Tyagi,4,0,,,,,,,,,
1254111,2021,2021-09-21,Dubai International Cricket Stadium,2,7.3,Punjab Kings,Rajasthan Royals,MA Agarwal,KL Rahul,Kartik Tyagi,4,0,,,,,,,,,
1254111,2021,2021-09-21,Dubai International Cricket Stadium,2,7.4,Punjab Kings,Rajasthan Royals,MA Agarwal,KL Rahul,Kartik Tyagi,1,0,,,,,,,,,
1254111,2021,2021-09-21,Dubai International Cricket Stadium,2,7.5,Punjab Kings,Rajasthan Royals,KL Rahul,MA Agarwal,Kartik Tyagi,1,0,,,,,,,,,
1254111,2021,2021-09-21,Dubai International Cricket Stadium,2,7.6,Punjab Kings,Rajasthan Royals,MA Agarwal,KL Rahul,Kartik Tyagi,1,0,,,,,,,,,
1254111,2021,2021-09-21,Dubai International Cricket Stadium,2,8.1,Punjab Kings,Rajasthan Royals,MA Agarwal,KL Rahul,R Tewatia,1,0,,,,,,,,,
1254111,2021,2021-09-21,Dubai International Cricket Stadium,2,8.2,Punjab Kings,Rajasthan Royals,KL Rahul,MA Agarwal,R Tewatia,1,0,,,,,,,,,
1254111,2021,2021-09-21,Dubai International Cricket Stadium,2,8.3,Punjab Kings,Rajasthan Royals,MA Agarwal,KL Rahul,R Tewatia,4,0,,,,,,,,,
1254111,2021,2021-09-21,Dubai International Cricket Stadium,2,8.4,Punjab Kings,Rajasthan Royals,MA Agarwal,KL Rahul,R Tewatia,1,0,,,,,,,,,
1254111,2021,2021-09-21,Dubai International Cricket Stadium,2,8.5,Punjab Kings,Rajasthan Royals,KL Rahul,MA Agarwal,R Tewatia,1,0,,,,,,,,,
1254111,2021,2021-09-21,Dubai International Cricket Stadium,2,8.6,Punjab Kings,Rajasthan Royals,MA Agarwal,KL Rahul,R Tewatia,1,0,,,,,,,,,
1254111,2021,2021-09-21,Dubai International Cricket Stadium,2,9.1,Punjab Kings,Rajasthan Royals,MA Agarwal,KL Rahul,CH Morris,6,0,,,,,,,,,
1254111,2021,2021-09-21,Dubai International Cricket Stadium,2,9.2,Punjab Kings,Rajasthan Royals,MA Agarwal,KL Rahul,CH Morris,0,1,1,,,,,,,,
1254111,2021,2021-09-21,Dubai International Cricket Stadium,2,9.3,Punjab Kings,Rajasthan Royals,MA Agarwal,KL Rahul,CH Morris,0,0,,,,,,,,,
1254111,2021,2021-09-21,Dubai International Cricket Stadium,2,9.4,Punjab Kings,Rajasthan Royals,MA Agarwal,KL Rahul,CH Morris,6,0,,,,,,,,,
1254111,2021,2021-09-21,Dubai International Cricket Stadium,2,9.5,Punjab Kings,Rajasthan Royals,MA Agarwal,KL Rahul,CH Morris,0,2,2,,,,,,,,
1254111,2021,2021-09-21,Dubai International Cricket Stadium,2,9.6,Punjab Kings,Rajasthan Royals,KL Rahul,MA Agarwal,CH Morris,0,1,1,,,,,,,,
1254111,2021,2021-09-21,Dubai International Cricket Stadium,2,9.7,Punjab Kings,Rajasthan Royals,KL Rahul,MA Agarwal,CH Morris,4,0,,,,,,,,,
1254111,2021,2021-09-21,Dubai International Cricket Stadium,2,9.8,Punjab Kings,Rajasthan Royals,KL Rahul,MA Agarwal,CH Morris,1,0,,,,,,,,,
1254111,2021,2021-09-21,Dubai International Cricket Stadium,2,9.9,Punjab Kings,Rajasthan Royals,MA Agarwal,KL Rahul,CH Morris,4,0,,,,,,,,,
1254111,2021,2021-09-21,Dubai International Cricket Stadium,2,10.1,Punjab Kings,Rajasthan Royals,KL Rahul,MA Agarwal,MK Lomror,1,0,,,,,,,,,
1254111,2021,2021-09-21,Dubai International Cricket Stadium,2,10.2,Punjab Kings,Rajasthan Royals,MA Agarwal,KL Rahul,MK Lomror,1,0,,,,,,,,,
1254111,2021,2021-09-21,Dubai International Cricket Stadium,2,10.3,Punjab Kings,Rajasthan Royals,KL Rahul,MA Agarwal,MK Lomror,1,0,,,,,,,,,
1254111,2021,2021-09-21,Dubai International Cricket Stadium,2,10.4,Punjab Kings,Rajasthan Royals,MA Agarwal,KL Rahul,MK Lomror,1,0,,,,,,,,,
1254111,2021,2021-09-21,Dubai International Cricket Stadium,2,10.5,Punjab Kings,Rajasthan Royals,KL Rahul,MA Agarwal,MK Lomror,1,0,,,,,,,,,
1254111,2021,2021-09-21,Dubai International Cricket Stadium,2,10.6,Punjab Kings,Rajasthan Royals,MA Agarwal,KL Rahul,MK Lomror,2,0,,,,,,,,,
1254111,2021,2021-09-21,Dubai International Cricket Stadium,2,11.1,Punjab Kings,Rajasthan Royals,KL Rahul,MA Agarwal,C Sakariya,4,0,,,,,,,,,
1254111,2021,2021-09-21,Dubai International Cricket Stadium,2,11.2,Punjab Kings,Rajasthan Royals,KL Rahul,MA Agarwal,C Sakariya,0,1,1,,,,,,,,
1254111,2021,2021-09-21,Dubai International Cricket Stadium,2,11.3,Punjab Kings,Rajasthan Royals,KL Rahul,MA Agarwal,C Sakariya,0,0,,,,,,,,,
1254111,2021,2021-09-21,Dubai International Cricket Stadium,2,11.4,Punjab Kings,Rajasthan Royals,KL Rahul,MA Agarwal,C Sakariya,1,0,,,,,,,,,
1254111,2021,2021-09-21,Dubai International Cricket Stadium,2,11.5,Punjab Kings,Rajasthan Royals,MA Agarwal,KL Rahul,C Sakariya,1,0,,,,,,,,,
1254111,2021,2021-09-21,Dubai International Cricket Stadium,2,11.6,Punjab Kings,Rajasthan Royals,KL Rahul,MA Agarwal,C Sakariya,0,0,,,,,,caught,KL Rahul,,
1254111,2021,2021-09-21,Dubai International Cricket Stadium,2,11.7,Punjab Kings,Rajasthan Royals,AK Markram,MA Agarwal,C Sakariya,0,0,,,,,,,,,
1254111,2021,2021-09-21,Dubai International Cricket Stadium,2,12.1,Punjab Kings,Rajasthan Royals,MA Agarwal,AK Markram,R Tewatia,2,0,,,,,,,,,
1254111,2021,2021-09-21,Dubai International Cricket Stadium,2,12.2,Punjab Kings,Rajasthan Royals,MA Agarwal,AK Markram,R Tewatia,1,0,,,,,,,,,
1254111,2021,2021-09-21,Dubai International Cricket Stadium,2,12.3,Punjab Kings,Rajasthan Royals,AK Markram,MA Agarwal,R Tewatia,1,0,,,,,,,,,
1254111,2021,2021-09-21,Dubai International Cricket Stadium,2,12.4,Punjab Kings,Rajasthan Royals,MA Agarwal,AK Markram,R Tewatia,1,0,,,,,,,,,
1254111,2021,2021-09-21,Dubai International Cricket Stadium,2,12.5,Punjab Kings,Rajasthan Royals,AK Markram,MA Agarwal,R Tewatia,1,0,,,,,,,,,
1254111,2021,2021-09-21,Dubai International Cricket Stadium,2,12.6,Punjab Kings,Rajasthan Royals,MA Agarwal,AK Markram,R Tewatia,0,0,,,,,,caught,MA Agarwal,,
1254111,2021,2021-09-21,Dubai International Cricket Stadium,2,13.1,Punjab Kings,Rajasthan Royals,N Pooran,AK Markram,R Parag,2,0,,,,,,,,,
1254111,2021,2021-09-21,Dubai International Cricket Stadium,2,13.2,Punjab Kings,Rajasthan Royals,N Pooran,AK Markram,R Parag,2,0,,,,,,,,,
1254111,2021,2021-09-21,Dubai International Cricket Stadium,2,13.3,Punjab Kings,Rajasthan Royals,N Pooran,AK Markram,R Parag,1,0,,,,,,,,,
1254111,2021,2021-09-21,Dubai International Cricket Stadium,2,13.4,Punjab Kings,Rajasthan Royals,AK Markram,N Pooran,R Parag,4,0,,,,,,,,,
1254111,2021,2021-09-21,Dubai International Cricket Stadium,2,13.5,Punjab Kings,Rajasthan Royals,AK Markram,N Pooran,R Parag,1,0,,,,,,,,,
1254111,2021,2021-09-21,Dubai International Cricket Stadium,2,13.6,Punjab Kings,Rajasthan Royals,N Pooran,AK Markram,R Parag,6,0,,,,,,,,,
1254111,2021,2021-09-21,Dubai International Cricket Stadium,2,14.1,Punjab Kings,Rajasthan Royals,AK Markram,N Pooran,Kartik Tyagi,1,0,,,,,,,,,
1254111,2021,2021-09-21,Dubai International Cricket Stadium,2,14.2,Punjab Kings,Rajasthan Royals,N Pooran,AK Markram,Kartik Tyagi,0,0,,,,,,,,,
1254111,2021,2021-09-21,Dubai International Cricket Stadium,2,14.3,Punjab Kings,Rajasthan Royals,N Pooran,AK Markram,Kartik Tyagi,0,0,,,,,,,,,
1254111,2021,2021-09-21,Dubai International Cricket Stadium,2,14.4,Punjab Kings,Rajasthan Royals,N Pooran,AK Markram,Kartik Tyagi,0,0,,,,,,,,,
1254111,2021,2021-09-21,Dubai International Cricket Stadium,2,14.5,Punjab Kings,Rajasthan Royals,N Pooran,AK Markram,Kartik Tyagi,1,0,,,,,,,,,
1254111,2021,2021-09-21,Dubai International Cricket Stadium,2,14.6,Punjab Kings,Rajasthan Royals,AK Markram,N Pooran,Kartik Tyagi,4,0,,,,,,,,,
1254111,2021,2021-09-21,Dubai International Cricket Stadium,2,15.1,Punjab Kings,Rajasthan Royals,N Pooran,AK Markram,CH Morris,1,0,,,,,,,,,
1254111,2021,2021-09-21,Dubai International Cricket Stadium,2,15.2,Punjab Kings,Rajasthan Royals,AK Markram,N Pooran,CH Morris,1,0,,,,,,,,,
1254111,2021,2021-09-21,Dubai International Cricket Stadium,2,15.3,Punjab Kings,Rajasthan Royals,N Pooran,AK Markram,CH Morris,1,0,,,,,,,,,
1254111,2021,2021-09-21,Dubai International Cricket Stadium,2,15.4,Punjab Kings,Rajasthan Royals,AK Markram,N Pooran,CH Morris,0,0,,,,,,,,,
1254111,2021,2021-09-21,Dubai International Cricket Stadium,2,15.5,Punjab Kings,Rajasthan Royals,AK Markram,N Pooran,CH Morris,0,1,1,,,,,,,,
1254111,2021,2021-09-21,Dubai International Cricket Stadium,2,15.6,Punjab Kings,Rajasthan Royals,AK Markram,N Pooran,CH Morris,1,0,,,,,,,,,
1254111,2021,2021-09-21,Dubai International Cricket Stadium,2,15.7,Punjab Kings,Rajasthan Royals,N Pooran,AK Markram,CH Morris,1,0,,,,,,,,,
1254111,2021,2021-09-21,Dubai International Cricket Stadium,2,16.1,Punjab Kings,Rajasthan Royals,N Pooran,AK Markram,Mustafizur Rahman,4,0,,,,,,,,,
1254111,2021,2021-09-21,Dubai International Cricket Stadium,2,16.2,Punjab Kings,Rajasthan Royals,N Pooran,AK Markram,Mustafizur Rahman,0,0,,,,,,,,,
1254111,2021,2021-09-21,Dubai International Cricket Stadium,2,16.3,Punjab Kings,Rajasthan Royals,N Pooran,AK Markram,Mustafizur Rahman,6,0,,,,,,,,,
1254111,2021,2021-09-21,Dubai International Cricket Stadium,2,16.4,Punjab Kings,Rajasthan Royals,N Pooran,AK Markram,Mustafizur Rahman,3,0,,,,,,,,,
1254111,2021,2021-09-21,Dubai International Cricket Stadium,2,16.5,Punjab Kings,Rajasthan Royals,AK Markram,N Pooran,Mustafizur Rahman,0,0,,,,,,,,,
1254111,2021,2021-09-21,Dubai International Cricket Stadium,2,16.6,Punjab Kings,Rajasthan Royals,AK Markram,N Pooran,Mustafizur Rahman,1,0,,,,,,,,,
1254111,2021,2021-09-21,Dubai International Cricket Stadium,2,17.1,Punjab Kings,Rajasthan Royals,AK Markram,N Pooran,CH Morris,6,0,,,,,,,,,
1254111,2021,2021-09-21,Dubai International Cricket Stadium,2,17.2,Punjab Kings,Rajasthan Royals,AK Markram,N Pooran,CH Morris,1,0,,,,,,,,,
1254111,2021,2021-09-21,Dubai International Cricket Stadium,2,17.3,Punjab Kings,Rajasthan Royals,N Pooran,AK Markram,CH Morris,1,0,,,,,,,,,
1254111,2021,2021-09-21,Dubai International Cricket Stadium,2,17.4,Punjab Kings,Rajasthan Royals,AK Markram,N Pooran,CH Morris,0,0,,,,,,,,,
1254111,2021,2021-09-21,Dubai International Cricket Stadium,2,17.5,Punjab Kings,Rajasthan Royals,AK Markram,N Pooran,CH Morris,1,0,,,,,,,,,
1254111,2021,2021-09-21,Dubai International Cricket Stadium,2,17.6,Punjab Kings,Rajasthan Royals,N Pooran,AK Markram,CH Morris,1,0,,,,,,,,,
1254111,2021,2021-09-21,Dubai International Cricket Stadium,2,18.1,Punjab Kings,Rajasthan Royals,N Pooran,AK Markram,Mustafizur Rahman,0,0,,,,,,,,,
1254111,2021,2021-09-21,Dubai International Cricket Stadium,2,18.2,Punjab Kings,Rajasthan Royals,N Pooran,AK Markram,Mustafizur Rahman,0,0,,,,,,,,,
1254111,2021,2021-09-21,Dubai International Cricket Stadium,2,18.3,Punjab Kings,Rajasthan Royals,N Pooran,AK Markram,Mustafizur Rahman,1,0,,,,,,,,,
1254111,2021,2021-09-21,Dubai International Cricket Stadium,2,18.4,Punjab Kings,Rajasthan Royals,AK Markram,N Pooran,Mustafizur Rahman,1,0,,,,,,,,,
1254111,2021,2021-09-21,Dubai International Cricket Stadium,2,18.5,Punjab Kings,Rajasthan Royals,N Pooran,AK Markram,Mustafizur Rahman,1,0,,,,,,,,,
1254111,2021,2021-09-21,Dubai International Cricket Stadium,2,18.6,Punjab Kings,Rajasthan Royals,AK Markram,N Pooran,Mustafizur Rahman,1,0,,,,,,,,,
1254111,2021,2021-09-21,Dubai International Cricket Stadium,2,19.1,Punjab Kings,Rajasthan Royals,AK Markram,N Pooran,Kartik Tyagi,0,0,,,,,,,,,
1254111,2021,2021-09-21,Dubai International Cricket Stadium,2,19.2,Punjab Kings,Rajasthan Royals,AK Markram,N Pooran,Kartik Tyagi,1,0,,,,,,,,,
1254111,2021,2021-09-21,Dubai International Cricket Stadium,2,19.3,Punjab Kings,Rajasthan Royals,N Pooran,AK Markram,Kartik Tyagi,0,0,,,,,,caught,N Pooran,,
1254111,2021,2021-09-21,Dubai International Cricket Stadium,2,19.4,Punjab Kings,Rajasthan Royals,DJ Hooda,AK Markram,Kartik Tyagi,0,0,,,,,,,,,
1254111,2021,2021-09-21,Dubai International Cricket Stadium,2,19.5,Punjab Kings,Rajasthan Royals,DJ Hooda,AK Markram,Kartik Tyagi,0,0,,,,,,caught,DJ Hooda,,
1254111,2021,2021-09-21,Dubai International Cricket Stadium,2,19.6,Punjab Kings,Rajasthan Royals,FA Allen,AK Markram,Kartik Tyagi,0,0,,,,,,,,,
