match_id,season,start_date,venue,innings,ball,batting_team,bowling_team,striker,non_striker,bowler,runs_off_bat,extras,wides,noballs,byes,legbyes,penalty,wicket_type,player_dismissed,other_wicket_type,other_player_dismissed
1304102,2022,2022-05-09,"Dr DY Patil Sports Academy, Mumbai",1,0.1,Kolkata Knight Riders,Mumbai Indians,VR Iyer,AM Rahane,DR Sams,0,0,,,,,,,,,
1304102,2022,2022-05-09,"Dr DY Patil Sports Academy, Mumbai",1,0.2,Kolkata Knight Riders,Mumbai Indians,VR Iyer,AM Rahane,DR Sams,2,0,,,,,,,,,
1304102,2022,2022-05-09,"Dr DY Patil Sports Academy, Mumbai",1,0.3,Kolkata Knight Riders,Mumbai Indians,VR Iyer,AM Rahane,DR Sams,0,0,,,,,,,,,
1304102,2022,2022-05-09,"Dr DY Patil Sports Academy, Mumbai",1,0.4,Kolkata Knight Riders,Mumbai Indians,VR Iyer,AM Rahane,DR Sams,0,0,,,,,,,,,
1304102,2022,2022-05-09,"Dr DY Patil Sports Academy, Mumbai",1,0.5,Kolkata Knight Riders,Mumbai Indians,VR Iyer,AM Rahane,DR Sams,1,0,,,,,,,,,
1304102,2022,2022-05-09,"Dr DY Patil Sports Academy, Mumbai",1,0.6,Kolkata Knight Riders,Mumbai Indians,AM Rahane,VR Iyer,DR Sams,1,0,,,,,,,,,
1304102,2022,2022-05-09,"Dr DY Patil Sports Academy, Mumbai",1,1.1,Kolkata Knight Riders,Mumbai Indians,AM Rahane,VR Iyer,M Ashwin,1,0,,,,,,,,,
1304102,2022,2022-05-09,"Dr DY Patil Sports Academy, Mumbai",1,1.2,Kolkata Knight Riders,Mumbai Indians,VR Iyer,AM Rahane,M Ashwin,0,1,1,,,,,,,,
1304102,2022,2022-05-09,"Dr DY Patil Sports Academy, Mumbai",1,1.3,Kolkata Knight Riders,Mumbai Indians,VR Iyer,AM Rahane,M Ashwin,6,0,,,,,,,,,
1304102,2022,2022-05-09,"Dr DY Patil Sports Academy, Mumbai",1,1.4,Kolkata Knight Riders,Mumbai Indians,VR Iyer,AM Rahane,M Ashwin,0,0,,,,,,,,,
1304102,2022,2022-05-09,"Dr DY Patil Sports Academy, Mumbai",1,1.5,Kolkata Knight Riders,Mumbai Indians,VR Iyer,AM Rahane,M Ashwin,0,0,,,,,,,,,
1304102,2022,2022-05-09,"Dr DY Patil Sports Academy, Mumbai",1,1.6,Kolkata Knight Riders,Mumbai Indians,VR Iyer,AM Rahane,M Ashwin,0,0,,,,,,,,,
1304102,2022,2022-05-09,"Dr DY Patil Sports Academy, Mumbai",1,1.7,Kolkata Knight Riders,Mumbai Indians,VR Iyer,AM Rahane,M Ashwin,4,0,,,,,,,,,
1304102,2022,2022-05-09,"Dr DY Patil Sports Academy, Mumbai",1,2.1,Kolkata Knight Riders,Mumbai Indians,AM Rahane,VR Iyer,DR Sams,0,0,,,,,,,,,
1304102,2022,2022-05-09,"Dr DY Patil Sports Academy, Mumbai",1,2.2,Kolkata Knight Riders,Mumbai Indians,AM Rahane,VR Iyer,DR Sams,1,0,,,,,,,,,
1304102,2022,2022-05-09,"Dr DY Patil Sports Academy, Mumbai",1,2.3,Kolkata Knight Riders,Mumbai Indians,VR Iyer,AM Rahane,DR Sams,0,0,,,,,,,,,
1304102,2022,2022-05-09,"Dr DY Patil Sports Academy, Mumbai",1,2.4,Kolkata Knight Riders,Mumbai Indians,VR Iyer,AM Rahane,DR Sams,6,0,,,,,,,,,
1304102,2022,2022-05-09,"Dr DY Patil Sports Academy, Mumbai",1,2.5,Kolkata Knight Riders,Mumbai Indians,VR Iyer,AM Rahane,DR Sams,1,0,,,,,,,,,
1304102,2022,2022-05-09,"Dr DY Patil Sports Academy, Mumbai",1,2.6,Kolkata Knight Riders,Mumbai Indians,AM Rahane,VR Iyer,DR Sams,0,1,1,,,,,,,,
1304102,2022,2022-05-09,"Dr DY Patil Sports Academy, Mumbai",1,2.7,Kolkata Knight Riders,Mumbai Indians,AM Rahane,VR Iyer,DR Sams,1,0,,,,,,,,,
1304102,2022,2022-05-09,"Dr DY Patil Sports Academy, Mumbai",1,3.1,Kolkata Knight Riders,Mumbai Indians,AM Rahane,VR Iyer,JJ Bumrah,4,0,,,,,,,,,
1304102,2022,2022-05-09,"Dr DY Patil Sports Academy, Mumbai",1,3.2,Kolkata Knight Riders,Mumbai Indians,AM Rahane,VR Iyer,JJ Bumrah,0,0,,,,,,,,,
1304102,2022,2022-05-09,"Dr DY Patil Sports Academy, Mumbai",1,3.3,Kolkata Knight Riders,Mumbai Indians,AM Rahane,VR Iyer,JJ Bumrah,1,0,,,,,,,,,
1304102,2022,2022-05-09,"Dr DY Patil Sports Academy, Mumbai",1,3.4,Kolkata Knight Riders,Mumbai Indians,VR Iyer,AM Rahane,JJ Bumrah,0,0,,,,,,,,,
1304102,2022,2022-05-09,"Dr DY Patil Sports Academy, Mumbai",1,3.5,Kolkata Knight Riders,Mumbai Indians,VR Iyer,AM Rahane,JJ Bumrah,0,0,,,,,,,,,
1304102,2022,2022-05-09,"Dr DY Patil Sports Academy, Mumbai",1,3.6,Kolkata Knight Riders,Mumbai Indians,VR Iyer,AM Rahane,JJ Bumrah,0,0,,,,,,,,,
1304102,2022,2022-05-09,"Dr DY Patil Sports Academy, Mumbai",1,4.1,Kolkata Knight Riders,Mumbai Indians,AM Rahane,VR Iyer,RP Meredith,0,1,,,,1,,,,,
1304102,2022,2022-05-09,"Dr DY Patil Sports Academy, Mumbai",1,4.2,Kolkata Knight Riders,Mumbai Indians,VR Iyer,AM Rahane,RP Meredith,4,0,,,,,,,,,
1304102,2022,2022-05-09,"Dr DY Patil Sports Academy, Mumbai",1,4.3,Kolkata Knight Riders,Mumbai Indians,VR Iyer,AM Rahane,RP Meredith,6,0,,,,,,,,,
1304102,2022,2022-05-09,"Dr DY Patil Sports Academy, Mumbai",1,4.4,Kolkata Knight Riders,Mumbai Indians,VR Iyer,AM Rahane,RP Meredith,0,0,,,,,,,,,
1304102,2022,2022-05-09,"Dr DY Patil Sports Academy, Mumbai",1,4.5,Kolkata Knight Riders,Mumbai Indians,VR Iyer,AM Rahane,RP Meredith,0,5,5,,,,,,,,
1304102,2022,2022-05-09,"Dr DY Patil Sports Academy, Mumbai",1,4.6,Kolkata Knight Riders,Mumbai Indians,VR Iyer,AM Rahane,RP Meredith,1,0,,,,,,,,,
1304102,2022,2022-05-09,"Dr DY Patil Sports Academy, Mumbai",1,4.7,Kolkata Knight Riders,Mumbai Indians,AM Rahane,VR Iyer,RP Meredith,0,0,,,,,,,,,
1304102,2022,2022-05-09,"Dr DY Patil Sports Academy, Mumbai",1,5.1,Kolkata Knight Riders,Mumbai Indians,VR Iyer,AM Rahane,K Kartikeya,4,0,,,,,,,,,
1304102,2022,2022-05-09,"Dr DY Patil Sports Academy, Mumbai",1,5.2,Kolkata Knight Riders,Mumbai Indians,VR Iyer,AM Rahane,K Kartikeya,2,0,,,,,,,,,
1304102,2022,2022-05-09,"Dr DY Patil Sports Academy, Mumbai",1,5.3,Kolkata Knight Riders,Mumbai Indians,VR Iyer,AM Rahane,K Kartikeya,6,0,,,,,,,,,
1304102,2022,2022-05-09,"Dr DY Patil Sports Academy, Mumbai",1,5.4,Kolkata Knight Riders,Mumbai Indians,VR Iyer,AM Rahane,K Kartikeya,0,0,,,,,,caught,VR Iyer,,
1304102,2022,2022-05-09,"Dr DY Patil Sports Academy, Mumbai",1,5.5,Kolkata Knight Riders,Mumbai Indians,N Rana,AM Rahane,K Kartikeya,0,0,,,,,,,,,
1304102,2022,2022-05-09,"Dr DY Patil Sports Academy, Mumbai",1,5.6,Kolkata Knight Riders,Mumbai Indians,N Rana,AM Rahane,K Kartikeya,4,0,,,,,,,,,
1304102,2022,2022-05-09,"Dr DY Patil Sports Academy, Mumbai",1,6.1,Kolkata Knight Riders,Mumbai Indians,AM Rahane,N Rana,DR Sams,1,0,,,,,,,,,
1304102,2022,2022-05-09,"Dr DY Patil Sports Academy, Mumbai",1,6.2,Kolkata Knight Riders,Mumbai Indians,N Rana,AM Rahane,DR Sams,0,0,,,,,,,,,
1304102,2022,2022-05-09,"Dr DY Patil Sports Academy, Mumbai",1,6.3,Kolkata Knight Riders,Mumbai Indians,N Rana,AM Rahane,DR Sams,2,0,,,,,,,,,
1304102,2022,2022-05-09,"Dr DY Patil Sports Academy, Mumbai",1,6.4,Kolkata Knight Riders,Mumbai Indians,N Rana,AM Rahane,DR Sams,0,0,,,,,,,,,
1304102,2022,2022-05-09,"Dr DY Patil Sports Academy, Mumbai",1,6.5,Kolkata Knight Riders,Mumbai Indians,N Rana,AM Rahane,DR Sams,0,0,,,,,,,,,
1304102,2022,2022-05-09,"Dr DY Patil Sports Academy, Mumbai",1,6.6,Kolkata Knight Riders,Mumbai Indians,N Rana,AM Rahane,DR Sams,0,1,1,,,,,,,,
1304102,2022,2022-05-09,"Dr DY Patil Sports Academy, Mumbai",1,6.7,Kolkata Knight Riders,Mumbai Indians,N Rana,AM Rahane,DR Sams,0,0,,,,,,,,,
1304102,2022,2022-05-09,"Dr DY Patil Sports Academy, Mumbai",1,7.1,Kolkata Knight Riders,Mumbai Indians,AM Rahane,N Rana,M Ashwin,4,0,,,,,,,,,
1304102,2022,2022-05-09,"Dr DY Patil Sports Academy, Mumbai",1,7.2,Kolkata Knight Riders,Mumbai Indians,AM Rahane,N Rana,M Ashwin,1,0,,,,,,,,,
1304102,2022,2022-05-09,"Dr DY Patil Sports Academy, Mumbai",1,7.3,Kolkata Knight Riders,Mumbai Indians,N Rana,AM Rahane,M Ashwin,0,0,,,,,,,,,
1304102,2022,2022-05-09,"Dr DY Patil Sports Academy, Mumbai",1,7.4,Kolkata Knight Riders,Mumbai Indians,N Rana,AM Rahane,M Ashwin,0,0,,,,,,,,,
1304102,2022,2022-05-09,"Dr DY Patil Sports Academy, Mumbai",1,7.5,Kolkata Knight Riders,Mumbai Indians,N Rana,AM Rahane,M Ashwin,1,0,,,,,,,,,
1304102,2022,2022-05-09,"Dr DY Patil Sports Academy, Mumbai",1,7.6,Kolkata Knight Riders,Mumbai Indians,AM Rahane,N Rana,M Ashwin,1,0,,,,,,,,,
1304102,2022,2022-05-09,"Dr DY Patil Sports Academy, Mumbai",1,8.1,Kolkata Knight Riders,Mumbai Indians,AM Rahane,N Rana,K Kartikeya,0,0,,,,,,,,,
1304102,2022,2022-05-09,"Dr DY Patil Sports Academy, Mumbai",1,8.2,Kolkata Knight Riders,Mumbai Indians,AM Rahane,N Rana,K Kartikeya,1,0,,,,,,,,,
1304102,2022,2022-05-09,"Dr DY Patil Sports Academy, Mumbai",1,8.3,Kolkata Knight Riders,Mumbai Indians,N Rana,AM Rahane,K Kartikeya,0,0,,,,,,,,,
1304102,2022,2022-05-09,"Dr DY Patil Sports Academy, Mumbai",1,8.4,Kolkata Knight Riders,Mumbai Indians,N Rana,AM Rahane,K Kartikeya,1,0,,,,,,,,,
1304102,2022,2022-05-09,"Dr DY Patil Sports Academy, Mumbai",1,8.5,Kolkata Knight Riders,Mumbai Indians,AM Rahane,N Rana,K Kartikeya,0,0,,,,,,,,,
1304102,2022,2022-05-09,"Dr DY Patil Sports Academy, Mumbai",1,8.6,Kolkata Knight Riders,Mumbai Indians,AM Rahane,N Rana,K Kartikeya,1,0,,,,,,,,,
1304102,2022,2022-05-09,"Dr DY Patil Sports Academy, Mumbai",1,9.1,Kolkata Knight Riders,Mumbai Indians,AM Rahane,N Rana,KA Pollard,4,0,,,,,,,,,
1304102,2022,2022-05-09,"Dr DY Patil Sports Academy, Mumbai",1,9.2,Kolkata Knight Riders,Mumbai Indians,AM Rahane,N Rana,KA Pollard,1,0,,,,,,,,,
1304102,2022,2022-05-09,"Dr DY Patil Sports Academy, Mumbai",1,9.3,Kolkata Knight Riders,Mumbai Indians,N Rana,AM Rahane,KA Pollard,1,0,,,,,,,,,
1304102,2022,2022-05-09,"Dr DY Patil Sports Academy, Mumbai",1,9.4,Kolkata Knight Riders,Mumbai Indians,AM Rahane,N Rana,KA Pollard,1,0,,,,,,,,,
1304102,2022,2022-05-09,"Dr DY Patil Sports Academy, Mumbai",1,9.5,Kolkata Knight Riders,Mumbai Indians,N Rana,AM Rahane,KA Pollard,1,0,,,,,,,,,
1304102,2022,2022-05-09,"Dr DY Patil Sports Academy, Mumbai",1,9.6,Kolkata Knight Riders,Mumbai Indians,AM Rahane,N Rana,KA Pollard,1,0,,,,,,,,,
1304102,2022,2022-05-09,"Dr DY Patil Sports Academy, Mumbai",1,10.1,Kolkata Knight Riders,Mumbai Indians,AM Rahane,N Rana,K Kartikeya,0,0,,,,,,,,,
1304102,2022,2022-05-09,"Dr DY Patil Sports Academy, Mumbai",1,10.2,Kolkata Knight Riders,Mumbai Indians,AM Rahane,N Rana,K Kartikeya,0,0,,,,,,bowled,AM Rahane,,
1304102,2022,2022-05-09,"Dr DY Patil Sports Academy, Mumbai",1,10.3,Kolkata Knight Riders,Mumbai Indians,SS Iyer,N Rana,K Kartikeya,0,0,,,,,,,,,
1304102,2022,2022-05-09,"Dr DY Patil Sports Academy, Mumbai",1,10.4,Kolkata Knight Riders,Mumbai Indians,SS Iyer,N Rana,K Kartikeya,1,0,,,,,,,,,
1304102,2022,2022-05-09,"Dr DY Patil Sports Academy, Mumbai",1,10.5,Kolkata Knight Riders,Mumbai Indians,N Rana,SS Iyer,K Kartikeya,6,0,,,,,,,,,
1304102,2022,2022-05-09,"Dr DY Patil Sports Academy, Mumbai",1,10.6,Kolkata Knight Riders,Mumbai Indians,N Rana,SS Iyer,K Kartikeya,6,0,,,,,,,,,
1304102,2022,2022-05-09,"Dr DY Patil Sports Academy, Mumbai",1,11.1,Kolkata Knight Riders,Mumbai Indians,SS Iyer,N Rana,RP Meredith,0,0,,,,,,,,,
1304102,2022,2022-05-09,"Dr DY Patil Sports Academy, Mumbai",1,11.2,Kolkata Knight Riders,Mumbai Indians,SS Iyer,N Rana,RP Meredith,0,0,,,,,,,,,
1304102,2022,2022-05-09,"Dr DY Patil Sports Academy, Mumbai",1,11.3,Kolkata Knight Riders,Mumbai Indians,SS Iyer,N Rana,RP Meredith,0,0,,,,,,,,,
1304102,2022,2022-05-09,"Dr DY Patil Sports Academy, Mumbai",1,11.4,Kolkata Knight Riders,Mumbai Indians,SS Iyer,N Rana,RP Meredith,1,0,,,,,,,,,
1304102,2022,2022-05-09,"Dr DY Patil Sports Academy, Mumbai",1,11.5,Kolkata Knight Riders,Mumbai Indians,N Rana,SS Iyer,RP Meredith,1,0,,,,,,,,,
1304102,2022,2022-05-09,"Dr DY Patil Sports Academy, Mumbai",1,11.6,Kolkata Knight Riders,Mumbai Indians,SS Iyer,N Rana,RP Meredith,4,0,,,,,,,,,
1304102,2022,2022-05-09,"Dr DY Patil Sports Academy, Mumbai",1,12.1,Kolkata Knight Riders,Mumbai Indians,N Rana,SS Iyer,KA Pollard,6,0,,,,,,,,,
1304102,2022,2022-05-09,"Dr DY Patil Sports Academy, Mumbai",1,12.2,Kolkata Knight Riders,Mumbai Indians,N Rana,SS Iyer,KA Pollard,0,0,,,,,,,,,
1304102,2022,2022-05-09,"Dr DY Patil Sports Academy, Mumbai",1,12.3,Kolkata Knight Riders,Mumbai Indians,N Rana,SS Iyer,KA Pollard,0,0,,,,,,,,,
1304102,2022,2022-05-09,"Dr DY Patil Sports Academy, Mumbai",1,12.4,Kolkata Knight Riders,Mumbai Indians,N Rana,SS Iyer,KA Pollard,0,1,1,,,,,,,,
1304102,2022,2022-05-09,"Dr DY Patil Sports Academy, Mumbai",1,12.5,Kolkata Knight Riders,Mumbai Indians,N Rana,SS Iyer,KA Pollard,4,0,,,,,,,,,
1304102,2022,2022-05-09,"Dr DY Patil Sports Academy, Mumbai",1,12.6,Kolkata Knight Riders,Mumbai Indians,N Rana,SS Iyer,KA Pollard,6,0,,,,,,,,,
1304102,2022,2022-05-09,"Dr DY Patil Sports Academy, Mumbai",1,12.7,Kolkata Knight Riders,Mumbai Indians,N Rana,SS Iyer,KA Pollard,0,0,,,,,,,,,
1304102,2022,2022-05-09,"Dr DY Patil Sports Academy, Mumbai",1,13.1,Kolkata Knight Riders,Mumbai Indians,SS Iyer,N Rana,M Ashwin,0,0,,,,,,caught,SS Iyer,,
1304102,2022,2022-05-09,"Dr DY Patil Sports Academy, Mumbai",1,13.2,Kolkata Knight Riders,Mumbai Indians,AD Russell,N Rana,M Ashwin,2,0,,,,,,,,,
1304102,2022,2022-05-09,"Dr DY Patil Sports Academy, Mumbai",1,13.3,Kolkata Knight Riders,Mumbai Indians,AD Russell,N Rana,M Ashwin,6,0,,,,,,,,,
1304102,2022,2022-05-09,"Dr DY Patil Sports Academy, Mumbai",1,13.4,Kolkata Knight Riders,Mumbai Indians,AD Russell,N Rana,M Ashwin,1,0,,,,,,,,,
1304102,2022,2022-05-09,"Dr DY Patil Sports Academy, Mumbai",1,13.5,Kolkata Knight Riders,Mumbai Indians,N Rana,AD Russell,M Ashwin,4,0,,,,,,,,,
1304102,2022,2022-05-09,"Dr DY Patil Sports Academy, Mumbai",1,13.6,Kolkata Knight Riders,Mumbai Indians,N Rana,AD Russell,M Ashwin,0,0,,,,,,,,,
1304102,2022,2022-05-09,"Dr DY Patil Sports Academy, Mumbai",1,14.1,Kolkata Knight Riders,Mumbai Indians,AD Russell,N Rana,JJ Bumrah,0,0,,,,,,,,,
1304102,2022,2022-05-09,"Dr DY Patil Sports Academy, Mumbai",1,14.2,Kolkata Knight Riders,Mumbai Indians,AD Russell,N Rana,JJ Bumrah,0,0,,,,,,caught,AD Russell,,
1304102,2022,2022-05-09,"Dr DY Patil Sports Academy, Mumbai",1,14.3,Kolkata Knight Riders,Mumbai Indians,RK Singh,N Rana,JJ Bumrah,2,0,,,,,,,,,
1304102,2022,2022-05-09,"Dr DY Patil Sports Academy, Mumbai",1,14.4,Kolkata Knight Riders,Mumbai Indians,RK Singh,N Rana,JJ Bumrah,1,0,,,,,,,,,
1304102,2022,2022-05-09,"Dr DY Patil Sports Academy, Mumbai",1,14.5,Kolkata Knight Riders,Mumbai Indians,N Rana,RK Singh,JJ Bumrah,0,0,,,,,,caught,N Rana,,
1304102,2022,2022-05-09,"Dr DY Patil Sports Academy, Mumbai",1,14.6,Kolkata Knight Riders,Mumbai Indians,SP Jackson,RK Singh,JJ Bumrah,1,0,,,,,,,,,
1304102,2022,2022-05-09,"Dr DY Patil Sports Academy, Mumbai",1,15.1,Kolkata Knight Riders,Mumbai Indians,SP Jackson,RK Singh,M Ashwin,0,0,,,,,,,,,
1304102,2022,2022-05-09,"Dr DY Patil Sports Academy, Mumbai",1,15.2,Kolkata Knight Riders,Mumbai Indians,SP Jackson,RK Singh,M Ashwin,1,0,,,,,,,,,
1304102,2022,2022-05-09,"Dr DY Patil Sports Academy, Mumbai",1,15.3,Kolkata Knight Riders,Mumbai Indians,RK Singh,SP Jackson,M Ashwin,0,0,,,,,,,,,
1304102,2022,2022-05-09,"Dr DY Patil Sports Academy, Mumbai",1,15.4,Kolkata Knight Riders,Mumbai Indians,RK Singh,SP Jackson,M Ashwin,1,0,,,,,,,,,
1304102,2022,2022-05-09,"Dr DY Patil Sports Academy, Mumbai",1,15.5,Kolkata Knight Riders,Mumbai Indians,SP Jackson,RK Singh,M Ashwin,1,0,,,,,,,,,
1304102,2022,2022-05-09,"Dr DY Patil Sports Academy, Mumbai",1,15.6,Kolkata Knight Riders,Mumbai Indians,RK Singh,SP Jackson,M Ashwin,0,0,,,,,,,,,
1304102,2022,2022-05-09,"Dr DY Patil Sports Academy, Mumbai",1,16.1,Kolkata Knight Riders,Mumbai Indians,SP Jackson,RK Singh,RP Meredith,1,0,,,,,,,,,
1304102,2022,2022-05-09,"Dr DY Patil Sports Academy, Mumbai",1,16.2,Kolkata Knight Riders,Mumbai Indians,RK Singh,SP Jackson,RP Meredith,4,0,,,,,,,,,
1304102,2022,2022-05-09,"Dr DY Patil Sports Academy, Mumbai",1,16.3,Kolkata Knight Riders,Mumbai Indians,RK Singh,SP Jackson,RP Meredith,2,0,,,,,,,,,
1304102,2022,2022-05-09,"Dr DY Patil Sports Academy, Mumbai",1,16.4,Kolkata Knight Riders,Mumbai Indians,RK Singh,SP Jackson,RP Meredith,1,0,,,,,,,,,
1304102,2022,2022-05-09,"Dr DY Patil Sports Academy, Mumbai",1,16.5,Kolkata Knight Riders,Mumbai Indians,SP Jackson,RK Singh,RP Meredith,1,0,,,,,,,,,
1304102,2022,2022-05-09,"Dr DY Patil Sports Academy, Mumbai",1,16.6,Kolkata Knight Riders,Mumbai Indians,RK Singh,SP Jackson,RP Meredith,4,0,,,,,,,,,
1304102,2022,2022-05-09,"Dr DY Patil Sports Academy, Mumbai",1,17.1,Kolkata Knight Riders,Mumbai Indians,SP Jackson,RK Singh,JJ Bumrah,0,0,,,,,,caught,SP Jackson,,
1304102,2022,2022-05-09,"Dr DY Patil Sports Academy, Mumbai",1,17.2,Kolkata Knight Riders,Mumbai Indians,PJ Cummins,RK Singh,JJ Bumrah,0,0,,,,,,,,,
1304102,2022,2022-05-09,"Dr DY Patil Sports Academy, Mumbai",1,17.3,Kolkata Knight Riders,Mumbai Indians,PJ Cummins,RK Singh,JJ Bumrah,0,0,,,,,,caught,PJ Cummins,,
1304102,2022,2022-05-09,"Dr DY Patil Sports Academy, Mumbai",1,17.4,Kolkata Knight Riders,Mumbai Indians,SP Narine,RK Singh,JJ Bumrah,0,0,,,,,,caught and bowled,SP Narine,,
1304102,2022,2022-05-09,"Dr DY Patil Sports Academy, Mumbai",1,17.5,Kolkata Knight Riders,Mumbai Indians,TG Southee,RK Singh,JJ Bumrah,0,0,,,,,,,,,
1304102,2022,2022-05-09,"Dr DY Patil Sports Academy, Mumbai",1,17.6,Kolkata Knight Riders,Mumbai Indians,TG Southee,RK Singh,JJ Bumrah,0,0,,,,,,,,,
1304102,2022,2022-05-09,"Dr DY Patil Sports Academy, Mumbai",1,18.1,Kolkata Knight Riders,Mumbai Indians,RK Singh,TG Southee,DR Sams,0,0,,,,,,,,,
1304102,2022,2022-05-09,"Dr DY Patil Sports Academy, Mumbai",1,18.2,Kolkata Knight Riders,Mumbai Indians,RK Singh,TG Southee,DR Sams,0,0,,,,,,,,,
1304102,2022,2022-05-09,"Dr DY Patil Sports Academy, Mumbai",1,18.3,Kolkata Knight Riders,Mumbai Indians,RK Singh,TG Southee,DR Sams,6,0,,,,,,,,,
1304102,2022,2022-05-09,"Dr DY Patil Sports Academy, Mumbai",1,18.4,Kolkata Knight Riders,Mumbai Indians,RK Singh,TG Southee,DR Sams,0,1,1,,,,,,,,
1304102,2022,2022-05-09,"Dr DY Patil Sports Academy, Mumbai",1,18.5,Kolkata Knight Riders,Mumbai Indians,RK Singh,TG Southee,DR Sams,1,0,,,,,,,,,
1304102,2022,2022-05-09,"Dr DY Patil Sports Academy, Mumbai",1,18.6,Kolkata Knight Riders,Mumbai Indians,TG Southee,RK Singh,DR Sams,0,0,,,,,,,,,
1304102,2022,2022-05-09,"Dr DY Patil Sports Academy, Mumbai",1,18.7,Kolkata Knight Riders,Mumbai Indians,TG Southee,RK Singh,DR Sams,0,0,,,,,,caught,TG Southee,,
1304102,2022,2022-05-09,"Dr DY Patil Sports Academy, Mumbai",1,19.1,Kolkata Knight Riders,Mumbai Indians,RK Singh,CV Varun,JJ Bumrah,0,0,,,,,,,,,
1304102,2022,2022-05-09,"Dr DY Patil Sports Academy, Mumbai",1,19.2,Kolkata Knight Riders,Mumbai Indians,RK Singh,CV Varun,JJ Bumrah,0,0,,,,,,,,,
1304102,2022,2022-05-09,"Dr DY Patil Sports Academy, Mumbai",1,19.3,Kolkata Knight Riders,Mumbai Indians,RK Singh,CV Varun,JJ Bumrah,0,0,,,,,,,,,
1304102,2022,2022-05-09,"Dr DY Patil Sports Academy, Mumbai",1,19.4,Kolkata Knight Riders,Mumbai Indians,RK Singh,CV Varun,JJ Bumrah,0,0,,,,,,,,,
1304102,2022,2022-05-09,"Dr DY Patil Sports Academy, Mumbai",1,19.5,Kolkata Knight Riders,Mumbai Indians,RK Singh,CV Varun,JJ Bumrah,0,0,,,,,,,,,
1304102,2022,2022-05-09,"Dr DY Patil Sports Academy, Mumbai",1,19.6,Kolkata Knight Riders,Mumbai Indians,RK Singh,CV Varun,JJ Bumrah,1,0,,,,,,,,,
1304102,2022,2022-05-09,"Dr DY Patil Sports Academy, Mumbai",2,0.1,Mumbai Indians,Kolkata Knight Riders,RG Sharma,Ishan Kishan,TG Southee,0,0,,,,,,,,,
1304102,2022,2022-05-09,"Dr DY Patil Sports Academy, Mumbai",2,0.2,Mumbai Indians,Kolkata Knight Riders,RG Sharma,Ishan Kishan,TG Southee,2,0,,,,,,,,,
1304102,2022,2022-05-09,"Dr DY Patil Sports Academy, Mumbai",2,0.3,Mumbai Indians,Kolkata Knight Riders,RG Sharma,Ishan Kishan,TG Southee,0,0,,,,,,,,,
1304102,2022,2022-05-09,"Dr DY Patil Sports Academy, Mumbai",2,0.4,Mumbai Indians,Kolkata Knight Riders,RG Sharma,Ishan Kishan,TG Southee,0,0,,,,,,,,,
1304102,2022,2022-05-09,"Dr DY Patil Sports Academy, Mumbai",2,0.5,Mumbai Indians,Kolkata Knight Riders,RG Sharma,Ishan Kishan,TG Southee,0,0,,,,,,,,,
1304102,2022,2022-05-09,"Dr DY Patil Sports Academy, Mumbai",2,0.6,Mumbai Indians,Kolkata Knight Riders,RG Sharma,Ishan Kishan,TG Southee,0,0,,,,,,caught,RG Sharma,,
1304102,2022,2022-05-09,"Dr DY Patil Sports Academy, Mumbai",2,1.1,Mumbai Indians,Kolkata Knight Riders,Ishan Kishan,Tilak Varma,PJ Cummins,0,0,,,,,,,,,
1304102,2022,2022-05-09,"Dr DY Patil Sports Academy, Mumbai",2,1.2,Mumbai Indians,Kolkata Knight Riders,Ishan Kishan,Tilak Varma,PJ Cummins,0,4,,,,4,,,,,
1304102,2022,2022-05-09,"Dr DY Patil Sports Academy, Mumbai",2,1.3,Mumbai Indians,Kolkata Knight Riders,Ishan Kishan,Tilak Varma,PJ Cummins,0,0,,,,,,,,,
1304102,2022,2022-05-09,"Dr DY Patil Sports Academy, Mumbai",2,1.4,Mumbai Indians,Kolkata Knight Riders,Ishan Kishan,Tilak Varma,PJ Cummins,0,0,,,,,,,,,
1304102,2022,2022-05-09,"Dr DY Patil Sports Academy, Mumbai",2,1.5,Mumbai Indians,Kolkata Knight Riders,Ishan Kishan,Tilak Varma,PJ Cummins,4,0,,,,,,,,,
1304102,2022,2022-05-09,"Dr DY Patil Sports Academy, Mumbai",2,1.6,Mumbai Indians,Kolkata Knight Riders,Ishan Kishan,Tilak Varma,PJ Cummins,1,0,,,,,,,,,
1304102,2022,2022-05-09,"Dr DY Patil Sports Academy, Mumbai",2,2.1,Mumbai Indians,Kolkata Knight Riders,Ishan Kishan,Tilak Varma,TG Southee,0,0,,,,,,,,,
1304102,2022,2022-05-09,"Dr DY Patil Sports Academy, Mumbai",2,2.2,Mumbai Indians,Kolkata Knight Riders,Ishan Kishan,Tilak Varma,TG Southee,0,0,,,,,,,,,
1304102,2022,2022-05-09,"Dr DY Patil Sports Academy, Mumbai",2,2.3,Mumbai Indians,Kolkata Knight Riders,Ishan Kishan,Tilak Varma,TG Southee,0,0,,,,,,,,,
1304102,2022,2022-05-09,"Dr DY Patil Sports Academy, Mumbai",2,2.4,Mumbai Indians,Kolkata Knight Riders,Ishan Kishan,Tilak Varma,TG Southee,4,0,,,,,,,,,
1304102,2022,2022-05-09,"Dr DY Patil Sports Academy, Mumbai",2,2.5,Mumbai Indians,Kolkata Knight Riders,Ishan Kishan,Tilak Varma,TG Southee,0,0,,,,,,,,,
1304102,2022,2022-05-09,"Dr DY Patil Sports Academy, Mumbai",2,2.6,Mumbai Indians,Kolkata Knight Riders,Ishan Kishan,Tilak Varma,TG Southee,1,0,,,,,,,,,
1304102,2022,2022-05-09,"Dr DY Patil Sports Academy, Mumbai",2,3.1,Mumbai Indians,Kolkata Knight Riders,Ishan Kishan,Tilak Varma,PJ Cummins,4,0,,,,,,,,,
1304102,2022,2022-05-09,"Dr DY Patil Sports Academy, Mumbai",2,3.2,Mumbai Indians,Kolkata Knight Riders,Ishan Kishan,Tilak Varma,PJ Cummins,0,0,,,,,,,,,
1304102,2022,2022-05-09,"Dr DY Patil Sports Academy, Mumbai",2,3.3,Mumbai Indians,Kolkata Knight Riders,Ishan Kishan,Tilak Varma,PJ Cummins,1,0,,,,,,,,,
1304102,2022,2022-05-09,"Dr DY Patil Sports Academy, Mumbai",2,3.4,Mumbai Indians,Kolkata Knight Riders,Tilak Varma,Ishan Kishan,PJ Cummins,1,0,,,,,,,,,
1304102,2022,2022-05-09,"Dr DY Patil Sports Academy, Mumbai",2,3.5,Mumbai Indians,Kolkata Knight Riders,Ishan Kishan,Tilak Varma,PJ Cummins,2,0,,,,,,,,,
1304102,2022,2022-05-09,"Dr DY Patil Sports Academy, Mumbai",2,3.6,Mumbai Indians,Kolkata Knight Riders,Ishan Kishan,Tilak Varma,PJ Cummins,2,0,,,,,,,,,
1304102,2022,2022-05-09,"Dr DY Patil Sports Academy, Mumbai",2,4.1,Mumbai Indians,Kolkata Knight Riders,Tilak Varma,Ishan Kishan,AD Russell,1,0,,,,,,,,,
1304102,2022,2022-05-09,"Dr DY Patil Sports Academy, Mumbai",2,4.2,Mumbai Indians,Kolkata Knight Riders,Ishan Kishan,Tilak Varma,AD Russell,0,0,,,,,,,,,
1304102,2022,2022-05-09,"Dr DY Patil Sports Academy, Mumbai",2,4.3,Mumbai Indians,Kolkata Knight Riders,Ishan Kishan,Tilak Varma,AD Russell,1,0,,,,,,,,,
1304102,2022,2022-05-09,"Dr DY Patil Sports Academy, Mumbai",2,4.4,Mumbai Indians,Kolkata Knight Riders,Tilak Varma,Ishan Kishan,AD Russell,4,0,,,,,,,,,
1304102,2022,2022-05-09,"Dr DY Patil Sports Academy, Mumbai",2,4.5,Mumbai Indians,Kolkata Knight Riders,Tilak Varma,Ishan Kishan,AD Russell,0,0,,,,,,,,,
1304102,2022,2022-05-09,"Dr DY Patil Sports Academy, Mumbai",2,4.6,Mumbai Indians,Kolkata Knight Riders,Tilak Varma,Ishan Kishan,AD Russell,0,0,,,,,,caught,Tilak Varma,,
1304102,2022,2022-05-09,"Dr DY Patil Sports Academy, Mumbai",2,5.1,Mumbai Indians,Kolkata Knight Riders,Ishan Kishan,Ramandeep Singh,SP Narine,0,0,,,,,,,,,
1304102,2022,2022-05-09,"Dr DY Patil Sports Academy, Mumbai",2,5.2,Mumbai Indians,Kolkata Knight Riders,Ishan Kishan,Ramandeep Singh,SP Narine,1,0,,,,,,,,,
1304102,2022,2022-05-09,"Dr DY Patil Sports Academy, Mumbai",2,5.3,Mumbai Indians,Kolkata Knight Riders,Ramandeep Singh,Ishan Kishan,SP Narine,0,0,,,,,,,,,
1304102,2022,2022-05-09,"Dr DY Patil Sports Academy, Mumbai",2,5.4,Mumbai Indians,Kolkata Knight Riders,Ramandeep Singh,Ishan Kishan,SP Narine,0,1,1,,,,,,,,
1304102,2022,2022-05-09,"Dr DY Patil Sports Academy, Mumbai",2,5.5,Mumbai Indians,Kolkata Knight Riders,Ramandeep Singh,Ishan Kishan,SP Narine,1,0,,,,,,,,,
1304102,2022,2022-05-09,"Dr DY Patil Sports Academy, Mumbai",2,5.6,Mumbai Indians,Kolkata Knight Riders,Ishan Kishan,Ramandeep Singh,SP Narine,1,0,,,,,,,,,
1304102,2022,2022-05-09,"Dr DY Patil Sports Academy, Mumbai",2,5.7,Mumbai Indians,Kolkata Knight Riders,Ramandeep Singh,Ishan Kishan,SP Narine,1,0,,,,,,,,,
1304102,2022,2022-05-09,"Dr DY Patil Sports Academy, Mumbai",2,6.1,Mumbai Indians,Kolkata Knight Riders,Ramandeep Singh,Ishan Kishan,CV Varun,1,0,,,,,,,,,
1304102,2022,2022-05-09,"Dr DY Patil Sports Academy, Mumbai",2,6.2,Mumbai Indians,Kolkata Knight Riders,Ishan Kishan,Ramandeep Singh,CV Varun,1,0,,,,,,,,,
1304102,2022,2022-05-09,"Dr DY Patil Sports Academy, Mumbai",2,6.3,Mumbai Indians,Kolkata Knight Riders,Ramandeep Singh,Ishan Kishan,CV Varun,1,0,,,,,,,,,
1304102,2022,2022-05-09,"Dr DY Patil Sports Academy, Mumbai",2,6.4,Mumbai Indians,Kolkata Knight Riders,Ishan Kishan,Ramandeep Singh,CV Varun,0,0,,,,,,,,,
1304102,2022,2022-05-09,"Dr DY Patil Sports Academy, Mumbai",2,6.5,Mumbai Indians,Kolkata Knight Riders,Ishan Kishan,Ramandeep Singh,CV Varun,4,0,,,,,,,,,
1304102,2022,2022-05-09,"Dr DY Patil Sports Academy, Mumbai",2,6.6,Mumbai Indians,Kolkata Knight Riders,Ishan Kishan,Ramandeep Singh,CV Varun,2,0,,,,,,,,,
1304102,2022,2022-05-09,"Dr DY Patil Sports Academy, Mumbai",2,7.1,Mumbai Indians,Kolkata Knight Riders,Ramandeep Singh,Ishan Kishan,SP Narine,1,0,,,,,,,,,
1304102,2022,2022-05-09,"Dr DY Patil Sports Academy, Mumbai",2,7.2,Mumbai Indians,Kolkata Knight Riders,Ishan Kishan,Ramandeep Singh,SP Narine,1,0,,,,,,,,,
1304102,2022,2022-05-09,"Dr DY Patil Sports Academy, Mumbai",2,7.3,Mumbai Indians,Kolkata Knight Riders,Ramandeep Singh,Ishan Kishan,SP Narine,1,0,,,,,,,,,
1304102,2022,2022-05-09,"Dr DY Patil Sports Academy, Mumbai",2,7.4,Mumbai Indians,Kolkata Knight Riders,Ishan Kishan,Ramandeep Singh,SP Narine,1,0,,,,,,,,,
1304102,2022,2022-05-09,"Dr DY Patil Sports Academy, Mumbai",2,7.5,Mumbai Indians,Kolkata Knight Riders,Ramandeep Singh,Ishan Kishan,SP Narine,0,1,,,,1,,,,,
1304102,2022,2022-05-09,"Dr DY Patil Sports Academy, Mumbai",2,7.6,Mumbai Indians,Kolkata Knight Riders,Ishan Kishan,Ramandeep Singh,SP Narine,0,0,,,,,,,,,
1304102,2022,2022-05-09,"Dr DY Patil Sports Academy, Mumbai",2,8.1,Mumbai Indians,Kolkata Knight Riders,Ramandeep Singh,Ishan Kishan,CV Varun,1,0,,,,,,,,,
1304102,2022,2022-05-09,"Dr DY Patil Sports Academy, Mumbai",2,8.2,Mumbai Indians,Kolkata Knight Riders,Ishan Kishan,Ramandeep Singh,CV Varun,1,0,,,,,,,,,
1304102,2022,2022-05-09,"Dr DY Patil Sports Academy, Mumbai",2,8.3,Mumbai Indians,Kolkata Knight Riders,Ramandeep Singh,Ishan Kishan,CV Varun,1,0,,,,,,,,,
1304102,2022,2022-05-09,"Dr DY Patil Sports Academy, Mumbai",2,8.4,Mumbai Indians,Kolkata Knight Riders,Ishan Kishan,Ramandeep Singh,CV Varun,1,0,,,,,,,,,
1304102,2022,2022-05-09,"Dr DY Patil Sports Academy, Mumbai",2,8.5,Mumbai Indians,Kolkata Knight Riders,Ramandeep Singh,Ishan Kishan,CV Varun,2,0,,,,,,,,,
1304102,2022,2022-05-09,"Dr DY Patil Sports Academy, Mumbai",2,8.6,Mumbai Indians,Kolkata Knight Riders,Ramandeep Singh,Ishan Kishan,CV Varun,0,1,,,1,,,,,,
1304102,2022,2022-05-09,"Dr DY Patil Sports Academy, Mumbai",2,9.1,Mumbai Indians,Kolkata Knight Riders,Ramandeep Singh,Ishan Kishan,VR Iyer,0,0,,,,,,,,,
1304102,2022,2022-05-09,"Dr DY Patil Sports Academy, Mumbai",2,9.2,Mumbai Indians,Kolkata Knight Riders,Ramandeep Singh,Ishan Kishan,VR Iyer,1,0,,,,,,,,,
1304102,2022,2022-05-09,"Dr DY Patil Sports Academy, Mumbai",2,9.3,Mumbai Indians,Kolkata Knight Riders,Ishan Kishan,Ramandeep Singh,VR Iyer,1,0,,,,,,,,,
1304102,2022,2022-05-09,"Dr DY Patil Sports Academy, Mumbai",2,9.4,Mumbai Indians,Kolkata Knight Riders,Ramandeep Singh,Ishan Kishan,VR Iyer,1,0,,,,,,,,,
1304102,2022,2022-05-09,"Dr DY Patil Sports Academy, Mumbai",2,9.5,Mumbai Indians,Kolkata Knight Riders,Ishan Kishan,Ramandeep Singh,VR Iyer,4,0,,,,,,,,,
1304102,2022,2022-05-09,"Dr DY Patil Sports Academy, Mumbai",2,9.6,Mumbai Indians,Kolkata Knight Riders,Ishan Kishan,Ramandeep Singh,VR Iyer,1,0,,,,,,,,,
1304102,2022,2022-05-09,"Dr DY Patil Sports Academy, Mumbai",2,10.1,Mumbai Indians,Kolkata Knight Riders,Ishan Kishan,Ramandeep Singh,AD Russell,2,0,,,,,,,,,
1304102,2022,2022-05-09,"Dr DY Patil Sports Academy, Mumbai",2,10.2,Mumbai Indians,Kolkata Knight Riders,Ishan Kishan,Ramandeep Singh,AD Russell,1,0,,,,,,,,,
1304102,2022,2022-05-09,"Dr DY Patil Sports Academy, Mumbai",2,10.3,Mumbai Indians,Kolkata Knight Riders,Ramandeep Singh,Ishan Kishan,AD Russell,0,0,,,,,,caught,Ramandeep Singh,,
1304102,2022,2022-05-09,"Dr DY Patil Sports Academy, Mumbai",2,10.4,Mumbai Indians,Kolkata Knight Riders,TH David,Ishan Kishan,AD Russell,4,0,,,,,,,,,
1304102,2022,2022-05-09,"Dr DY Patil Sports Academy, Mumbai",2,10.5,Mumbai Indians,Kolkata Knight Riders,TH David,Ishan Kishan,AD Russell,4,0,,,,,,,,,
1304102,2022,2022-05-09,"Dr DY Patil Sports Academy, Mumbai",2,10.6,Mumbai Indians,Kolkata Knight Riders,TH David,Ishan Kishan,AD Russell,4,0,,,,,,,,,
1304102,2022,2022-05-09,"Dr DY Patil Sports Academy, Mumbai",2,11.1,Mumbai Indians,Kolkata Knight Riders,Ishan Kishan,TH David,SP Narine,0,0,,,,,,,,,
1304102,2022,2022-05-09,"Dr DY Patil Sports Academy, Mumbai",2,11.2,Mumbai Indians,Kolkata Knight Riders,Ishan Kishan,TH David,SP Narine,1,0,,,,,,,,,
1304102,2022,2022-05-09,"Dr DY Patil Sports Academy, Mumbai",2,11.3,Mumbai Indians,Kolkata Knight Riders,TH David,Ishan Kishan,SP Narine,0,0,,,,,,,,,
1304102,2022,2022-05-09,"Dr DY Patil Sports Academy, Mumbai",2,11.4,Mumbai Indians,Kolkata Knight Riders,TH David,Ishan Kishan,SP Narine,0,0,,,,,,,,,
1304102,2022,2022-05-09,"Dr DY Patil Sports Academy, Mumbai",2,11.5,Mumbai Indians,Kolkata Knight Riders,TH David,Ishan Kishan,SP Narine,0,0,,,,,,,,,
1304102,2022,2022-05-09,"Dr DY Patil Sports Academy, Mumbai",2,11.6,Mumbai Indians,Kolkata Knight Riders,TH David,Ishan Kishan,SP Narine,1,0,,,,,,,,,
1304102,2022,2022-05-09,"Dr DY Patil Sports Academy, Mumbai",2,12.1,Mumbai Indians,Kolkata Knight Riders,TH David,Ishan Kishan,CV Varun,0,0,,,,,,,,,
1304102,2022,2022-05-09,"Dr DY Patil Sports Academy, Mumbai",2,12.2,Mumbai Indians,Kolkata Knight Riders,TH David,Ishan Kishan,CV Varun,0,0,,,,,,caught,TH David,,
1304102,2022,2022-05-09,"Dr DY Patil Sports Academy, Mumbai",2,12.3,Mumbai Indians,Kolkata Knight Riders,KA Pollard,Ishan Kishan,CV Varun,0,0,,,,,,,,,
1304102,2022,2022-05-09,"Dr DY Patil Sports Academy, Mumbai",2,12.4,Mumbai Indians,Kolkata Knight Riders,KA Pollard,Ishan Kishan,CV Varun,6,0,,,,,,,,,
1304102,2022,2022-05-09,"Dr DY Patil Sports Academy, Mumbai",2,12.5,Mumbai Indians,Kolkata Knight Riders,KA Pollard,Ishan Kishan,CV Varun,1,0,,,,,,,,,
1304102,2022,2022-05-09,"Dr DY Patil Sports Academy, Mumbai",2,12.6,Mumbai Indians,Kolkata Knight Riders,Ishan Kishan,KA Pollard,CV Varun,0,0,,,,,,,,,
1304102,2022,2022-05-09,"Dr DY Patil Sports Academy, Mumbai",2,13.1,Mumbai Indians,Kolkata Knight Riders,KA Pollard,Ishan Kishan,SP Narine,1,0,,,,,,,,,
1304102,2022,2022-05-09,"Dr DY Patil Sports Academy, Mumbai",2,13.2,Mumbai Indians,Kolkata Knight Riders,Ishan Kishan,KA Pollard,SP Narine,6,0,,,,,,,,,
1304102,2022,2022-05-09,"Dr DY Patil Sports Academy, Mumbai",2,13.3,Mumbai Indians,Kolkata Knight Riders,Ishan Kishan,KA Pollard,SP Narine,1,0,,,,,,,,,
1304102,2022,2022-05-09,"Dr DY Patil Sports Academy, Mumbai",2,13.4,Mumbai Indians,Kolkata Knight Riders,KA Pollard,Ishan Kishan,SP Narine,0,0,,,,,,,,,
1304102,2022,2022-05-09,"Dr DY Patil Sports Academy, Mumbai",2,13.5,Mumbai Indians,Kolkata Knight Riders,KA Pollard,Ishan Kishan,SP Narine,1,0,,,,,,,,,
1304102,2022,2022-05-09,"Dr DY Patil Sports Academy, Mumbai",2,13.6,Mumbai Indians,Kolkata Knight Riders,Ishan Kishan,KA Pollard,SP Narine,1,0,,,,,,,,,
1304102,2022,2022-05-09,"Dr DY Patil Sports Academy, Mumbai",2,14.1,Mumbai Indians,Kolkata Knight Riders,Ishan Kishan,KA Pollard,PJ Cummins,0,0,,,,,,caught,Ishan Kishan,,
1304102,2022,2022-05-09,"Dr DY Patil Sports Academy, Mumbai",2,14.2,Mumbai Indians,Kolkata Knight Riders,DR Sams,KA Pollard,PJ Cummins,1,0,,,,,,,,,
1304102,2022,2022-05-09,"Dr DY Patil Sports Academy, Mumbai",2,14.3,Mumbai Indians,Kolkata Knight Riders,KA Pollard,DR Sams,PJ Cummins,1,0,,,,,,,,,
1304102,2022,2022-05-09,"Dr DY Patil Sports Academy, Mumbai",2,14.4,Mumbai Indians,Kolkata Knight Riders,DR Sams,KA Pollard,PJ Cummins,0,0,,,,,,caught,DR Sams,,
1304102,2022,2022-05-09,"Dr DY Patil Sports Academy, Mumbai",2,14.5,Mumbai Indians,Kolkata Knight Riders,M Ashwin,KA Pollard,PJ Cummins,0,0,,,,,,,,,
1304102,2022,2022-05-09,"Dr DY Patil Sports Academy, Mumbai",2,14.6,Mumbai Indians,Kolkata Knight Riders,M Ashwin,KA Pollard,PJ Cummins,0,0,,,,,,caught,M Ashwin,,
1304102,2022,2022-05-09,"Dr DY Patil Sports Academy, Mumbai",2,15.1,Mumbai Indians,Kolkata Knight Riders,KA Pollard,K Kartikeya,TG Southee,2,0,,,,,,,,,
1304102,2022,2022-05-09,"Dr DY Patil Sports Academy, Mumbai",2,15.2,Mumbai Indians,Kolkata Knight Riders,KA Pollard,K Kartikeya,TG Southee,0,1,,,,1,,,,,
1304102,2022,2022-05-09,"Dr DY Patil Sports Academy, Mumbai",2,15.3,Mumbai Indians,Kolkata Knight Riders,K Kartikeya,KA Pollard,TG Southee,1,0,,,,,,,,,
1304102,2022,2022-05-09,"Dr DY Patil Sports Academy, Mumbai",2,15.4,Mumbai Indians,Kolkata Knight Riders,KA Pollard,K Kartikeya,TG Southee,0,1,,,,1,,,,,
1304102,2022,2022-05-09,"Dr DY Patil Sports Academy, Mumbai",2,15.5,Mumbai Indians,Kolkata Knight Riders,K Kartikeya,KA Pollard,TG Southee,0,0,,,,,,,,,
1304102,2022,2022-05-09,"Dr DY Patil Sports Academy, Mumbai",2,15.6,Mumbai Indians,Kolkata Knight Riders,K Kartikeya,KA Pollard,TG Southee,0,0,,,,,,,,,
1304102,2022,2022-05-09,"Dr DY Patil Sports Academy, Mumbai",2,16.1,Mumbai Indians,Kolkata Knight Riders,KA Pollard,K Kartikeya,PJ Cummins,0,0,,,,,,,,,
1304102,2022,2022-05-09,"Dr DY Patil Sports Academy, Mumbai",2,16.2,Mumbai Indians,Kolkata Knight Riders,KA Pollard,K Kartikeya,PJ Cummins,0,0,,,,,,,,,
1304102,2022,2022-05-09,"Dr DY Patil Sports Academy, Mumbai",2,16.3,Mumbai Indians,Kolkata Knight Riders,KA Pollard,K Kartikeya,PJ Cummins,1,0,,,,,,,,,
1304102,2022,2022-05-09,"Dr DY Patil Sports Academy, Mumbai",2,16.4,Mumbai Indians,Kolkata Knight Riders,K Kartikeya,KA Pollard,PJ Cummins,0,1,1,,,,,,,,
1304102,2022,2022-05-09,"Dr DY Patil Sports Academy, Mumbai",2,16.5,Mumbai Indians,Kolkata Knight Riders,K Kartikeya,KA Pollard,PJ Cummins,1,0,,,,,,,,,
1304102,2022,2022-05-09,"Dr DY Patil Sports Academy, Mumbai",2,16.6,Mumbai Indians,Kolkata Knight Riders,KA Pollard,K Kartikeya,PJ Cummins,1,0,,,,,,,,,
1304102,2022,2022-05-09,"Dr DY Patil Sports Academy, Mumbai",2,16.7,Mumbai Indians,Kolkata Knight Riders,K Kartikeya,KA Pollard,PJ Cummins,1,0,,,,,,run out,K Kartikeya,,
1304102,2022,2022-05-09,"Dr DY Patil Sports Academy, Mumbai",2,17.1,Mumbai Indians,Kolkata Knight Riders,KA Pollard,JJ Bumrah,AD Russell,0,0,,,,,,,,,
1304102,2022,2022-05-09,"Dr DY Patil Sports Academy, Mumbai",2,17.2,Mumbai Indians,Kolkata Knight Riders,KA Pollard,JJ Bumrah,AD Russell,1,0,,,,,,run out,KA Pollard,,
1304102,2022,2022-05-09,"Dr DY Patil Sports Academy, Mumbai",2,17.3,Mumbai Indians,Kolkata Knight Riders,RP Meredith,JJ Bumrah,AD Russell,0,0,,,,,,run out,JJ Bumrah,,
