match_id,season,start_date,venue,innings,ball,batting_team,bowling_team,striker,non_striker,bowler,runs_off_bat,extras,wides,noballs,byes,legbyes,penalty,wicket_type,player_dismissed,other_wicket_type,other_player_dismissed
1304063,2022,2022-04-09,"Dr DY Patil Sports Academy, Mumbai",1,0.1,Chennai Super Kings,Sunrisers Hyderabad,RV Uthappa,RD Gaikwad,B Kumar,0,0,,,,,,,,,
1304063,2022,2022-04-09,"Dr DY Patil Sports Academy, Mumbai",1,0.2,Chennai Super Kings,Sunrisers Hyderabad,RV Uthappa,RD Gaikwad,B Kumar,4,0,,,,,,,,,
1304063,2022,2022-04-09,"Dr DY Patil Sports Academy, Mumbai",1,0.3,Chennai Super Kings,Sunrisers Hyderabad,RV Uthappa,RD Gaikwad,B Kumar,2,0,,,,,,,,,
1304063,2022,2022-04-09,"Dr DY Patil Sports Academy, Mumbai",1,0.4,Chennai Super Kings,Sunrisers Hyderabad,RV Uthappa,RD Gaikwad,B Kumar,2,0,,,,,,,,,
1304063,2022,2022-04-09,"Dr DY Patil Sports Academy, Mumbai",1,0.5,Chennai Super Kings,Sunrisers Hyderabad,RV Uthappa,RD Gaikwad,B Kumar,0,0,,,,,,,,,
1304063,2022,2022-04-09,"Dr DY Patil Sports Academy, Mumbai",1,0.6,Chennai Super Kings,Sunrisers Hyderabad,RV Uthappa,RD Gaikwad,B Kumar,0,0,,,,,,,,,
1304063,2022,2022-04-09,"Dr DY Patil Sports Academy, Mumbai",1,1.1,Chennai Super Kings,Sunrisers Hyderabad,RD Gaikwad,RV Uthappa,M Jansen,0,0,,,,,,,,,
1304063,2022,2022-04-09,"Dr DY Patil Sports Academy, Mumbai",1,1.2,Chennai Super Kings,Sunrisers Hyderabad,RD Gaikwad,RV Uthappa,M Jansen,1,0,,,,,,,,,
1304063,2022,2022-04-09,"Dr DY Patil Sports Academy, Mumbai",1,1.3,Chennai Super Kings,Sunrisers Hyderabad,RV Uthappa,RD Gaikwad,M Jansen,0,0,,,,,,,,,
1304063,2022,2022-04-09,"Dr DY Patil Sports Academy, Mumbai",1,1.4,Chennai Super Kings,Sunrisers Hyderabad,RV Uthappa,RD Gaikwad,M Jansen,3,0,,,,,,,,,
1304063,2022,2022-04-09,"Dr DY Patil Sports Academy, Mumbai",1,1.5,Chennai Super Kings,Sunrisers Hyderabad,RD Gaikwad,RV Uthappa,M Jansen,0,0,,,,,,,,,
1304063,2022,2022-04-09,"Dr DY Patil Sports Academy, Mumbai",1,1.6,Chennai Super Kings,Sunrisers Hyderabad,RD Gaikwad,RV Uthappa,M Jansen,4,0,,,,,,,,,
1304063,2022,2022-04-09,"Dr DY Patil Sports Academy, Mumbai",1,2.1,Chennai Super Kings,Sunrisers Hyderabad,RV Uthappa,RD Gaikwad,B Kumar,3,0,,,,,,,,,
1304063,2022,2022-04-09,"Dr DY Patil Sports Academy, Mumbai",1,2.2,Chennai Super Kings,Sunrisers Hyderabad,RD Gaikwad,RV Uthappa,B Kumar,1,0,,,,,,,,,
1304063,2022,2022-04-09,"Dr DY Patil Sports Academy, Mumbai",1,2.3,Chennai Super Kings,Sunrisers Hyderabad,RV Uthappa,RD Gaikwad,B Kumar,1,0,,,,,,,,,
1304063,2022,2022-04-09,"Dr DY Patil Sports Academy, Mumbai",1,2.4,Chennai Super Kings,Sunrisers Hyderabad,RD Gaikwad,RV Uthappa,B Kumar,0,0,,,,,,,,,
1304063,2022,2022-04-09,"Dr DY Patil Sports Academy, Mumbai",1,2.5,Chennai Super Kings,Sunrisers Hyderabad,RD Gaikwad,RV Uthappa,B Kumar,0,0,,,,,,,,,
1304063,2022,2022-04-09,"Dr DY Patil Sports Academy, Mumbai",1,2.6,Chennai Super Kings,Sunrisers Hyderabad,RD Gaikwad,RV Uthappa,B Kumar,4,0,,,,,,,,,
1304063,2022,2022-04-09,"Dr DY Patil Sports Academy, Mumbai",1,3.1,Chennai Super Kings,Sunrisers Hyderabad,RV Uthappa,RD Gaikwad,Washington Sundar,0,0,,,,,,caught,RV Uthappa,,
1304063,2022,2022-04-09,"Dr DY Patil Sports Academy, Mumbai",1,3.2,Chennai Super Kings,Sunrisers Hyderabad,MM Ali,RD Gaikwad,Washington Sundar,1,0,,,,,,,,,
1304063,2022,2022-04-09,"Dr DY Patil Sports Academy, Mumbai",1,3.3,Chennai Super Kings,Sunrisers Hyderabad,RD Gaikwad,MM Ali,Washington Sundar,0,0,,,,,,,,,
1304063,2022,2022-04-09,"Dr DY Patil Sports Academy, Mumbai",1,3.4,Chennai Super Kings,Sunrisers Hyderabad,RD Gaikwad,MM Ali,Washington Sundar,0,0,,,,,,,,,
1304063,2022,2022-04-09,"Dr DY Patil Sports Academy, Mumbai",1,3.5,Chennai Super Kings,Sunrisers Hyderabad,RD Gaikwad,MM Ali,Washington Sundar,2,0,,,,,,,,,
1304063,2022,2022-04-09,"Dr DY Patil Sports Academy, Mumbai",1,3.6,Chennai Super Kings,Sunrisers Hyderabad,RD Gaikwad,MM Ali,Washington Sundar,4,0,,,,,,,,,
1304063,2022,2022-04-09,"Dr DY Patil Sports Academy, Mumbai",1,4.1,Chennai Super Kings,Sunrisers Hyderabad,MM Ali,RD Gaikwad,M Jansen,0,0,,,,,,,,,
1304063,2022,2022-04-09,"Dr DY Patil Sports Academy, Mumbai",1,4.2,Chennai Super Kings,Sunrisers Hyderabad,MM Ali,RD Gaikwad,M Jansen,0,0,,,,,,,,,
1304063,2022,2022-04-09,"Dr DY Patil Sports Academy, Mumbai",1,4.3,Chennai Super Kings,Sunrisers Hyderabad,MM Ali,RD Gaikwad,M Jansen,2,0,,,,,,,,,
1304063,2022,2022-04-09,"Dr DY Patil Sports Academy, Mumbai",1,4.4,Chennai Super Kings,Sunrisers Hyderabad,MM Ali,RD Gaikwad,M Jansen,0,0,,,,,,,,,
1304063,2022,2022-04-09,"Dr DY Patil Sports Academy, Mumbai",1,4.5,Chennai Super Kings,Sunrisers Hyderabad,MM Ali,RD Gaikwad,M Jansen,0,0,,,,,,,,,
1304063,2022,2022-04-09,"Dr DY Patil Sports Academy, Mumbai",1,4.6,Chennai Super Kings,Sunrisers Hyderabad,MM Ali,RD Gaikwad,M Jansen,2,0,,,,,,,,,
1304063,2022,2022-04-09,"Dr DY Patil Sports Academy, Mumbai",1,5.1,Chennai Super Kings,Sunrisers Hyderabad,RD Gaikwad,MM Ali,T Natarajan,0,0,,,,,,bowled,RD Gaikwad,,
1304063,2022,2022-04-09,"Dr DY Patil Sports Academy, Mumbai",1,5.2,Chennai Super Kings,Sunrisers Hyderabad,AT Rayudu,MM Ali,T Natarajan,0,0,,,,,,,,,
1304063,2022,2022-04-09,"Dr DY Patil Sports Academy, Mumbai",1,5.3,Chennai Super Kings,Sunrisers Hyderabad,AT Rayudu,MM Ali,T Natarajan,1,0,,,,,,,,,
1304063,2022,2022-04-09,"Dr DY Patil Sports Academy, Mumbai",1,5.4,Chennai Super Kings,Sunrisers Hyderabad,MM Ali,AT Rayudu,T Natarajan,4,0,,,,,,,,,
1304063,2022,2022-04-09,"Dr DY Patil Sports Academy, Mumbai",1,5.5,Chennai Super Kings,Sunrisers Hyderabad,MM Ali,AT Rayudu,T Natarajan,0,0,,,,,,,,,
1304063,2022,2022-04-09,"Dr DY Patil Sports Academy, Mumbai",1,5.6,Chennai Super Kings,Sunrisers Hyderabad,MM Ali,AT Rayudu,T Natarajan,0,0,,,,,,,,,
1304063,2022,2022-04-09,"Dr DY Patil Sports Academy, Mumbai",1,6.1,Chennai Super Kings,Sunrisers Hyderabad,AT Rayudu,MM Ali,Umran Malik,0,0,,,,,,,,,
1304063,2022,2022-04-09,"Dr DY Patil Sports Academy, Mumbai",1,6.2,Chennai Super Kings,Sunrisers Hyderabad,AT Rayudu,MM Ali,Umran Malik,0,0,,,,,,,,,
1304063,2022,2022-04-09,"Dr DY Patil Sports Academy, Mumbai",1,6.3,Chennai Super Kings,Sunrisers Hyderabad,AT Rayudu,MM Ali,Umran Malik,4,0,,,,,,,,,
1304063,2022,2022-04-09,"Dr DY Patil Sports Academy, Mumbai",1,6.4,Chennai Super Kings,Sunrisers Hyderabad,AT Rayudu,MM Ali,Umran Malik,0,0,,,,,,,,,
1304063,2022,2022-04-09,"Dr DY Patil Sports Academy, Mumbai",1,6.5,Chennai Super Kings,Sunrisers Hyderabad,AT Rayudu,MM Ali,Umran Malik,0,0,,,,,,,,,
1304063,2022,2022-04-09,"Dr DY Patil Sports Academy, Mumbai",1,6.6,Chennai Super Kings,Sunrisers Hyderabad,AT Rayudu,MM Ali,Umran Malik,0,0,,,,,,,,,
1304063,2022,2022-04-09,"Dr DY Patil Sports Academy, Mumbai",1,7.1,Chennai Super Kings,Sunrisers Hyderabad,MM Ali,AT Rayudu,Washington Sundar,1,0,,,,,,,,,
1304063,2022,2022-04-09,"Dr DY Patil Sports Academy, Mumbai",1,7.2,Chennai Super Kings,Sunrisers Hyderabad,AT Rayudu,MM Ali,Washington Sundar,1,0,,,,,,,,,
1304063,2022,2022-04-09,"Dr DY Patil Sports Academy, Mumbai",1,7.3,Chennai Super Kings,Sunrisers Hyderabad,MM Ali,AT Rayudu,Washington Sundar,1,0,,,,,,,,,
1304063,2022,2022-04-09,"Dr DY Patil Sports Academy, Mumbai",1,7.4,Chennai Super Kings,Sunrisers Hyderabad,AT Rayudu,MM Ali,Washington Sundar,1,0,,,,,,,,,
1304063,2022,2022-04-09,"Dr DY Patil Sports Academy, Mumbai",1,7.5,Chennai Super Kings,Sunrisers Hyderabad,MM Ali,AT Rayudu,Washington Sundar,1,0,,,,,,,,,
1304063,2022,2022-04-09,"Dr DY Patil Sports Academy, Mumbai",1,7.6,Chennai Super Kings,Sunrisers Hyderabad,AT Rayudu,MM Ali,Washington Sundar,1,0,,,,,,,,,
1304063,2022,2022-04-09,"Dr DY Patil Sports Academy, Mumbai",1,8.1,Chennai Super Kings,Sunrisers Hyderabad,AT Rayudu,MM Ali,Umran Malik,1,0,,,,,,,,,
1304063,2022,2022-04-09,"Dr DY Patil Sports Academy, Mumbai",1,8.2,Chennai Super Kings,Sunrisers Hyderabad,MM Ali,AT Rayudu,Umran Malik,0,0,,,,,,,,,
1304063,2022,2022-04-09,"Dr DY Patil Sports Academy, Mumbai",1,8.3,Chennai Super Kings,Sunrisers Hyderabad,MM Ali,AT Rayudu,Umran Malik,4,0,,,,,,,,,
1304063,2022,2022-04-09,"Dr DY Patil Sports Academy, Mumbai",1,8.4,Chennai Super Kings,Sunrisers Hyderabad,MM Ali,AT Rayudu,Umran Malik,2,0,,,,,,,,,
1304063,2022,2022-04-09,"Dr DY Patil Sports Academy, Mumbai",1,8.5,Chennai Super Kings,Sunrisers Hyderabad,MM Ali,AT Rayudu,Umran Malik,1,0,,,,,,,,,
1304063,2022,2022-04-09,"Dr DY Patil Sports Academy, Mumbai",1,8.6,Chennai Super Kings,Sunrisers Hyderabad,AT Rayudu,MM Ali,Umran Malik,4,0,,,,,,,,,
1304063,2022,2022-04-09,"Dr DY Patil Sports Academy, Mumbai",1,9.1,Chennai Super Kings,Sunrisers Hyderabad,MM Ali,AT Rayudu,Washington Sundar,1,0,,,,,,,,,
1304063,2022,2022-04-09,"Dr DY Patil Sports Academy, Mumbai",1,9.2,Chennai Super Kings,Sunrisers Hyderabad,AT Rayudu,MM Ali,Washington Sundar,1,0,,,,,,,,,
1304063,2022,2022-04-09,"Dr DY Patil Sports Academy, Mumbai",1,9.3,Chennai Super Kings,Sunrisers Hyderabad,MM Ali,AT Rayudu,Washington Sundar,1,0,,,,,,,,,
1304063,2022,2022-04-09,"Dr DY Patil Sports Academy, Mumbai",1,9.4,Chennai Super Kings,Sunrisers Hyderabad,AT Rayudu,MM Ali,Washington Sundar,1,0,,,,,,,,,
1304063,2022,2022-04-09,"Dr DY Patil Sports Academy, Mumbai",1,9.5,Chennai Super Kings,Sunrisers Hyderabad,MM Ali,AT Rayudu,Washington Sundar,0,0,,,,,,,,,
1304063,2022,2022-04-09,"Dr DY Patil Sports Academy, Mumbai",1,9.6,Chennai Super Kings,Sunrisers Hyderabad,MM Ali,AT Rayudu,Washington Sundar,1,0,,,,,,,,,
1304063,2022,2022-04-09,"Dr DY Patil Sports Academy, Mumbai",1,10.1,Chennai Super Kings,Sunrisers Hyderabad,MM Ali,AT Rayudu,M Jansen,1,0,,,,,,,,,
1304063,2022,2022-04-09,"Dr DY Patil Sports Academy, Mumbai",1,10.2,Chennai Super Kings,Sunrisers Hyderabad,AT Rayudu,MM Ali,M Jansen,4,0,,,,,,,,,
1304063,2022,2022-04-09,"Dr DY Patil Sports Academy, Mumbai",1,10.3,Chennai Super Kings,Sunrisers Hyderabad,AT Rayudu,MM Ali,M Jansen,4,0,,,,,,,,,
1304063,2022,2022-04-09,"Dr DY Patil Sports Academy, Mumbai",1,10.4,Chennai Super Kings,Sunrisers Hyderabad,AT Rayudu,MM Ali,M Jansen,0,0,,,,,,,,,
1304063,2022,2022-04-09,"Dr DY Patil Sports Academy, Mumbai",1,10.5,Chennai Super Kings,Sunrisers Hyderabad,AT Rayudu,MM Ali,M Jansen,0,0,,,,,,,,,
1304063,2022,2022-04-09,"Dr DY Patil Sports Academy, Mumbai",1,10.6,Chennai Super Kings,Sunrisers Hyderabad,AT Rayudu,MM Ali,M Jansen,1,0,,,,,,,,,
1304063,2022,2022-04-09,"Dr DY Patil Sports Academy, Mumbai",1,11.1,Chennai Super Kings,Sunrisers Hyderabad,AT Rayudu,MM Ali,T Natarajan,1,0,,,,,,,,,
1304063,2022,2022-04-09,"Dr DY Patil Sports Academy, Mumbai",1,11.2,Chennai Super Kings,Sunrisers Hyderabad,MM Ali,AT Rayudu,T Natarajan,1,0,,,,,,,,,
1304063,2022,2022-04-09,"Dr DY Patil Sports Academy, Mumbai",1,11.3,Chennai Super Kings,Sunrisers Hyderabad,AT Rayudu,MM Ali,T Natarajan,1,0,,,,,,,,,
1304063,2022,2022-04-09,"Dr DY Patil Sports Academy, Mumbai",1,11.4,Chennai Super Kings,Sunrisers Hyderabad,MM Ali,AT Rayudu,T Natarajan,1,0,,,,,,,,,
1304063,2022,2022-04-09,"Dr DY Patil Sports Academy, Mumbai",1,11.5,Chennai Super Kings,Sunrisers Hyderabad,AT Rayudu,MM Ali,T Natarajan,1,0,,,,,,,,,
1304063,2022,2022-04-09,"Dr DY Patil Sports Academy, Mumbai",1,11.6,Chennai Super Kings,Sunrisers Hyderabad,MM Ali,AT Rayudu,T Natarajan,1,0,,,,,,,,,
1304063,2022,2022-04-09,"Dr DY Patil Sports Academy, Mumbai",1,12.1,Chennai Super Kings,Sunrisers Hyderabad,MM Ali,AT Rayudu,Umran Malik,2,0,,,,,,,,,
1304063,2022,2022-04-09,"Dr DY Patil Sports Academy, Mumbai",1,12.2,Chennai Super Kings,Sunrisers Hyderabad,MM Ali,AT Rayudu,Umran Malik,6,0,,,,,,,,,
1304063,2022,2022-04-09,"Dr DY Patil Sports Academy, Mumbai",1,12.3,Chennai Super Kings,Sunrisers Hyderabad,MM Ali,AT Rayudu,Umran Malik,4,0,,,,,,,,,
1304063,2022,2022-04-09,"Dr DY Patil Sports Academy, Mumbai",1,12.4,Chennai Super Kings,Sunrisers Hyderabad,MM Ali,AT Rayudu,Umran Malik,1,0,,,,,,,,,
1304063,2022,2022-04-09,"Dr DY Patil Sports Academy, Mumbai",1,12.5,Chennai Super Kings,Sunrisers Hyderabad,AT Rayudu,MM Ali,Umran Malik,0,0,,,,,,,,,
1304063,2022,2022-04-09,"Dr DY Patil Sports Academy, Mumbai",1,12.6,Chennai Super Kings,Sunrisers Hyderabad,AT Rayudu,MM Ali,Umran Malik,0,0,,,,,,,,,
1304063,2022,2022-04-09,"Dr DY Patil Sports Academy, Mumbai",1,13.1,Chennai Super Kings,Sunrisers Hyderabad,MM Ali,AT Rayudu,Washington Sundar,1,0,,,,,,,,,
1304063,2022,2022-04-09,"Dr DY Patil Sports Academy, Mumbai",1,13.2,Chennai Super Kings,Sunrisers Hyderabad,AT Rayudu,MM Ali,Washington Sundar,0,0,,,,,,,,,
1304063,2022,2022-04-09,"Dr DY Patil Sports Academy, Mumbai",1,13.3,Chennai Super Kings,Sunrisers Hyderabad,AT Rayudu,MM Ali,Washington Sundar,0,0,,,,,,caught,AT Rayudu,,
1304063,2022,2022-04-09,"Dr DY Patil Sports Academy, Mumbai",1,13.4,Chennai Super Kings,Sunrisers Hyderabad,S Dube,MM Ali,Washington Sundar,1,0,,,,,,,,,
1304063,2022,2022-04-09,"Dr DY Patil Sports Academy, Mumbai",1,13.5,Chennai Super Kings,Sunrisers Hyderabad,MM Ali,S Dube,Washington Sundar,0,0,,,,,,,,,
1304063,2022,2022-04-09,"Dr DY Patil Sports Academy, Mumbai",1,13.6,Chennai Super Kings,Sunrisers Hyderabad,MM Ali,S Dube,Washington Sundar,1,0,,,,,,,,,
1304063,2022,2022-04-09,"Dr DY Patil Sports Academy, Mumbai",1,14.1,Chennai Super Kings,Sunrisers Hyderabad,MM Ali,S Dube,AK Markram,1,0,,,,,,,,,
1304063,2022,2022-04-09,"Dr DY Patil Sports Academy, Mumbai",1,14.2,Chennai Super Kings,Sunrisers Hyderabad,S Dube,MM Ali,AK Markram,0,0,,,,,,,,,
1304063,2022,2022-04-09,"Dr DY Patil Sports Academy, Mumbai",1,14.3,Chennai Super Kings,Sunrisers Hyderabad,S Dube,MM Ali,AK Markram,1,0,,,,,,,,,
1304063,2022,2022-04-09,"Dr DY Patil Sports Academy, Mumbai",1,14.4,Chennai Super Kings,Sunrisers Hyderabad,MM Ali,S Dube,AK Markram,6,0,,,,,,,,,
1304063,2022,2022-04-09,"Dr DY Patil Sports Academy, Mumbai",1,14.5,Chennai Super Kings,Sunrisers Hyderabad,MM Ali,S Dube,AK Markram,0,0,,,,,,caught,MM Ali,,
1304063,2022,2022-04-09,"Dr DY Patil Sports Academy, Mumbai",1,14.6,Chennai Super Kings,Sunrisers Hyderabad,RA Jadeja,S Dube,AK Markram,0,0,,,,,,,,,
1304063,2022,2022-04-09,"Dr DY Patil Sports Academy, Mumbai",1,15.1,Chennai Super Kings,Sunrisers Hyderabad,S Dube,RA Jadeja,T Natarajan,1,0,,,,,,,,,
1304063,2022,2022-04-09,"Dr DY Patil Sports Academy, Mumbai",1,15.2,Chennai Super Kings,Sunrisers Hyderabad,RA Jadeja,S Dube,T Natarajan,1,0,,,,,,,,,
1304063,2022,2022-04-09,"Dr DY Patil Sports Academy, Mumbai",1,15.3,Chennai Super Kings,Sunrisers Hyderabad,S Dube,RA Jadeja,T Natarajan,0,0,,,,,,caught,S Dube,,
1304063,2022,2022-04-09,"Dr DY Patil Sports Academy, Mumbai",1,15.4,Chennai Super Kings,Sunrisers Hyderabad,MS Dhoni,RA Jadeja,T Natarajan,1,0,,,,,,,,,
1304063,2022,2022-04-09,"Dr DY Patil Sports Academy, Mumbai",1,15.5,Chennai Super Kings,Sunrisers Hyderabad,RA Jadeja,MS Dhoni,T Natarajan,1,0,,,,,,,,,
1304063,2022,2022-04-09,"Dr DY Patil Sports Academy, Mumbai",1,15.6,Chennai Super Kings,Sunrisers Hyderabad,MS Dhoni,RA Jadeja,T Natarajan,1,0,,,,,,,,,
1304063,2022,2022-04-09,"Dr DY Patil Sports Academy, Mumbai",1,16.1,Chennai Super Kings,Sunrisers Hyderabad,MS Dhoni,RA Jadeja,B Kumar,1,0,,,,,,,,,
1304063,2022,2022-04-09,"Dr DY Patil Sports Academy, Mumbai",1,16.2,Chennai Super Kings,Sunrisers Hyderabad,RA Jadeja,MS Dhoni,B Kumar,0,0,,,,,,,,,
1304063,2022,2022-04-09,"Dr DY Patil Sports Academy, Mumbai",1,16.3,Chennai Super Kings,Sunrisers Hyderabad,RA Jadeja,MS Dhoni,B Kumar,2,0,,,,,,,,,
1304063,2022,2022-04-09,"Dr DY Patil Sports Academy, Mumbai",1,16.4,Chennai Super Kings,Sunrisers Hyderabad,RA Jadeja,MS Dhoni,B Kumar,1,0,,,,,,,,,
1304063,2022,2022-04-09,"Dr DY Patil Sports Academy, Mumbai",1,16.5,Chennai Super Kings,Sunrisers Hyderabad,MS Dhoni,RA Jadeja,B Kumar,0,0,,,,,,,,,
1304063,2022,2022-04-09,"Dr DY Patil Sports Academy, Mumbai",1,16.6,Chennai Super Kings,Sunrisers Hyderabad,MS Dhoni,RA Jadeja,B Kumar,0,0,,,,,,,,,
1304063,2022,2022-04-09,"Dr DY Patil Sports Academy, Mumbai",1,17.1,Chennai Super Kings,Sunrisers Hyderabad,RA Jadeja,MS Dhoni,M Jansen,4,0,,,,,,,,,
1304063,2022,2022-04-09,"Dr DY Patil Sports Academy, Mumbai",1,17.2,Chennai Super Kings,Sunrisers Hyderabad,RA Jadeja,MS Dhoni,M Jansen,1,0,,,,,,,,,
1304063,2022,2022-04-09,"Dr DY Patil Sports Academy, Mumbai",1,17.3,Chennai Super Kings,Sunrisers Hyderabad,MS Dhoni,RA Jadeja,M Jansen,0,0,,,,,,caught,MS Dhoni,,
1304063,2022,2022-04-09,"Dr DY Patil Sports Academy, Mumbai",1,17.4,Chennai Super Kings,Sunrisers Hyderabad,DJ Bravo,RA Jadeja,M Jansen,1,0,,,,,,,,,
1304063,2022,2022-04-09,"Dr DY Patil Sports Academy, Mumbai",1,17.5,Chennai Super Kings,Sunrisers Hyderabad,RA Jadeja,DJ Bravo,M Jansen,2,0,,,,,,,,,
1304063,2022,2022-04-09,"Dr DY Patil Sports Academy, Mumbai",1,17.6,Chennai Super Kings,Sunrisers Hyderabad,RA Jadeja,DJ Bravo,M Jansen,0,0,,,,,,,,,
1304063,2022,2022-04-09,"Dr DY Patil Sports Academy, Mumbai",1,18.1,Chennai Super Kings,Sunrisers Hyderabad,DJ Bravo,RA Jadeja,T Natarajan,1,0,,,,,,,,,
1304063,2022,2022-04-09,"Dr DY Patil Sports Academy, Mumbai",1,18.2,Chennai Super Kings,Sunrisers Hyderabad,RA Jadeja,DJ Bravo,T Natarajan,0,0,,,,,,,,,
1304063,2022,2022-04-09,"Dr DY Patil Sports Academy, Mumbai",1,18.3,Chennai Super Kings,Sunrisers Hyderabad,RA Jadeja,DJ Bravo,T Natarajan,1,0,,,,,,,,,
1304063,2022,2022-04-09,"Dr DY Patil Sports Academy, Mumbai",1,18.4,Chennai Super Kings,Sunrisers Hyderabad,DJ Bravo,RA Jadeja,T Natarajan,1,0,,,,,,,,,
1304063,2022,2022-04-09,"Dr DY Patil Sports Academy, Mumbai",1,18.5,Chennai Super Kings,Sunrisers Hyderabad,RA Jadeja,DJ Bravo,T Natarajan,0,1,1,,,,,,,,
1304063,2022,2022-04-09,"Dr DY Patil Sports Academy, Mumbai",1,18.6,Chennai Super Kings,Sunrisers Hyderabad,RA Jadeja,DJ Bravo,T Natarajan,4,0,,,,,,,,,
1304063,2022,2022-04-09,"Dr DY Patil Sports Academy, Mumbai",1,18.7,Chennai Super Kings,Sunrisers Hyderabad,RA Jadeja,DJ Bravo,T Natarajan,6,0,,,,,,,,,
1304063,2022,2022-04-09,"Dr DY Patil Sports Academy, Mumbai",1,19.1,Chennai Super Kings,Sunrisers Hyderabad,DJ Bravo,RA Jadeja,B Kumar,0,1,1,,,,,,,,
1304063,2022,2022-04-09,"Dr DY Patil Sports Academy, Mumbai",1,19.2,Chennai Super Kings,Sunrisers Hyderabad,DJ Bravo,RA Jadeja,B Kumar,4,0,,,,,,,,,
1304063,2022,2022-04-09,"Dr DY Patil Sports Academy, Mumbai",1,19.3,Chennai Super Kings,Sunrisers Hyderabad,DJ Bravo,RA Jadeja,B Kumar,1,0,,,,,,,,,
1304063,2022,2022-04-09,"Dr DY Patil Sports Academy, Mumbai",1,19.4,Chennai Super Kings,Sunrisers Hyderabad,RA Jadeja,DJ Bravo,B Kumar,0,1,1,,,,,,,,
1304063,2022,2022-04-09,"Dr DY Patil Sports Academy, Mumbai",1,19.5,Chennai Super Kings,Sunrisers Hyderabad,RA Jadeja,DJ Bravo,B Kumar,0,1,1,,,,,,,,
1304063,2022,2022-04-09,"Dr DY Patil Sports Academy, Mumbai",1,19.6,Chennai Super Kings,Sunrisers Hyderabad,RA Jadeja,DJ Bravo,B Kumar,0,0,,,,,,caught,RA Jadeja,,
1304063,2022,2022-04-09,"Dr DY Patil Sports Academy, Mumbai",1,19.7,Chennai Super Kings,Sunrisers Hyderabad,CJ Jordan,DJ Bravo,B Kumar,0,1,1,,,,,,,,
1304063,2022,2022-04-09,"Dr DY Patil Sports Academy, Mumbai",1,19.8,Chennai Super Kings,Sunrisers Hyderabad,CJ Jordan,DJ Bravo,B Kumar,2,0,,,,,,,,,
1304063,2022,2022-04-09,"Dr DY Patil Sports Academy, Mumbai",1,19.9,Chennai Super Kings,Sunrisers Hyderabad,CJ Jordan,DJ Bravo,B Kumar,2,0,,,,,,,,,
1304063,2022,2022-04-09,"Dr DY Patil Sports Academy, Mumbai",1,19.10,Chennai Super Kings,Sunrisers Hyderabad,CJ Jordan,DJ Bravo,B Kumar,2,0,,,,,,,,,
1304063,2022,2022-04-09,"Dr DY Patil Sports Academy, Mumbai",2,0.1,Sunrisers Hyderabad,Chennai Super Kings,Abhishek Sharma,KS Williamson,Mukesh Choudhary,1,0,,,,,,,,,
1304063,2022,2022-04-09,"Dr DY Patil Sports Academy, Mumbai",2,0.2,Sunrisers Hyderabad,Chennai Super Kings,KS Williamson,Abhishek Sharma,Mukesh Choudhary,0,0,,,,,,,,,
1304063,2022,2022-04-09,"Dr DY Patil Sports Academy, Mumbai",2,0.3,Sunrisers Hyderabad,Chennai Super Kings,KS Williamson,Abhishek Sharma,Mukesh Choudhary,0,0,,,,,,,,,
1304063,2022,2022-04-09,"Dr DY Patil Sports Academy, Mumbai",2,0.4,Sunrisers Hyderabad,Chennai Super Kings,KS Williamson,Abhishek Sharma,Mukesh Choudhary,0,0,,,,,,,,,
1304063,2022,2022-04-09,"Dr DY Patil Sports Academy, Mumbai",2,0.5,Sunrisers Hyderabad,Chennai Super Kings,KS Williamson,Abhishek Sharma,Mukesh Choudhary,0,0,,,,,,,,,
1304063,2022,2022-04-09,"Dr DY Patil Sports Academy, Mumbai",2,0.6,Sunrisers Hyderabad,Chennai Super Kings,KS Williamson,Abhishek Sharma,Mukesh Choudhary,0,0,,,,,,,,,
1304063,2022,2022-04-09,"Dr DY Patil Sports Academy, Mumbai",2,1.1,Sunrisers Hyderabad,Chennai Super Kings,Abhishek Sharma,KS Williamson,M Theekshana,0,0,,,,,,,,,
1304063,2022,2022-04-09,"Dr DY Patil Sports Academy, Mumbai",2,1.2,Sunrisers Hyderabad,Chennai Super Kings,Abhishek Sharma,KS Williamson,M Theekshana,1,0,,,,,,,,,
1304063,2022,2022-04-09,"Dr DY Patil Sports Academy, Mumbai",2,1.3,Sunrisers Hyderabad,Chennai Super Kings,KS Williamson,Abhishek Sharma,M Theekshana,0,0,,,,,,,,,
1304063,2022,2022-04-09,"Dr DY Patil Sports Academy, Mumbai",2,1.4,Sunrisers Hyderabad,Chennai Super Kings,KS Williamson,Abhishek Sharma,M Theekshana,4,0,,,,,,,,,
1304063,2022,2022-04-09,"Dr DY Patil Sports Academy, Mumbai",2,1.5,Sunrisers Hyderabad,Chennai Super Kings,KS Williamson,Abhishek Sharma,M Theekshana,0,0,,,,,,,,,
1304063,2022,2022-04-09,"Dr DY Patil Sports Academy, Mumbai",2,1.6,Sunrisers Hyderabad,Chennai Super Kings,KS Williamson,Abhishek Sharma,M Theekshana,0,0,,,,,,,,,
1304063,2022,2022-04-09,"Dr DY Patil Sports Academy, Mumbai",2,2.1,Sunrisers Hyderabad,Chennai Super Kings,Abhishek Sharma,KS Williamson,Mukesh Choudhary,1,0,,,,,,,,,
1304063,2022,2022-04-09,"Dr DY Patil Sports Academy, Mumbai",2,2.2,Sunrisers Hyderabad,Chennai Super Kings,KS Williamson,Abhishek Sharma,Mukesh Choudhary,0,0,,,,,,,,,
1304063,2022,2022-04-09,"Dr DY Patil Sports Academy, Mumbai",2,2.3,Sunrisers Hyderabad,Chennai Super Kings,KS Williamson,Abhishek Sharma,Mukesh Choudhary,1,0,,,,,,,,,
1304063,2022,2022-04-09,"Dr DY Patil Sports Academy, Mumbai",2,2.4,Sunrisers Hyderabad,Chennai Super Kings,Abhishek Sharma,KS Williamson,Mukesh Choudhary,2,0,,,,,,,,,
1304063,2022,2022-04-09,"Dr DY Patil Sports Academy, Mumbai",2,2.5,Sunrisers Hyderabad,Chennai Super Kings,Abhishek Sharma,KS Williamson,Mukesh Choudhary,0,0,,,,,,,,,
1304063,2022,2022-04-09,"Dr DY Patil Sports Academy, Mumbai",2,2.6,Sunrisers Hyderabad,Chennai Super Kings,Abhishek Sharma,KS Williamson,Mukesh Choudhary,4,0,,,,,,,,,
1304063,2022,2022-04-09,"Dr DY Patil Sports Academy, Mumbai",2,3.1,Sunrisers Hyderabad,Chennai Super Kings,KS Williamson,Abhishek Sharma,M Theekshana,1,0,,,,,,,,,
1304063,2022,2022-04-09,"Dr DY Patil Sports Academy, Mumbai",2,3.2,Sunrisers Hyderabad,Chennai Super Kings,Abhishek Sharma,KS Williamson,M Theekshana,4,0,,,,,,,,,
1304063,2022,2022-04-09,"Dr DY Patil Sports Academy, Mumbai",2,3.3,Sunrisers Hyderabad,Chennai Super Kings,Abhishek Sharma,KS Williamson,M Theekshana,1,0,,,,,,,,,
1304063,2022,2022-04-09,"Dr DY Patil Sports Academy, Mumbai",2,3.4,Sunrisers Hyderabad,Chennai Super Kings,KS Williamson,Abhishek Sharma,M Theekshana,0,0,,,,,,,,,
1304063,2022,2022-04-09,"Dr DY Patil Sports Academy, Mumbai",2,3.5,Sunrisers Hyderabad,Chennai Super Kings,KS Williamson,Abhishek Sharma,M Theekshana,1,0,,,,,,,,,
1304063,2022,2022-04-09,"Dr DY Patil Sports Academy, Mumbai",2,3.6,Sunrisers Hyderabad,Chennai Super Kings,Abhishek Sharma,KS Williamson,M Theekshana,2,0,,,,,,,,,
1304063,2022,2022-04-09,"Dr DY Patil Sports Academy, Mumbai",2,4.1,Sunrisers Hyderabad,Chennai Super Kings,KS Williamson,Abhishek Sharma,CJ Jordan,0,0,,,,,,,,,
1304063,2022,2022-04-09,"Dr DY Patil Sports Academy, Mumbai",2,4.2,Sunrisers Hyderabad,Chennai Super Kings,KS Williamson,Abhishek Sharma,CJ Jordan,0,0,,,,,,,,,
1304063,2022,2022-04-09,"Dr DY Patil Sports Academy, Mumbai",2,4.3,Sunrisers Hyderabad,Chennai Super Kings,KS Williamson,Abhishek Sharma,CJ Jordan,0,0,,,,,,,,,
1304063,2022,2022-04-09,"Dr DY Patil Sports Academy, Mumbai",2,4.4,Sunrisers Hyderabad,Chennai Super Kings,KS Williamson,Abhishek Sharma,CJ Jordan,1,0,,,,,,,,,
1304063,2022,2022-04-09,"Dr DY Patil Sports Academy, Mumbai",2,4.5,Sunrisers Hyderabad,Chennai Super Kings,Abhishek Sharma,KS Williamson,CJ Jordan,0,0,,,,,,,,,
1304063,2022,2022-04-09,"Dr DY Patil Sports Academy, Mumbai",2,4.6,Sunrisers Hyderabad,Chennai Super Kings,Abhishek Sharma,KS Williamson,CJ Jordan,0,0,,,,,,,,,
1304063,2022,2022-04-09,"Dr DY Patil Sports Academy, Mumbai",2,5.1,Sunrisers Hyderabad,Chennai Super Kings,KS Williamson,Abhishek Sharma,M Theekshana,1,0,,,,,,,,,
1304063,2022,2022-04-09,"Dr DY Patil Sports Academy, Mumbai",2,5.2,Sunrisers Hyderabad,Chennai Super Kings,Abhishek Sharma,KS Williamson,M Theekshana,4,0,,,,,,,,,
1304063,2022,2022-04-09,"Dr DY Patil Sports Academy, Mumbai",2,5.3,Sunrisers Hyderabad,Chennai Super Kings,Abhishek Sharma,KS Williamson,M Theekshana,1,0,,,,,,,,,
1304063,2022,2022-04-09,"Dr DY Patil Sports Academy, Mumbai",2,5.4,Sunrisers Hyderabad,Chennai Super Kings,KS Williamson,Abhishek Sharma,M Theekshana,0,0,,,,,,,,,
1304063,2022,2022-04-09,"Dr DY Patil Sports Academy, Mumbai",2,5.5,Sunrisers Hyderabad,Chennai Super Kings,KS Williamson,Abhishek Sharma,M Theekshana,1,0,,,,,,,,,
1304063,2022,2022-04-09,"Dr DY Patil Sports Academy, Mumbai",2,5.6,Sunrisers Hyderabad,Chennai Super Kings,Abhishek Sharma,KS Williamson,M Theekshana,6,0,,,,,,,,,
1304063,2022,2022-04-09,"Dr DY Patil Sports Academy, Mumbai",2,6.1,Sunrisers Hyderabad,Chennai Super Kings,KS Williamson,Abhishek Sharma,RA Jadeja,0,0,,,,,,,,,
1304063,2022,2022-04-09,"Dr DY Patil Sports Academy, Mumbai",2,6.2,Sunrisers Hyderabad,Chennai Super Kings,KS Williamson,Abhishek Sharma,RA Jadeja,0,0,,,,,,,,,
1304063,2022,2022-04-09,"Dr DY Patil Sports Academy, Mumbai",2,6.3,Sunrisers Hyderabad,Chennai Super Kings,KS Williamson,Abhishek Sharma,RA Jadeja,2,0,,,,,,,,,
1304063,2022,2022-04-09,"Dr DY Patil Sports Academy, Mumbai",2,6.4,Sunrisers Hyderabad,Chennai Super Kings,KS Williamson,Abhishek Sharma,RA Jadeja,1,0,,,,,,,,,
1304063,2022,2022-04-09,"Dr DY Patil Sports Academy, Mumbai",2,6.5,Sunrisers Hyderabad,Chennai Super Kings,Abhishek Sharma,KS Williamson,RA Jadeja,2,0,,,,,,,,,
1304063,2022,2022-04-09,"Dr DY Patil Sports Academy, Mumbai",2,6.6,Sunrisers Hyderabad,Chennai Super Kings,Abhishek Sharma,KS Williamson,RA Jadeja,0,0,,,,,,,,,
1304063,2022,2022-04-09,"Dr DY Patil Sports Academy, Mumbai",2,7.1,Sunrisers Hyderabad,Chennai Super Kings,KS Williamson,Abhishek Sharma,MM Ali,1,0,,,,,,,,,
1304063,2022,2022-04-09,"Dr DY Patil Sports Academy, Mumbai",2,7.2,Sunrisers Hyderabad,Chennai Super Kings,Abhishek Sharma,KS Williamson,MM Ali,1,0,,,,,,,,,
1304063,2022,2022-04-09,"Dr DY Patil Sports Academy, Mumbai",2,7.3,Sunrisers Hyderabad,Chennai Super Kings,KS Williamson,Abhishek Sharma,MM Ali,1,0,,,,,,,,,
1304063,2022,2022-04-09,"Dr DY Patil Sports Academy, Mumbai",2,7.4,Sunrisers Hyderabad,Chennai Super Kings,Abhishek Sharma,KS Williamson,MM Ali,1,0,,,,,,,,,
1304063,2022,2022-04-09,"Dr DY Patil Sports Academy, Mumbai",2,7.5,Sunrisers Hyderabad,Chennai Super Kings,KS Williamson,Abhishek Sharma,MM Ali,6,0,,,,,,,,,
1304063,2022,2022-04-09,"Dr DY Patil Sports Academy, Mumbai",2,7.6,Sunrisers Hyderabad,Chennai Super Kings,KS Williamson,Abhishek Sharma,MM Ali,0,0,,,,,,,,,
1304063,2022,2022-04-09,"Dr DY Patil Sports Academy, Mumbai",2,8.1,Sunrisers Hyderabad,Chennai Super Kings,Abhishek Sharma,KS Williamson,RA Jadeja,1,0,,,,,,,,,
1304063,2022,2022-04-09,"Dr DY Patil Sports Academy, Mumbai",2,8.2,Sunrisers Hyderabad,Chennai Super Kings,KS Williamson,Abhishek Sharma,RA Jadeja,1,0,,,,,,,,,
1304063,2022,2022-04-09,"Dr DY Patil Sports Academy, Mumbai",2,8.3,Sunrisers Hyderabad,Chennai Super Kings,Abhishek Sharma,KS Williamson,RA Jadeja,2,0,,,,,,,,,
1304063,2022,2022-04-09,"Dr DY Patil Sports Academy, Mumbai",2,8.4,Sunrisers Hyderabad,Chennai Super Kings,Abhishek Sharma,KS Williamson,RA Jadeja,1,0,,,,,,,,,
1304063,2022,2022-04-09,"Dr DY Patil Sports Academy, Mumbai",2,8.5,Sunrisers Hyderabad,Chennai Super Kings,KS Williamson,Abhishek Sharma,RA Jadeja,1,0,,,,,,,,,
1304063,2022,2022-04-09,"Dr DY Patil Sports Academy, Mumbai",2,8.6,Sunrisers Hyderabad,Chennai Super Kings,Abhishek Sharma,KS Williamson,RA Jadeja,4,0,,,,,,,,,
1304063,2022,2022-04-09,"Dr DY Patil Sports Academy, Mumbai",2,9.1,Sunrisers Hyderabad,Chennai Super Kings,KS Williamson,Abhishek Sharma,DJ Bravo,0,0,,,,,,,,,
1304063,2022,2022-04-09,"Dr DY Patil Sports Academy, Mumbai",2,9.2,Sunrisers Hyderabad,Chennai Super Kings,KS Williamson,Abhishek Sharma,DJ Bravo,1,0,,,,,,,,,
1304063,2022,2022-04-09,"Dr DY Patil Sports Academy, Mumbai",2,9.3,Sunrisers Hyderabad,Chennai Super Kings,Abhishek Sharma,KS Williamson,DJ Bravo,2,0,,,,,,,,,
1304063,2022,2022-04-09,"Dr DY Patil Sports Academy, Mumbai",2,9.4,Sunrisers Hyderabad,Chennai Super Kings,Abhishek Sharma,KS Williamson,DJ Bravo,2,0,,,,,,,,,
1304063,2022,2022-04-09,"Dr DY Patil Sports Academy, Mumbai",2,9.5,Sunrisers Hyderabad,Chennai Super Kings,Abhishek Sharma,KS Williamson,DJ Bravo,0,1,1,,,,,,,,
1304063,2022,2022-04-09,"Dr DY Patil Sports Academy, Mumbai",2,9.6,Sunrisers Hyderabad,Chennai Super Kings,Abhishek Sharma,KS Williamson,DJ Bravo,1,0,,,,,,,,,
1304063,2022,2022-04-09,"Dr DY Patil Sports Academy, Mumbai",2,9.7,Sunrisers Hyderabad,Chennai Super Kings,KS Williamson,Abhishek Sharma,DJ Bravo,0,0,,,,,,,,,
1304063,2022,2022-04-09,"Dr DY Patil Sports Academy, Mumbai",2,10.1,Sunrisers Hyderabad,Chennai Super Kings,Abhishek Sharma,KS Williamson,RA Jadeja,1,0,,,,,,,,,
1304063,2022,2022-04-09,"Dr DY Patil Sports Academy, Mumbai",2,10.2,Sunrisers Hyderabad,Chennai Super Kings,KS Williamson,Abhishek Sharma,RA Jadeja,1,0,,,,,,,,,
1304063,2022,2022-04-09,"Dr DY Patil Sports Academy, Mumbai",2,10.3,Sunrisers Hyderabad,Chennai Super Kings,Abhishek Sharma,KS Williamson,RA Jadeja,1,0,,,,,,,,,
1304063,2022,2022-04-09,"Dr DY Patil Sports Academy, Mumbai",2,10.4,Sunrisers Hyderabad,Chennai Super Kings,KS Williamson,Abhishek Sharma,RA Jadeja,1,0,,,,,,,,,
1304063,2022,2022-04-09,"Dr DY Patil Sports Academy, Mumbai",2,10.5,Sunrisers Hyderabad,Chennai Super Kings,Abhishek Sharma,KS Williamson,RA Jadeja,2,0,,,,,,,,,
1304063,2022,2022-04-09,"Dr DY Patil Sports Academy, Mumbai",2,10.6,Sunrisers Hyderabad,Chennai Super Kings,Abhishek Sharma,KS Williamson,RA Jadeja,0,0,,,,,,,,,
1304063,2022,2022-04-09,"Dr DY Patil Sports Academy, Mumbai",2,11.1,Sunrisers Hyderabad,Chennai Super Kings,KS Williamson,Abhishek Sharma,CJ Jordan,4,0,,,,,,,,,
1304063,2022,2022-04-09,"Dr DY Patil Sports Academy, Mumbai",2,11.2,Sunrisers Hyderabad,Chennai Super Kings,KS Williamson,Abhishek Sharma,CJ Jordan,1,0,,,,,,,,,
1304063,2022,2022-04-09,"Dr DY Patil Sports Academy, Mumbai",2,11.3,Sunrisers Hyderabad,Chennai Super Kings,Abhishek Sharma,KS Williamson,CJ Jordan,1,0,,,,,,,,,
1304063,2022,2022-04-09,"Dr DY Patil Sports Academy, Mumbai",2,11.4,Sunrisers Hyderabad,Chennai Super Kings,Abhishek Sharma,KS Williamson,CJ Jordan,1,0,,,,,,,,,
1304063,2022,2022-04-09,"Dr DY Patil Sports Academy, Mumbai",2,11.5,Sunrisers Hyderabad,Chennai Super Kings,KS Williamson,Abhishek Sharma,CJ Jordan,1,0,,,,,,,,,
1304063,2022,2022-04-09,"Dr DY Patil Sports Academy, Mumbai",2,11.6,Sunrisers Hyderabad,Chennai Super Kings,Abhishek Sharma,KS Williamson,CJ Jordan,6,0,,,,,,,,,
1304063,2022,2022-04-09,"Dr DY Patil Sports Academy, Mumbai",2,12.1,Sunrisers Hyderabad,Chennai Super Kings,KS Williamson,Abhishek Sharma,Mukesh Choudhary,0,0,,,,,,caught,KS Williamson,,
1304063,2022,2022-04-09,"Dr DY Patil Sports Academy, Mumbai",2,12.2,Sunrisers Hyderabad,Chennai Super Kings,RA Tripathi,Abhishek Sharma,Mukesh Choudhary,1,0,,,,,,,,,
1304063,2022,2022-04-09,"Dr DY Patil Sports Academy, Mumbai",2,12.3,Sunrisers Hyderabad,Chennai Super Kings,Abhishek Sharma,RA Tripathi,Mukesh Choudhary,0,0,,,,,,,,,
1304063,2022,2022-04-09,"Dr DY Patil Sports Academy, Mumbai",2,12.4,Sunrisers Hyderabad,Chennai Super Kings,Abhishek Sharma,RA Tripathi,Mukesh Choudhary,1,0,,,,,,,,,
1304063,2022,2022-04-09,"Dr DY Patil Sports Academy, Mumbai",2,12.5,Sunrisers Hyderabad,Chennai Super Kings,RA Tripathi,Abhishek Sharma,Mukesh Choudhary,6,0,,,,,,,,,
1304063,2022,2022-04-09,"Dr DY Patil Sports Academy, Mumbai",2,12.6,Sunrisers Hyderabad,Chennai Super Kings,RA Tripathi,Abhishek Sharma,Mukesh Choudhary,0,0,,,,,,,,,
1304063,2022,2022-04-09,"Dr DY Patil Sports Academy, Mumbai",2,13.1,Sunrisers Hyderabad,Chennai Super Kings,Abhishek Sharma,RA Tripathi,DJ Bravo,4,0,,,,,,,,,
1304063,2022,2022-04-09,"Dr DY Patil Sports Academy, Mumbai",2,13.2,Sunrisers Hyderabad,Chennai Super Kings,Abhishek Sharma,RA Tripathi,DJ Bravo,0,0,,,,,,,,,
1304063,2022,2022-04-09,"Dr DY Patil Sports Academy, Mumbai",2,13.3,Sunrisers Hyderabad,Chennai Super Kings,Abhishek Sharma,RA Tripathi,DJ Bravo,1,0,,,,,,,,,
1304063,2022,2022-04-09,"Dr DY Patil Sports Academy, Mumbai",2,13.4,Sunrisers Hyderabad,Chennai Super Kings,RA Tripathi,Abhishek Sharma,DJ Bravo,4,0,,,,,,,,,
1304063,2022,2022-04-09,"Dr DY Patil Sports Academy, Mumbai",2,13.5,Sunrisers Hyderabad,Chennai Super Kings,RA Tripathi,Abhishek Sharma,DJ Bravo,1,0,,,,,,,,,
1304063,2022,2022-04-09,"Dr DY Patil Sports Academy, Mumbai",2,13.6,Sunrisers Hyderabad,Chennai Super Kings,Abhishek Sharma,RA Tripathi,DJ Bravo,1,0,,,,,,,,,
1304063,2022,2022-04-09,"Dr DY Patil Sports Academy, Mumbai",2,14.1,Sunrisers Hyderabad,Chennai Super Kings,Abhishek Sharma,RA Tripathi,Mukesh Choudhary,0,0,,,,,,,,,
1304063,2022,2022-04-09,"Dr DY Patil Sports Academy, Mumbai",2,14.2,Sunrisers Hyderabad,Chennai Super Kings,Abhishek Sharma,RA Tripathi,Mukesh Choudhary,1,0,,,,,,,,,
1304063,2022,2022-04-09,"Dr DY Patil Sports Academy, Mumbai",2,14.3,Sunrisers Hyderabad,Chennai Super Kings,RA Tripathi,Abhishek Sharma,Mukesh Choudhary,1,0,,,,,,,,,
1304063,2022,2022-04-09,"Dr DY Patil Sports Academy, Mumbai",2,14.4,Sunrisers Hyderabad,Chennai Super Kings,Abhishek Sharma,RA Tripathi,Mukesh Choudhary,6,0,,,,,,,,,
1304063,2022,2022-04-09,"Dr DY Patil Sports Academy, Mumbai",2,14.5,Sunrisers Hyderabad,Chennai Super Kings,Abhishek Sharma,RA Tripathi,Mukesh Choudhary,1,0,,,,,,,,,
1304063,2022,2022-04-09,"Dr DY Patil Sports Academy, Mumbai",2,14.6,Sunrisers Hyderabad,Chennai Super Kings,RA Tripathi,Abhishek Sharma,Mukesh Choudhary,4,0,,,,,,,,,
1304063,2022,2022-04-09,"Dr DY Patil Sports Academy, Mumbai",2,15.1,Sunrisers Hyderabad,Chennai Super Kings,Abhishek Sharma,RA Tripathi,M Theekshana,1,0,,,,,,,,,
1304063,2022,2022-04-09,"Dr DY Patil Sports Academy, Mumbai",2,15.2,Sunrisers Hyderabad,Chennai Super Kings,RA Tripathi,Abhishek Sharma,M Theekshana,1,0,,,,,,,,,
1304063,2022,2022-04-09,"Dr DY Patil Sports Academy, Mumbai",2,15.3,Sunrisers Hyderabad,Chennai Super Kings,Abhishek Sharma,RA Tripathi,M Theekshana,1,0,,,,,,,,,
1304063,2022,2022-04-09,"Dr DY Patil Sports Academy, Mumbai",2,15.4,Sunrisers Hyderabad,Chennai Super Kings,RA Tripathi,Abhishek Sharma,M Theekshana,1,0,,,,,,,,,
1304063,2022,2022-04-09,"Dr DY Patil Sports Academy, Mumbai",2,15.5,Sunrisers Hyderabad,Chennai Super Kings,Abhishek Sharma,RA Tripathi,M Theekshana,0,0,,,,,,,,,
1304063,2022,2022-04-09,"Dr DY Patil Sports Academy, Mumbai",2,15.6,Sunrisers Hyderabad,Chennai Super Kings,Abhishek Sharma,RA Tripathi,M Theekshana,0,0,,,,,,,,,
1304063,2022,2022-04-09,"Dr DY Patil Sports Academy, Mumbai",2,16.1,Sunrisers Hyderabad,Chennai Super Kings,RA Tripathi,Abhishek Sharma,CJ Jordan,6,0,,,,,,,,,
1304063,2022,2022-04-09,"Dr DY Patil Sports Academy, Mumbai",2,16.2,Sunrisers Hyderabad,Chennai Super Kings,RA Tripathi,Abhishek Sharma,CJ Jordan,4,1,,1,,,,,,,
1304063,2022,2022-04-09,"Dr DY Patil Sports Academy, Mumbai",2,16.3,Sunrisers Hyderabad,Chennai Super Kings,RA Tripathi,Abhishek Sharma,CJ Jordan,1,0,,,,,,,,,
1304063,2022,2022-04-09,"Dr DY Patil Sports Academy, Mumbai",2,16.4,Sunrisers Hyderabad,Chennai Super Kings,Abhishek Sharma,RA Tripathi,CJ Jordan,1,0,,,,,,,,,
1304063,2022,2022-04-09,"Dr DY Patil Sports Academy, Mumbai",2,16.5,Sunrisers Hyderabad,Chennai Super Kings,RA Tripathi,Abhishek Sharma,CJ Jordan,4,0,,,,,,,,,
1304063,2022,2022-04-09,"Dr DY Patil Sports Academy, Mumbai",2,16.6,Sunrisers Hyderabad,Chennai Super Kings,RA Tripathi,Abhishek Sharma,CJ Jordan,1,0,,,,,,,,,
1304063,2022,2022-04-09,"Dr DY Patil Sports Academy, Mumbai",2,16.7,Sunrisers Hyderabad,Chennai Super Kings,Abhishek Sharma,RA Tripathi,CJ Jordan,1,0,,,,,,,,,
1304063,2022,2022-04-09,"Dr DY Patil Sports Academy, Mumbai",2,17.1,Sunrisers Hyderabad,Chennai Super Kings,Abhishek Sharma,RA Tripathi,DJ Bravo,0,1,1,,,,,,,,
1304063,2022,2022-04-09,"Dr DY Patil Sports Academy, Mumbai",2,17.2,Sunrisers Hyderabad,Chennai Super Kings,Abhishek Sharma,RA Tripathi,DJ Bravo,0,0,,,,,,caught,Abhishek Sharma,,
1304063,2022,2022-04-09,"Dr DY Patil Sports Academy, Mumbai",2,17.3,Sunrisers Hyderabad,Chennai Super Kings,N Pooran,RA Tripathi,DJ Bravo,4,0,,,,,,,,,
1304063,2022,2022-04-09,"Dr DY Patil Sports Academy, Mumbai",2,17.4,Sunrisers Hyderabad,Chennai Super Kings,N Pooran,RA Tripathi,DJ Bravo,0,1,1,,,,,,,,
1304063,2022,2022-04-09,"Dr DY Patil Sports Academy, Mumbai",2,17.5,Sunrisers Hyderabad,Chennai Super Kings,N Pooran,RA Tripathi,DJ Bravo,1,0,,,,,,,,,
1304063,2022,2022-04-09,"Dr DY Patil Sports Academy, Mumbai",2,17.6,Sunrisers Hyderabad,Chennai Super Kings,RA Tripathi,N Pooran,DJ Bravo,4,0,,,,,,,,,
