match_id,season,start_date,venue,innings,ball,batting_team,bowling_team,striker,non_striker,bowler,runs_off_bat,extras,wides,noballs,byes,legbyes,penalty,wicket_type,player_dismissed,other_wicket_type,other_player_dismissed
1304096,2022,2022-05-05,"Brabourne Stadium, Mumbai",1,0.1,Delhi Capitals,Sunrisers Hyderabad,Mandeep Singh,DA Warner,B Kumar,0,0,,,,,,,,,
1304096,2022,2022-05-05,"Brabourne Stadium, Mumbai",1,0.2,Delhi Capitals,Sunrisers Hyderabad,Mandeep Singh,DA Warner,B Kumar,0,0,,,,,,,,,
1304096,2022,2022-05-05,"Brabourne Stadium, Mumbai",1,0.3,Delhi Capitals,Sunrisers Hyderabad,Mandeep Singh,DA Warner,B Kumar,0,0,,,,,,,,,
1304096,2022,2022-05-05,"Brabourne Stadium, Mumbai",1,0.4,Delhi Capitals,Sunrisers Hyderabad,Mandeep Singh,DA Warner,B Kumar,0,0,,,,,,,,,
1304096,2022,2022-05-05,"Brabourne Stadium, Mumbai",1,0.5,Delhi Capitals,Sunrisers Hyderabad,Mandeep Singh,DA Warner,B Kumar,0,0,,,,,,caught,Mandeep Singh,,
1304096,2022,2022-05-05,"Brabourne Stadium, Mumbai",1,0.6,Delhi Capitals,Sunrisers Hyderabad,MR Marsh,DA Warner,B Kumar,0,0,,,,,,,,,
1304096,2022,2022-05-05,"Brabourne Stadium, Mumbai",1,1.1,Delhi Capitals,Sunrisers Hyderabad,DA Warner,MR Marsh,SA Abbott,4,0,,,,,,,,,
1304096,2022,2022-05-05,"Brabourne Stadium, Mumbai",1,1.2,Delhi Capitals,Sunrisers Hyderabad,DA Warner,MR Marsh,SA Abbott,1,0,,,,,,,,,
1304096,2022,2022-05-05,"Brabourne Stadium, Mumbai",1,1.3,Delhi Capitals,Sunrisers Hyderabad,MR Marsh,DA Warner,SA Abbott,4,0,,,,,,,,,
1304096,2022,2022-05-05,"Brabourne Stadium, Mumbai",1,1.4,Delhi Capitals,Sunrisers Hyderabad,MR Marsh,DA Warner,SA Abbott,1,0,,,,,,,,,
1304096,2022,2022-05-05,"Brabourne Stadium, Mumbai",1,1.5,Delhi Capitals,Sunrisers Hyderabad,DA Warner,MR Marsh,SA Abbott,1,0,,,,,,,,,
1304096,2022,2022-05-05,"Brabourne Stadium, Mumbai",1,1.6,Delhi Capitals,Sunrisers Hyderabad,MR Marsh,DA Warner,SA Abbott,0,0,,,,,,,,,
1304096,2022,2022-05-05,"Brabourne Stadium, Mumbai",1,2.1,Delhi Capitals,Sunrisers Hyderabad,DA Warner,MR Marsh,B Kumar,0,0,,,,,,,,,
1304096,2022,2022-05-05,"Brabourne Stadium, Mumbai",1,2.2,Delhi Capitals,Sunrisers Hyderabad,DA Warner,MR Marsh,B Kumar,0,0,,,,,,,,,
1304096,2022,2022-05-05,"Brabourne Stadium, Mumbai",1,2.3,Delhi Capitals,Sunrisers Hyderabad,DA Warner,MR Marsh,B Kumar,0,0,,,,,,,,,
1304096,2022,2022-05-05,"Brabourne Stadium, Mumbai",1,2.4,Delhi Capitals,Sunrisers Hyderabad,DA Warner,MR Marsh,B Kumar,0,0,,,,,,,,,
1304096,2022,2022-05-05,"Brabourne Stadium, Mumbai",1,2.5,Delhi Capitals,Sunrisers Hyderabad,DA Warner,MR Marsh,B Kumar,0,0,,,,,,,,,
1304096,2022,2022-05-05,"Brabourne Stadium, Mumbai",1,2.6,Delhi Capitals,Sunrisers Hyderabad,DA Warner,MR Marsh,B Kumar,1,0,,,,,,,,,
1304096,2022,2022-05-05,"Brabourne Stadium, Mumbai",1,3.1,Delhi Capitals,Sunrisers Hyderabad,DA Warner,MR Marsh,Umran Malik,0,5,5,,,,,,,,
1304096,2022,2022-05-05,"Brabourne Stadium, Mumbai",1,3.2,Delhi Capitals,Sunrisers Hyderabad,DA Warner,MR Marsh,Umran Malik,1,0,,,,,,,,,
1304096,2022,2022-05-05,"Brabourne Stadium, Mumbai",1,3.3,Delhi Capitals,Sunrisers Hyderabad,MR Marsh,DA Warner,Umran Malik,1,0,,,,,,,,,
1304096,2022,2022-05-05,"Brabourne Stadium, Mumbai",1,3.4,Delhi Capitals,Sunrisers Hyderabad,DA Warner,MR Marsh,Umran Malik,4,0,,,,,,,,,
1304096,2022,2022-05-05,"Brabourne Stadium, Mumbai",1,3.5,Delhi Capitals,Sunrisers Hyderabad,DA Warner,MR Marsh,Umran Malik,4,0,,,,,,,,,
1304096,2022,2022-05-05,"Brabourne Stadium, Mumbai",1,3.6,Delhi Capitals,Sunrisers Hyderabad,DA Warner,MR Marsh,Umran Malik,0,0,,,,,,,,,
1304096,2022,2022-05-05,"Brabourne Stadium, Mumbai",1,3.7,Delhi Capitals,Sunrisers Hyderabad,DA Warner,MR Marsh,Umran Malik,6,0,,,,,,,,,
1304096,2022,2022-05-05,"Brabourne Stadium, Mumbai",1,4.1,Delhi Capitals,Sunrisers Hyderabad,MR Marsh,DA Warner,SA Abbott,4,0,,,,,,,,,
1304096,2022,2022-05-05,"Brabourne Stadium, Mumbai",1,4.2,Delhi Capitals,Sunrisers Hyderabad,MR Marsh,DA Warner,SA Abbott,0,0,,,,,,caught and bowled,MR Marsh,,
1304096,2022,2022-05-05,"Brabourne Stadium, Mumbai",1,4.3,Delhi Capitals,Sunrisers Hyderabad,RR Pant,DA Warner,SA Abbott,1,0,,,,,,,,,
1304096,2022,2022-05-05,"Brabourne Stadium, Mumbai",1,4.4,Delhi Capitals,Sunrisers Hyderabad,DA Warner,RR Pant,SA Abbott,0,1,1,,,,,,,,
1304096,2022,2022-05-05,"Brabourne Stadium, Mumbai",1,4.5,Delhi Capitals,Sunrisers Hyderabad,DA Warner,RR Pant,SA Abbott,0,0,,,,,,,,,
1304096,2022,2022-05-05,"Brabourne Stadium, Mumbai",1,4.6,Delhi Capitals,Sunrisers Hyderabad,DA Warner,RR Pant,SA Abbott,0,0,,,,,,,,,
1304096,2022,2022-05-05,"Brabourne Stadium, Mumbai",1,4.7,Delhi Capitals,Sunrisers Hyderabad,DA Warner,RR Pant,SA Abbott,0,0,,,,,,,,,
1304096,2022,2022-05-05,"Brabourne Stadium, Mumbai",1,5.1,Delhi Capitals,Sunrisers Hyderabad,RR Pant,DA Warner,Kartik Tyagi,0,0,,,,,,,,,
1304096,2022,2022-05-05,"Brabourne Stadium, Mumbai",1,5.2,Delhi Capitals,Sunrisers Hyderabad,RR Pant,DA Warner,Kartik Tyagi,0,0,,,,,,,,,
1304096,2022,2022-05-05,"Brabourne Stadium, Mumbai",1,5.3,Delhi Capitals,Sunrisers Hyderabad,RR Pant,DA Warner,Kartik Tyagi,1,1,,1,,,,,,,
1304096,2022,2022-05-05,"Brabourne Stadium, Mumbai",1,5.4,Delhi Capitals,Sunrisers Hyderabad,DA Warner,RR Pant,Kartik Tyagi,4,0,,,,,,,,,
1304096,2022,2022-05-05,"Brabourne Stadium, Mumbai",1,5.5,Delhi Capitals,Sunrisers Hyderabad,DA Warner,RR Pant,Kartik Tyagi,4,0,,,,,,,,,
1304096,2022,2022-05-05,"Brabourne Stadium, Mumbai",1,5.6,Delhi Capitals,Sunrisers Hyderabad,DA Warner,RR Pant,Kartik Tyagi,1,0,,,,,,,,,
1304096,2022,2022-05-05,"Brabourne Stadium, Mumbai",1,5.7,Delhi Capitals,Sunrisers Hyderabad,RR Pant,DA Warner,Kartik Tyagi,0,0,,,,,,,,,
1304096,2022,2022-05-05,"Brabourne Stadium, Mumbai",1,6.1,Delhi Capitals,Sunrisers Hyderabad,DA Warner,RR Pant,S Gopal,0,0,,,,,,,,,
1304096,2022,2022-05-05,"Brabourne Stadium, Mumbai",1,6.2,Delhi Capitals,Sunrisers Hyderabad,DA Warner,RR Pant,S Gopal,1,0,,,,,,,,,
1304096,2022,2022-05-05,"Brabourne Stadium, Mumbai",1,6.3,Delhi Capitals,Sunrisers Hyderabad,RR Pant,DA Warner,S Gopal,0,0,,,,,,,,,
1304096,2022,2022-05-05,"Brabourne Stadium, Mumbai",1,6.4,Delhi Capitals,Sunrisers Hyderabad,RR Pant,DA Warner,S Gopal,0,0,,,,,,,,,
1304096,2022,2022-05-05,"Brabourne Stadium, Mumbai",1,6.5,Delhi Capitals,Sunrisers Hyderabad,RR Pant,DA Warner,S Gopal,0,0,,,,,,,,,
1304096,2022,2022-05-05,"Brabourne Stadium, Mumbai",1,6.6,Delhi Capitals,Sunrisers Hyderabad,RR Pant,DA Warner,S Gopal,0,0,,,,,,,,,
1304096,2022,2022-05-05,"Brabourne Stadium, Mumbai",1,7.1,Delhi Capitals,Sunrisers Hyderabad,DA Warner,RR Pant,AK Markram,1,0,,,,,,,,,
1304096,2022,2022-05-05,"Brabourne Stadium, Mumbai",1,7.2,Delhi Capitals,Sunrisers Hyderabad,RR Pant,DA Warner,AK Markram,1,0,,,,,,,,,
1304096,2022,2022-05-05,"Brabourne Stadium, Mumbai",1,7.3,Delhi Capitals,Sunrisers Hyderabad,DA Warner,RR Pant,AK Markram,1,0,,,,,,,,,
1304096,2022,2022-05-05,"Brabourne Stadium, Mumbai",1,7.4,Delhi Capitals,Sunrisers Hyderabad,RR Pant,DA Warner,AK Markram,1,0,,,,,,,,,
1304096,2022,2022-05-05,"Brabourne Stadium, Mumbai",1,7.5,Delhi Capitals,Sunrisers Hyderabad,DA Warner,RR Pant,AK Markram,6,0,,,,,,,,,
1304096,2022,2022-05-05,"Brabourne Stadium, Mumbai",1,7.6,Delhi Capitals,Sunrisers Hyderabad,DA Warner,RR Pant,AK Markram,1,0,,,,,,,,,
1304096,2022,2022-05-05,"Brabourne Stadium, Mumbai",1,8.1,Delhi Capitals,Sunrisers Hyderabad,DA Warner,RR Pant,S Gopal,1,0,,,,,,,,,
1304096,2022,2022-05-05,"Brabourne Stadium, Mumbai",1,8.2,Delhi Capitals,Sunrisers Hyderabad,RR Pant,DA Warner,S Gopal,6,0,,,,,,,,,
1304096,2022,2022-05-05,"Brabourne Stadium, Mumbai",1,8.3,Delhi Capitals,Sunrisers Hyderabad,RR Pant,DA Warner,S Gopal,6,0,,,,,,,,,
1304096,2022,2022-05-05,"Brabourne Stadium, Mumbai",1,8.4,Delhi Capitals,Sunrisers Hyderabad,RR Pant,DA Warner,S Gopal,6,0,,,,,,,,,
1304096,2022,2022-05-05,"Brabourne Stadium, Mumbai",1,8.5,Delhi Capitals,Sunrisers Hyderabad,RR Pant,DA Warner,S Gopal,4,0,,,,,,,,,
1304096,2022,2022-05-05,"Brabourne Stadium, Mumbai",1,8.6,Delhi Capitals,Sunrisers Hyderabad,RR Pant,DA Warner,S Gopal,0,0,,,,,,bowled,RR Pant,,
1304096,2022,2022-05-05,"Brabourne Stadium, Mumbai",1,9.1,Delhi Capitals,Sunrisers Hyderabad,DA Warner,R Powell,Kartik Tyagi,0,0,,,,,,,,,
1304096,2022,2022-05-05,"Brabourne Stadium, Mumbai",1,9.2,Delhi Capitals,Sunrisers Hyderabad,DA Warner,R Powell,Kartik Tyagi,0,0,,,,,,,,,
1304096,2022,2022-05-05,"Brabourne Stadium, Mumbai",1,9.3,Delhi Capitals,Sunrisers Hyderabad,DA Warner,R Powell,Kartik Tyagi,4,0,,,,,,,,,
1304096,2022,2022-05-05,"Brabourne Stadium, Mumbai",1,9.4,Delhi Capitals,Sunrisers Hyderabad,DA Warner,R Powell,Kartik Tyagi,1,0,,,,,,,,,
1304096,2022,2022-05-05,"Brabourne Stadium, Mumbai",1,9.5,Delhi Capitals,Sunrisers Hyderabad,R Powell,DA Warner,Kartik Tyagi,0,0,,,,,,,,,
1304096,2022,2022-05-05,"Brabourne Stadium, Mumbai",1,9.6,Delhi Capitals,Sunrisers Hyderabad,R Powell,DA Warner,Kartik Tyagi,1,0,,,,,,,,,
1304096,2022,2022-05-05,"Brabourne Stadium, Mumbai",1,10.1,Delhi Capitals,Sunrisers Hyderabad,R Powell,DA Warner,S Gopal,0,0,,,,,,,,,
1304096,2022,2022-05-05,"Brabourne Stadium, Mumbai",1,10.2,Delhi Capitals,Sunrisers Hyderabad,R Powell,DA Warner,S Gopal,1,0,,,,,,,,,
1304096,2022,2022-05-05,"Brabourne Stadium, Mumbai",1,10.3,Delhi Capitals,Sunrisers Hyderabad,DA Warner,R Powell,S Gopal,1,0,,,,,,,,,
1304096,2022,2022-05-05,"Brabourne Stadium, Mumbai",1,10.4,Delhi Capitals,Sunrisers Hyderabad,R Powell,DA Warner,S Gopal,1,0,,,,,,,,,
1304096,2022,2022-05-05,"Brabourne Stadium, Mumbai",1,10.5,Delhi Capitals,Sunrisers Hyderabad,DA Warner,R Powell,S Gopal,1,0,,,,,,,,,
1304096,2022,2022-05-05,"Brabourne Stadium, Mumbai",1,10.6,Delhi Capitals,Sunrisers Hyderabad,R Powell,DA Warner,S Gopal,6,0,,,,,,,,,
1304096,2022,2022-05-05,"Brabourne Stadium, Mumbai",1,11.1,Delhi Capitals,Sunrisers Hyderabad,DA Warner,R Powell,Umran Malik,4,0,,,,,,,,,
1304096,2022,2022-05-05,"Brabourne Stadium, Mumbai",1,11.2,Delhi Capitals,Sunrisers Hyderabad,DA Warner,R Powell,Umran Malik,0,0,,,,,,,,,
1304096,2022,2022-05-05,"Brabourne Stadium, Mumbai",1,11.3,Delhi Capitals,Sunrisers Hyderabad,DA Warner,R Powell,Umran Malik,0,1,1,,,,,,,,
1304096,2022,2022-05-05,"Brabourne Stadium, Mumbai",1,11.4,Delhi Capitals,Sunrisers Hyderabad,DA Warner,R Powell,Umran Malik,3,0,,,,,,,,,
1304096,2022,2022-05-05,"Brabourne Stadium, Mumbai",1,11.5,Delhi Capitals,Sunrisers Hyderabad,R Powell,DA Warner,Umran Malik,0,0,,,,,,,,,
1304096,2022,2022-05-05,"Brabourne Stadium, Mumbai",1,11.6,Delhi Capitals,Sunrisers Hyderabad,R Powell,DA Warner,Umran Malik,2,0,,,,,,,,,
1304096,2022,2022-05-05,"Brabourne Stadium, Mumbai",1,11.7,Delhi Capitals,Sunrisers Hyderabad,R Powell,DA Warner,Umran Malik,1,0,,,,,,,,,
1304096,2022,2022-05-05,"Brabourne Stadium, Mumbai",1,12.1,Delhi Capitals,Sunrisers Hyderabad,R Powell,DA Warner,Kartik Tyagi,1,0,,,,,,,,,
1304096,2022,2022-05-05,"Brabourne Stadium, Mumbai",1,12.2,Delhi Capitals,Sunrisers Hyderabad,DA Warner,R Powell,Kartik Tyagi,0,0,,,,,,,,,
1304096,2022,2022-05-05,"Brabourne Stadium, Mumbai",1,12.3,Delhi Capitals,Sunrisers Hyderabad,DA Warner,R Powell,Kartik Tyagi,2,0,,,,,,,,,
1304096,2022,2022-05-05,"Brabourne Stadium, Mumbai",1,12.4,Delhi Capitals,Sunrisers Hyderabad,DA Warner,R Powell,Kartik Tyagi,1,0,,,,,,,,,
1304096,2022,2022-05-05,"Brabourne Stadium, Mumbai",1,12.5,Delhi Capitals,Sunrisers Hyderabad,R Powell,DA Warner,Kartik Tyagi,1,0,,,,,,,,,
1304096,2022,2022-05-05,"Brabourne Stadium, Mumbai",1,12.6,Delhi Capitals,Sunrisers Hyderabad,DA Warner,R Powell,Kartik Tyagi,6,0,,,,,,,,,
1304096,2022,2022-05-05,"Brabourne Stadium, Mumbai",1,13.1,Delhi Capitals,Sunrisers Hyderabad,R Powell,DA Warner,SA Abbott,1,0,,,,,,,,,
1304096,2022,2022-05-05,"Brabourne Stadium, Mumbai",1,13.2,Delhi Capitals,Sunrisers Hyderabad,DA Warner,R Powell,SA Abbott,2,0,,,,,,,,,
1304096,2022,2022-05-05,"Brabourne Stadium, Mumbai",1,13.3,Delhi Capitals,Sunrisers Hyderabad,DA Warner,R Powell,SA Abbott,1,0,,,,,,,,,
1304096,2022,2022-05-05,"Brabourne Stadium, Mumbai",1,13.4,Delhi Capitals,Sunrisers Hyderabad,R Powell,DA Warner,SA Abbott,2,0,,,,,,,,,
1304096,2022,2022-05-05,"Brabourne Stadium, Mumbai",1,13.5,Delhi Capitals,Sunrisers Hyderabad,R Powell,DA Warner,SA Abbott,1,0,,,,,,,,,
1304096,2022,2022-05-05,"Brabourne Stadium, Mumbai",1,13.6,Delhi Capitals,Sunrisers Hyderabad,DA Warner,R Powell,SA Abbott,0,1,1,,,,,,,,
1304096,2022,2022-05-05,"Brabourne Stadium, Mumbai",1,13.7,Delhi Capitals,Sunrisers Hyderabad,DA Warner,R Powell,SA Abbott,4,0,,,,,,,,,
1304096,2022,2022-05-05,"Brabourne Stadium, Mumbai",1,14.1,Delhi Capitals,Sunrisers Hyderabad,R Powell,DA Warner,Umran Malik,0,0,,,,,,,,,
1304096,2022,2022-05-05,"Brabourne Stadium, Mumbai",1,14.2,Delhi Capitals,Sunrisers Hyderabad,R Powell,DA Warner,Umran Malik,0,0,,,,,,,,,
1304096,2022,2022-05-05,"Brabourne Stadium, Mumbai",1,14.3,Delhi Capitals,Sunrisers Hyderabad,R Powell,DA Warner,Umran Malik,1,0,,,,,,,,,
1304096,2022,2022-05-05,"Brabourne Stadium, Mumbai",1,14.4,Delhi Capitals,Sunrisers Hyderabad,DA Warner,R Powell,Umran Malik,0,0,,,,,,,,,
1304096,2022,2022-05-05,"Brabourne Stadium, Mumbai",1,14.5,Delhi Capitals,Sunrisers Hyderabad,DA Warner,R Powell,Umran Malik,0,0,,,,,,,,,
1304096,2022,2022-05-05,"Brabourne Stadium, Mumbai",1,14.6,Delhi Capitals,Sunrisers Hyderabad,DA Warner,R Powell,Umran Malik,1,0,,,,,,,,,
1304096,2022,2022-05-05,"Brabourne Stadium, Mumbai",1,15.1,Delhi Capitals,Sunrisers Hyderabad,DA Warner,R Powell,B Kumar,1,0,,,,,,,,,
1304096,2022,2022-05-05,"Brabourne Stadium, Mumbai",1,15.2,Delhi Capitals,Sunrisers Hyderabad,R Powell,DA Warner,B Kumar,0,0,,,,,,,,,
1304096,2022,2022-05-05,"Brabourne Stadium, Mumbai",1,15.3,Delhi Capitals,Sunrisers Hyderabad,R Powell,DA Warner,B Kumar,2,0,,,,,,,,,
1304096,2022,2022-05-05,"Brabourne Stadium, Mumbai",1,15.4,Delhi Capitals,Sunrisers Hyderabad,R Powell,DA Warner,B Kumar,6,0,,,,,,,,,
1304096,2022,2022-05-05,"Brabourne Stadium, Mumbai",1,15.5,Delhi Capitals,Sunrisers Hyderabad,R Powell,DA Warner,B Kumar,1,0,,,,,,,,,
1304096,2022,2022-05-05,"Brabourne Stadium, Mumbai",1,15.6,Delhi Capitals,Sunrisers Hyderabad,DA Warner,R Powell,B Kumar,0,0,,,,,,,,,
1304096,2022,2022-05-05,"Brabourne Stadium, Mumbai",1,16.1,Delhi Capitals,Sunrisers Hyderabad,R Powell,DA Warner,SA Abbott,0,0,,,,,,,,,
1304096,2022,2022-05-05,"Brabourne Stadium, Mumbai",1,16.2,Delhi Capitals,Sunrisers Hyderabad,R Powell,DA Warner,SA Abbott,0,1,1,,,,,,,,
1304096,2022,2022-05-05,"Brabourne Stadium, Mumbai",1,16.3,Delhi Capitals,Sunrisers Hyderabad,R Powell,DA Warner,SA Abbott,6,0,,,,,,,,,
1304096,2022,2022-05-05,"Brabourne Stadium, Mumbai",1,16.4,Delhi Capitals,Sunrisers Hyderabad,R Powell,DA Warner,SA Abbott,6,0,,,,,,,,,
1304096,2022,2022-05-05,"Brabourne Stadium, Mumbai",1,16.5,Delhi Capitals,Sunrisers Hyderabad,R Powell,DA Warner,SA Abbott,1,0,,,,,,,,,
1304096,2022,2022-05-05,"Brabourne Stadium, Mumbai",1,16.6,Delhi Capitals,Sunrisers Hyderabad,DA Warner,R Powell,SA Abbott,4,0,,,,,,,,,
1304096,2022,2022-05-05,"Brabourne Stadium, Mumbai",1,16.7,Delhi Capitals,Sunrisers Hyderabad,DA Warner,R Powell,SA Abbott,0,0,,,,,,,,,
1304096,2022,2022-05-05,"Brabourne Stadium, Mumbai",1,17.1,Delhi Capitals,Sunrisers Hyderabad,R Powell,DA Warner,Kartik Tyagi,1,0,,,,,,,,,
1304096,2022,2022-05-05,"Brabourne Stadium, Mumbai",1,17.2,Delhi Capitals,Sunrisers Hyderabad,DA Warner,R Powell,Kartik Tyagi,0,0,,,,,,,,,
1304096,2022,2022-05-05,"Brabourne Stadium, Mumbai",1,17.3,Delhi Capitals,Sunrisers Hyderabad,DA Warner,R Powell,Kartik Tyagi,0,1,1,,,,,,,,
1304096,2022,2022-05-05,"Brabourne Stadium, Mumbai",1,17.4,Delhi Capitals,Sunrisers Hyderabad,DA Warner,R Powell,Kartik Tyagi,0,0,,,,,,,,,
1304096,2022,2022-05-05,"Brabourne Stadium, Mumbai",1,17.5,Delhi Capitals,Sunrisers Hyderabad,DA Warner,R Powell,Kartik Tyagi,1,0,,,,,,,,,
1304096,2022,2022-05-05,"Brabourne Stadium, Mumbai",1,17.6,Delhi Capitals,Sunrisers Hyderabad,R Powell,DA Warner,Kartik Tyagi,6,0,,,,,,,,,
1304096,2022,2022-05-05,"Brabourne Stadium, Mumbai",1,17.7,Delhi Capitals,Sunrisers Hyderabad,R Powell,DA Warner,Kartik Tyagi,0,0,,,,,,,,,
1304096,2022,2022-05-05,"Brabourne Stadium, Mumbai",1,18.1,Delhi Capitals,Sunrisers Hyderabad,DA Warner,R Powell,B Kumar,4,0,,,,,,,,,
1304096,2022,2022-05-05,"Brabourne Stadium, Mumbai",1,18.2,Delhi Capitals,Sunrisers Hyderabad,DA Warner,R Powell,B Kumar,1,0,,,,,,,,,
1304096,2022,2022-05-05,"Brabourne Stadium, Mumbai",1,18.3,Delhi Capitals,Sunrisers Hyderabad,R Powell,DA Warner,B Kumar,1,0,,,,,,,,,
1304096,2022,2022-05-05,"Brabourne Stadium, Mumbai",1,18.4,Delhi Capitals,Sunrisers Hyderabad,DA Warner,R Powell,B Kumar,4,0,,,,,,,,,
1304096,2022,2022-05-05,"Brabourne Stadium, Mumbai",1,18.5,Delhi Capitals,Sunrisers Hyderabad,DA Warner,R Powell,B Kumar,4,0,,,,,,,,,
1304096,2022,2022-05-05,"Brabourne Stadium, Mumbai",1,18.6,Delhi Capitals,Sunrisers Hyderabad,DA Warner,R Powell,B Kumar,0,0,,,,,,,,,
1304096,2022,2022-05-05,"Brabourne Stadium, Mumbai",1,19.1,Delhi Capitals,Sunrisers Hyderabad,R Powell,DA Warner,Umran Malik,6,0,,,,,,,,,
1304096,2022,2022-05-05,"Brabourne Stadium, Mumbai",1,19.2,Delhi Capitals,Sunrisers Hyderabad,R Powell,DA Warner,Umran Malik,0,0,,,,,,,,,
1304096,2022,2022-05-05,"Brabourne Stadium, Mumbai",1,19.3,Delhi Capitals,Sunrisers Hyderabad,R Powell,DA Warner,Umran Malik,4,0,,,,,,,,,
1304096,2022,2022-05-05,"Brabourne Stadium, Mumbai",1,19.4,Delhi Capitals,Sunrisers Hyderabad,R Powell,DA Warner,Umran Malik,4,0,,,,,,,,,
1304096,2022,2022-05-05,"Brabourne Stadium, Mumbai",1,19.5,Delhi Capitals,Sunrisers Hyderabad,R Powell,DA Warner,Umran Malik,4,0,,,,,,,,,
1304096,2022,2022-05-05,"Brabourne Stadium, Mumbai",1,19.6,Delhi Capitals,Sunrisers Hyderabad,R Powell,DA Warner,Umran Malik,0,1,,,1,,,,,,
1304096,2022,2022-05-05,"Brabourne Stadium, Mumbai",2,0.1,Sunrisers Hyderabad,Delhi Capitals,Abhishek Sharma,KS Williamson,SN Thakur,0,0,,,,,,,,,
1304096,2022,2022-05-05,"Brabourne Stadium, Mumbai",2,0.2,Sunrisers Hyderabad,Delhi Capitals,Abhishek Sharma,KS Williamson,SN Thakur,0,1,1,,,,,,,,
1304096,2022,2022-05-05,"Brabourne Stadium, Mumbai",2,0.3,Sunrisers Hyderabad,Delhi Capitals,Abhishek Sharma,KS Williamson,SN Thakur,2,0,,,,,,,,,
1304096,2022,2022-05-05,"Brabourne Stadium, Mumbai",2,0.4,Sunrisers Hyderabad,Delhi Capitals,Abhishek Sharma,KS Williamson,SN Thakur,1,0,,,,,,,,,
1304096,2022,2022-05-05,"Brabourne Stadium, Mumbai",2,0.5,Sunrisers Hyderabad,Delhi Capitals,KS Williamson,Abhishek Sharma,SN Thakur,0,0,,,,,,,,,
1304096,2022,2022-05-05,"Brabourne Stadium, Mumbai",2,0.6,Sunrisers Hyderabad,Delhi Capitals,KS Williamson,Abhishek Sharma,SN Thakur,0,0,,,,,,,,,
1304096,2022,2022-05-05,"Brabourne Stadium, Mumbai",2,0.7,Sunrisers Hyderabad,Delhi Capitals,KS Williamson,Abhishek Sharma,SN Thakur,0,0,,,,,,,,,
1304096,2022,2022-05-05,"Brabourne Stadium, Mumbai",2,1.1,Sunrisers Hyderabad,Delhi Capitals,Abhishek Sharma,KS Williamson,KK Ahmed,0,0,,,,,,,,,
1304096,2022,2022-05-05,"Brabourne Stadium, Mumbai",2,1.2,Sunrisers Hyderabad,Delhi Capitals,Abhishek Sharma,KS Williamson,KK Ahmed,4,0,,,,,,,,,
1304096,2022,2022-05-05,"Brabourne Stadium, Mumbai",2,1.3,Sunrisers Hyderabad,Delhi Capitals,Abhishek Sharma,KS Williamson,KK Ahmed,0,0,,,,,,caught,Abhishek Sharma,,
1304096,2022,2022-05-05,"Brabourne Stadium, Mumbai",2,1.4,Sunrisers Hyderabad,Delhi Capitals,RA Tripathi,KS Williamson,KK Ahmed,1,0,,,,,,,,,
1304096,2022,2022-05-05,"Brabourne Stadium, Mumbai",2,1.5,Sunrisers Hyderabad,Delhi Capitals,KS Williamson,RA Tripathi,KK Ahmed,0,0,,,,,,,,,
1304096,2022,2022-05-05,"Brabourne Stadium, Mumbai",2,1.6,Sunrisers Hyderabad,Delhi Capitals,KS Williamson,RA Tripathi,KK Ahmed,0,0,,,,,,,,,
1304096,2022,2022-05-05,"Brabourne Stadium, Mumbai",2,2.1,Sunrisers Hyderabad,Delhi Capitals,RA Tripathi,KS Williamson,A Nortje,1,0,,,,,,,,,
1304096,2022,2022-05-05,"Brabourne Stadium, Mumbai",2,2.2,Sunrisers Hyderabad,Delhi Capitals,KS Williamson,RA Tripathi,A Nortje,0,0,,,,,,,,,
1304096,2022,2022-05-05,"Brabourne Stadium, Mumbai",2,2.3,Sunrisers Hyderabad,Delhi Capitals,KS Williamson,RA Tripathi,A Nortje,4,0,,,,,,,,,
1304096,2022,2022-05-05,"Brabourne Stadium, Mumbai",2,2.4,Sunrisers Hyderabad,Delhi Capitals,KS Williamson,RA Tripathi,A Nortje,0,0,,,,,,,,,
1304096,2022,2022-05-05,"Brabourne Stadium, Mumbai",2,2.5,Sunrisers Hyderabad,Delhi Capitals,KS Williamson,RA Tripathi,A Nortje,0,1,,,,1,,,,,
1304096,2022,2022-05-05,"Brabourne Stadium, Mumbai",2,2.6,Sunrisers Hyderabad,Delhi Capitals,RA Tripathi,KS Williamson,A Nortje,1,0,,,,,,,,,
1304096,2022,2022-05-05,"Brabourne Stadium, Mumbai",2,3.1,Sunrisers Hyderabad,Delhi Capitals,RA Tripathi,KS Williamson,KK Ahmed,0,0,,,,,,,,,
1304096,2022,2022-05-05,"Brabourne Stadium, Mumbai",2,3.2,Sunrisers Hyderabad,Delhi Capitals,RA Tripathi,KS Williamson,KK Ahmed,0,0,,,,,,,,,
1304096,2022,2022-05-05,"Brabourne Stadium, Mumbai",2,3.3,Sunrisers Hyderabad,Delhi Capitals,RA Tripathi,KS Williamson,KK Ahmed,6,0,,,,,,,,,
1304096,2022,2022-05-05,"Brabourne Stadium, Mumbai",2,3.4,Sunrisers Hyderabad,Delhi Capitals,RA Tripathi,KS Williamson,KK Ahmed,0,0,,,,,,,,,
1304096,2022,2022-05-05,"Brabourne Stadium, Mumbai",2,3.5,Sunrisers Hyderabad,Delhi Capitals,RA Tripathi,KS Williamson,KK Ahmed,1,0,,,,,,,,,
1304096,2022,2022-05-05,"Brabourne Stadium, Mumbai",2,3.6,Sunrisers Hyderabad,Delhi Capitals,KS Williamson,RA Tripathi,KK Ahmed,0,0,,,,,,,,,
1304096,2022,2022-05-05,"Brabourne Stadium, Mumbai",2,4.1,Sunrisers Hyderabad,Delhi Capitals,RA Tripathi,KS Williamson,A Nortje,1,0,,,,,,,,,
1304096,2022,2022-05-05,"Brabourne Stadium, Mumbai",2,4.2,Sunrisers Hyderabad,Delhi Capitals,KS Williamson,RA Tripathi,A Nortje,0,0,,,,,,caught,KS Williamson,,
1304096,2022,2022-05-05,"Brabourne Stadium, Mumbai",2,4.3,Sunrisers Hyderabad,Delhi Capitals,AK Markram,RA Tripathi,A Nortje,0,0,,,,,,,,,
1304096,2022,2022-05-05,"Brabourne Stadium, Mumbai",2,4.4,Sunrisers Hyderabad,Delhi Capitals,AK Markram,RA Tripathi,A Nortje,0,0,,,,,,,,,
1304096,2022,2022-05-05,"Brabourne Stadium, Mumbai",2,4.5,Sunrisers Hyderabad,Delhi Capitals,AK Markram,RA Tripathi,A Nortje,0,0,,,,,,,,,
1304096,2022,2022-05-05,"Brabourne Stadium, Mumbai",2,4.6,Sunrisers Hyderabad,Delhi Capitals,AK Markram,RA Tripathi,A Nortje,0,0,,,,,,,,,
1304096,2022,2022-05-05,"Brabourne Stadium, Mumbai",2,5.1,Sunrisers Hyderabad,Delhi Capitals,RA Tripathi,AK Markram,SN Thakur,1,0,,,,,,,,,
1304096,2022,2022-05-05,"Brabourne Stadium, Mumbai",2,5.2,Sunrisers Hyderabad,Delhi Capitals,AK Markram,RA Tripathi,SN Thakur,0,0,,,,,,,,,
1304096,2022,2022-05-05,"Brabourne Stadium, Mumbai",2,5.3,Sunrisers Hyderabad,Delhi Capitals,AK Markram,RA Tripathi,SN Thakur,1,0,,,,,,,,,
1304096,2022,2022-05-05,"Brabourne Stadium, Mumbai",2,5.4,Sunrisers Hyderabad,Delhi Capitals,RA Tripathi,AK Markram,SN Thakur,4,0,,,,,,,,,
1304096,2022,2022-05-05,"Brabourne Stadium, Mumbai",2,5.5,Sunrisers Hyderabad,Delhi Capitals,RA Tripathi,AK Markram,SN Thakur,4,0,,,,,,,,,
1304096,2022,2022-05-05,"Brabourne Stadium, Mumbai",2,5.6,Sunrisers Hyderabad,Delhi Capitals,RA Tripathi,AK Markram,SN Thakur,1,0,,,,,,,,,
1304096,2022,2022-05-05,"Brabourne Stadium, Mumbai",2,6.1,Sunrisers Hyderabad,Delhi Capitals,RA Tripathi,AK Markram,MR Marsh,0,0,,,,,,,,,
1304096,2022,2022-05-05,"Brabourne Stadium, Mumbai",2,6.2,Sunrisers Hyderabad,Delhi Capitals,RA Tripathi,AK Markram,MR Marsh,1,0,,,,,,,,,
1304096,2022,2022-05-05,"Brabourne Stadium, Mumbai",2,6.3,Sunrisers Hyderabad,Delhi Capitals,AK Markram,RA Tripathi,MR Marsh,1,0,,,,,,,,,
1304096,2022,2022-05-05,"Brabourne Stadium, Mumbai",2,6.4,Sunrisers Hyderabad,Delhi Capitals,RA Tripathi,AK Markram,MR Marsh,0,0,,,,,,,,,
1304096,2022,2022-05-05,"Brabourne Stadium, Mumbai",2,6.5,Sunrisers Hyderabad,Delhi Capitals,RA Tripathi,AK Markram,MR Marsh,0,0,,,,,,,,,
1304096,2022,2022-05-05,"Brabourne Stadium, Mumbai",2,6.6,Sunrisers Hyderabad,Delhi Capitals,RA Tripathi,AK Markram,MR Marsh,0,0,,,,,,caught,RA Tripathi,,
1304096,2022,2022-05-05,"Brabourne Stadium, Mumbai",2,7.1,Sunrisers Hyderabad,Delhi Capitals,AK Markram,N Pooran,Kuldeep Yadav,0,0,,,,,,,,,
1304096,2022,2022-05-05,"Brabourne Stadium, Mumbai",2,7.2,Sunrisers Hyderabad,Delhi Capitals,AK Markram,N Pooran,Kuldeep Yadav,4,0,,,,,,,,,
1304096,2022,2022-05-05,"Brabourne Stadium, Mumbai",2,7.3,Sunrisers Hyderabad,Delhi Capitals,AK Markram,N Pooran,Kuldeep Yadav,1,0,,,,,,,,,
1304096,2022,2022-05-05,"Brabourne Stadium, Mumbai",2,7.4,Sunrisers Hyderabad,Delhi Capitals,N Pooran,AK Markram,Kuldeep Yadav,1,0,,,,,,,,,
1304096,2022,2022-05-05,"Brabourne Stadium, Mumbai",2,7.5,Sunrisers Hyderabad,Delhi Capitals,AK Markram,N Pooran,Kuldeep Yadav,1,0,,,,,,,,,
1304096,2022,2022-05-05,"Brabourne Stadium, Mumbai",2,7.6,Sunrisers Hyderabad,Delhi Capitals,N Pooran,AK Markram,Kuldeep Yadav,0,0,,,,,,,,,
1304096,2022,2022-05-05,"Brabourne Stadium, Mumbai",2,8.1,Sunrisers Hyderabad,Delhi Capitals,AK Markram,N Pooran,MR Marsh,1,0,,,,,,,,,
1304096,2022,2022-05-05,"Brabourne Stadium, Mumbai",2,8.2,Sunrisers Hyderabad,Delhi Capitals,N Pooran,AK Markram,MR Marsh,0,0,,,,,,,,,
1304096,2022,2022-05-05,"Brabourne Stadium, Mumbai",2,8.3,Sunrisers Hyderabad,Delhi Capitals,N Pooran,AK Markram,MR Marsh,0,0,,,,,,,,,
1304096,2022,2022-05-05,"Brabourne Stadium, Mumbai",2,8.4,Sunrisers Hyderabad,Delhi Capitals,N Pooran,AK Markram,MR Marsh,1,0,,,,,,,,,
1304096,2022,2022-05-05,"Brabourne Stadium, Mumbai",2,8.5,Sunrisers Hyderabad,Delhi Capitals,AK Markram,N Pooran,MR Marsh,0,0,,,,,,,,,
1304096,2022,2022-05-05,"Brabourne Stadium, Mumbai",2,8.6,Sunrisers Hyderabad,Delhi Capitals,AK Markram,N Pooran,MR Marsh,2,0,,,,,,,,,
1304096,2022,2022-05-05,"Brabourne Stadium, Mumbai",2,9.1,Sunrisers Hyderabad,Delhi Capitals,N Pooran,AK Markram,Kuldeep Yadav,1,0,,,,,,,,,
1304096,2022,2022-05-05,"Brabourne Stadium, Mumbai",2,9.2,Sunrisers Hyderabad,Delhi Capitals,AK Markram,N Pooran,Kuldeep Yadav,6,0,,,,,,,,,
1304096,2022,2022-05-05,"Brabourne Stadium, Mumbai",2,9.3,Sunrisers Hyderabad,Delhi Capitals,AK Markram,N Pooran,Kuldeep Yadav,1,0,,,,,,,,,
1304096,2022,2022-05-05,"Brabourne Stadium, Mumbai",2,9.4,Sunrisers Hyderabad,Delhi Capitals,N Pooran,AK Markram,Kuldeep Yadav,0,0,,,,,,,,,
1304096,2022,2022-05-05,"Brabourne Stadium, Mumbai",2,9.5,Sunrisers Hyderabad,Delhi Capitals,N Pooran,AK Markram,Kuldeep Yadav,6,0,,,,,,,,,
1304096,2022,2022-05-05,"Brabourne Stadium, Mumbai",2,9.6,Sunrisers Hyderabad,Delhi Capitals,N Pooran,AK Markram,Kuldeep Yadav,1,0,,,,,,,,,
1304096,2022,2022-05-05,"Brabourne Stadium, Mumbai",2,10.1,Sunrisers Hyderabad,Delhi Capitals,N Pooran,AK Markram,MR Marsh,1,0,,,,,,,,,
1304096,2022,2022-05-05,"Brabourne Stadium, Mumbai",2,10.2,Sunrisers Hyderabad,Delhi Capitals,AK Markram,N Pooran,MR Marsh,0,1,1,,,,,,,,
1304096,2022,2022-05-05,"Brabourne Stadium, Mumbai",2,10.3,Sunrisers Hyderabad,Delhi Capitals,AK Markram,N Pooran,MR Marsh,0,0,,,,,,,,,
1304096,2022,2022-05-05,"Brabourne Stadium, Mumbai",2,10.4,Sunrisers Hyderabad,Delhi Capitals,AK Markram,N Pooran,MR Marsh,4,0,,,,,,,,,
1304096,2022,2022-05-05,"Brabourne Stadium, Mumbai",2,10.5,Sunrisers Hyderabad,Delhi Capitals,AK Markram,N Pooran,MR Marsh,4,0,,,,,,,,,
1304096,2022,2022-05-05,"Brabourne Stadium, Mumbai",2,10.6,Sunrisers Hyderabad,Delhi Capitals,AK Markram,N Pooran,MR Marsh,0,0,,,,,,,,,
1304096,2022,2022-05-05,"Brabourne Stadium, Mumbai",2,10.7,Sunrisers Hyderabad,Delhi Capitals,AK Markram,N Pooran,MR Marsh,4,0,,,,,,,,,
1304096,2022,2022-05-05,"Brabourne Stadium, Mumbai",2,11.1,Sunrisers Hyderabad,Delhi Capitals,N Pooran,AK Markram,Kuldeep Yadav,0,0,,,,,,,,,
1304096,2022,2022-05-05,"Brabourne Stadium, Mumbai",2,11.2,Sunrisers Hyderabad,Delhi Capitals,N Pooran,AK Markram,Kuldeep Yadav,0,0,,,,,,,,,
1304096,2022,2022-05-05,"Brabourne Stadium, Mumbai",2,11.3,Sunrisers Hyderabad,Delhi Capitals,N Pooran,AK Markram,Kuldeep Yadav,1,0,,,,,,,,,
1304096,2022,2022-05-05,"Brabourne Stadium, Mumbai",2,11.4,Sunrisers Hyderabad,Delhi Capitals,AK Markram,N Pooran,Kuldeep Yadav,0,0,,,,,,,,,
1304096,2022,2022-05-05,"Brabourne Stadium, Mumbai",2,11.5,Sunrisers Hyderabad,Delhi Capitals,AK Markram,N Pooran,Kuldeep Yadav,6,0,,,,,,,,,
1304096,2022,2022-05-05,"Brabourne Stadium, Mumbai",2,11.6,Sunrisers Hyderabad,Delhi Capitals,AK Markram,N Pooran,Kuldeep Yadav,6,0,,,,,,,,,
1304096,2022,2022-05-05,"Brabourne Stadium, Mumbai",2,12.1,Sunrisers Hyderabad,Delhi Capitals,N Pooran,AK Markram,KK Ahmed,4,0,,,,,,,,,
1304096,2022,2022-05-05,"Brabourne Stadium, Mumbai",2,12.2,Sunrisers Hyderabad,Delhi Capitals,N Pooran,AK Markram,KK Ahmed,2,0,,,,,,,,,
1304096,2022,2022-05-05,"Brabourne Stadium, Mumbai",2,12.3,Sunrisers Hyderabad,Delhi Capitals,N Pooran,AK Markram,KK Ahmed,0,0,,,,,,,,,
1304096,2022,2022-05-05,"Brabourne Stadium, Mumbai",2,12.4,Sunrisers Hyderabad,Delhi Capitals,N Pooran,AK Markram,KK Ahmed,1,0,,,,,,,,,
1304096,2022,2022-05-05,"Brabourne Stadium, Mumbai",2,12.5,Sunrisers Hyderabad,Delhi Capitals,AK Markram,N Pooran,KK Ahmed,0,0,,,,,,caught,AK Markram,,
1304096,2022,2022-05-05,"Brabourne Stadium, Mumbai",2,12.6,Sunrisers Hyderabad,Delhi Capitals,Shashank Singh,N Pooran,KK Ahmed,4,0,,,,,,,,,
1304096,2022,2022-05-05,"Brabourne Stadium, Mumbai",2,13.1,Sunrisers Hyderabad,Delhi Capitals,N Pooran,Shashank Singh,A Nortje,6,0,,,,,,,,,
1304096,2022,2022-05-05,"Brabourne Stadium, Mumbai",2,13.2,Sunrisers Hyderabad,Delhi Capitals,N Pooran,Shashank Singh,A Nortje,1,0,,,,,,,,,
1304096,2022,2022-05-05,"Brabourne Stadium, Mumbai",2,13.3,Sunrisers Hyderabad,Delhi Capitals,Shashank Singh,N Pooran,A Nortje,0,0,,,,,,,,,
1304096,2022,2022-05-05,"Brabourne Stadium, Mumbai",2,13.4,Sunrisers Hyderabad,Delhi Capitals,Shashank Singh,N Pooran,A Nortje,1,0,,,,,,,,,
1304096,2022,2022-05-05,"Brabourne Stadium, Mumbai",2,13.5,Sunrisers Hyderabad,Delhi Capitals,N Pooran,Shashank Singh,A Nortje,0,1,1,,,,,,,,
1304096,2022,2022-05-05,"Brabourne Stadium, Mumbai",2,13.6,Sunrisers Hyderabad,Delhi Capitals,N Pooran,Shashank Singh,A Nortje,0,1,1,,,,,,,,
1304096,2022,2022-05-05,"Brabourne Stadium, Mumbai",2,13.7,Sunrisers Hyderabad,Delhi Capitals,N Pooran,Shashank Singh,A Nortje,0,0,,,,,,,,,
1304096,2022,2022-05-05,"Brabourne Stadium, Mumbai",2,13.8,Sunrisers Hyderabad,Delhi Capitals,N Pooran,Shashank Singh,A Nortje,6,0,,,,,,,,,
1304096,2022,2022-05-05,"Brabourne Stadium, Mumbai",2,14.1,Sunrisers Hyderabad,Delhi Capitals,Shashank Singh,N Pooran,SN Thakur,1,0,,,,,,,,,
1304096,2022,2022-05-05,"Brabourne Stadium, Mumbai",2,14.2,Sunrisers Hyderabad,Delhi Capitals,N Pooran,Shashank Singh,SN Thakur,6,0,,,,,,,,,
1304096,2022,2022-05-05,"Brabourne Stadium, Mumbai",2,14.3,Sunrisers Hyderabad,Delhi Capitals,N Pooran,Shashank Singh,SN Thakur,0,5,5,,,,,,,,
1304096,2022,2022-05-05,"Brabourne Stadium, Mumbai",2,14.4,Sunrisers Hyderabad,Delhi Capitals,N Pooran,Shashank Singh,SN Thakur,1,0,,,,,,,,,
1304096,2022,2022-05-05,"Brabourne Stadium, Mumbai",2,14.5,Sunrisers Hyderabad,Delhi Capitals,Shashank Singh,N Pooran,SN Thakur,4,0,,,,,,,,,
1304096,2022,2022-05-05,"Brabourne Stadium, Mumbai",2,14.6,Sunrisers Hyderabad,Delhi Capitals,Shashank Singh,N Pooran,SN Thakur,0,0,,,,,,caught,Shashank Singh,,
1304096,2022,2022-05-05,"Brabourne Stadium, Mumbai",2,14.7,Sunrisers Hyderabad,Delhi Capitals,SA Abbott,N Pooran,SN Thakur,0,0,,,,,,,,,
1304096,2022,2022-05-05,"Brabourne Stadium, Mumbai",2,15.1,Sunrisers Hyderabad,Delhi Capitals,N Pooran,SA Abbott,A Nortje,1,0,,,,,,,,,
1304096,2022,2022-05-05,"Brabourne Stadium, Mumbai",2,15.2,Sunrisers Hyderabad,Delhi Capitals,SA Abbott,N Pooran,A Nortje,1,0,,,,,,,,,
1304096,2022,2022-05-05,"Brabourne Stadium, Mumbai",2,15.3,Sunrisers Hyderabad,Delhi Capitals,N Pooran,SA Abbott,A Nortje,0,1,1,,,,,,,,
1304096,2022,2022-05-05,"Brabourne Stadium, Mumbai",2,15.4,Sunrisers Hyderabad,Delhi Capitals,N Pooran,SA Abbott,A Nortje,6,0,,,,,,,,,
1304096,2022,2022-05-05,"Brabourne Stadium, Mumbai",2,15.5,Sunrisers Hyderabad,Delhi Capitals,N Pooran,SA Abbott,A Nortje,2,0,,,,,,,,,
1304096,2022,2022-05-05,"Brabourne Stadium, Mumbai",2,15.6,Sunrisers Hyderabad,Delhi Capitals,N Pooran,SA Abbott,A Nortje,1,0,,,,,,,,,
1304096,2022,2022-05-05,"Brabourne Stadium, Mumbai",2,15.7,Sunrisers Hyderabad,Delhi Capitals,SA Abbott,N Pooran,A Nortje,0,0,,,,,,,,,
1304096,2022,2022-05-05,"Brabourne Stadium, Mumbai",2,16.1,Sunrisers Hyderabad,Delhi Capitals,N Pooran,SA Abbott,KK Ahmed,0,0,,,,,,,,,
1304096,2022,2022-05-05,"Brabourne Stadium, Mumbai",2,16.2,Sunrisers Hyderabad,Delhi Capitals,N Pooran,SA Abbott,KK Ahmed,1,0,,,,,,,,,
1304096,2022,2022-05-05,"Brabourne Stadium, Mumbai",2,16.3,Sunrisers Hyderabad,Delhi Capitals,SA Abbott,N Pooran,KK Ahmed,6,0,,,,,,,,,
1304096,2022,2022-05-05,"Brabourne Stadium, Mumbai",2,16.4,Sunrisers Hyderabad,Delhi Capitals,SA Abbott,N Pooran,KK Ahmed,0,0,,,,,,caught,SA Abbott,,
1304096,2022,2022-05-05,"Brabourne Stadium, Mumbai",2,16.5,Sunrisers Hyderabad,Delhi Capitals,S Gopal,N Pooran,KK Ahmed,0,0,,,,,,,,,
1304096,2022,2022-05-05,"Brabourne Stadium, Mumbai",2,16.6,Sunrisers Hyderabad,Delhi Capitals,S Gopal,N Pooran,KK Ahmed,0,0,,,,,,,,,
1304096,2022,2022-05-05,"Brabourne Stadium, Mumbai",2,17.1,Sunrisers Hyderabad,Delhi Capitals,N Pooran,S Gopal,SN Thakur,4,0,,,,,,,,,
1304096,2022,2022-05-05,"Brabourne Stadium, Mumbai",2,17.2,Sunrisers Hyderabad,Delhi Capitals,N Pooran,S Gopal,SN Thakur,0,0,,,,,,,,,
1304096,2022,2022-05-05,"Brabourne Stadium, Mumbai",2,17.3,Sunrisers Hyderabad,Delhi Capitals,N Pooran,S Gopal,SN Thakur,2,0,,,,,,,,,
1304096,2022,2022-05-05,"Brabourne Stadium, Mumbai",2,17.4,Sunrisers Hyderabad,Delhi Capitals,N Pooran,S Gopal,SN Thakur,6,0,,,,,,,,,
1304096,2022,2022-05-05,"Brabourne Stadium, Mumbai",2,17.5,Sunrisers Hyderabad,Delhi Capitals,N Pooran,S Gopal,SN Thakur,0,0,,,,,,caught,N Pooran,,
1304096,2022,2022-05-05,"Brabourne Stadium, Mumbai",2,17.6,Sunrisers Hyderabad,Delhi Capitals,Kartik Tyagi,S Gopal,SN Thakur,0,0,,,,,,,,,
1304096,2022,2022-05-05,"Brabourne Stadium, Mumbai",2,18.1,Sunrisers Hyderabad,Delhi Capitals,S Gopal,Kartik Tyagi,MR Marsh,4,0,,,,,,,,,
1304096,2022,2022-05-05,"Brabourne Stadium, Mumbai",2,18.2,Sunrisers Hyderabad,Delhi Capitals,S Gopal,Kartik Tyagi,MR Marsh,4,0,,,,,,,,,
1304096,2022,2022-05-05,"Brabourne Stadium, Mumbai",2,18.3,Sunrisers Hyderabad,Delhi Capitals,S Gopal,Kartik Tyagi,MR Marsh,1,0,,,,,,,,,
1304096,2022,2022-05-05,"Brabourne Stadium, Mumbai",2,18.4,Sunrisers Hyderabad,Delhi Capitals,Kartik Tyagi,S Gopal,MR Marsh,4,0,,,,,,,,,
1304096,2022,2022-05-05,"Brabourne Stadium, Mumbai",2,18.5,Sunrisers Hyderabad,Delhi Capitals,Kartik Tyagi,S Gopal,MR Marsh,2,0,,,,,,,,,
1304096,2022,2022-05-05,"Brabourne Stadium, Mumbai",2,18.6,Sunrisers Hyderabad,Delhi Capitals,Kartik Tyagi,S Gopal,MR Marsh,1,0,,,,,,,,,
1304096,2022,2022-05-05,"Brabourne Stadium, Mumbai",2,19.1,Sunrisers Hyderabad,Delhi Capitals,Kartik Tyagi,S Gopal,Kuldeep Yadav,0,0,,,,,,bowled,Kartik Tyagi,,
1304096,2022,2022-05-05,"Brabourne Stadium, Mumbai",2,19.2,Sunrisers Hyderabad,Delhi Capitals,B Kumar,S Gopal,Kuldeep Yadav,0,0,,,,,,,,,
1304096,2022,2022-05-05,"Brabourne Stadium, Mumbai",2,19.3,Sunrisers Hyderabad,Delhi Capitals,B Kumar,S Gopal,Kuldeep Yadav,4,0,,,,,,,,,
1304096,2022,2022-05-05,"Brabourne Stadium, Mumbai",2,19.4,Sunrisers Hyderabad,Delhi Capitals,B Kumar,S Gopal,Kuldeep Yadav,1,0,,,,,,,,,
1304096,2022,2022-05-05,"Brabourne Stadium, Mumbai",2,19.5,Sunrisers Hyderabad,Delhi Capitals,S Gopal,B Kumar,Kuldeep Yadav,0,0,,,,,,,,,
1304096,2022,2022-05-05,"Brabourne Stadium, Mumbai",2,19.6,Sunrisers Hyderabad,Delhi Capitals,S Gopal,B Kumar,Kuldeep Yadav,0,0,,,,,,,,,
