match_id,season,start_date,venue,innings,ball,batting_team,bowling_team,striker,non_striker,bowler,runs_off_bat,extras,wides,noballs,byes,legbyes,penalty,wicket_type,player_dismissed,other_wicket_type,other_player_dismissed
1304076,2022,2022-04-18,"Brabourne Stadium, Mumbai",1,0.1,Rajasthan Royals,Kolkata Knight Riders,JC Buttler,D Padikkal,UT Yadav,0,0,,,,,,,,,
1304076,2022,2022-04-18,"Brabourne Stadium, Mumbai",1,0.2,Rajasthan Royals,Kolkata Knight Riders,JC Buttler,D Padikkal,UT Yadav,0,0,,,,,,,,,
1304076,2022,2022-04-18,"Brabourne Stadium, Mumbai",1,0.3,Rajasthan Royals,Kolkata Knight Riders,JC Buttler,D Padikkal,UT Yadav,0,0,,,,,,,,,
1304076,2022,2022-04-18,"Brabourne Stadium, Mumbai",1,0.4,Rajasthan Royals,Kolkata Knight Riders,JC Buttler,D Padikkal,UT Yadav,0,0,,,,,,,,,
1304076,2022,2022-04-18,"Brabourne Stadium, Mumbai",1,0.5,Rajasthan Royals,Kolkata Knight Riders,JC Buttler,D Padikkal,UT Yadav,1,1,,1,,,,,,,
1304076,2022,2022-04-18,"Brabourne Stadium, Mumbai",1,0.6,Rajasthan Royals,Kolkata Knight Riders,D Padikkal,JC Buttler,UT Yadav,0,0,,,,,,,,,
1304076,2022,2022-04-18,"Brabourne Stadium, Mumbai",1,0.7,Rajasthan Royals,Kolkata Knight Riders,D Padikkal,JC Buttler,UT Yadav,0,0,,,,,,,,,
1304076,2022,2022-04-18,"Brabourne Stadium, Mumbai",1,1.1,Rajasthan Royals,Kolkata Knight Riders,JC Buttler,D Padikkal,Shivam Mavi,0,0,,,,,,,,,
1304076,2022,2022-04-18,"Brabourne Stadium, Mumbai",1,1.2,Rajasthan Royals,Kolkata Knight Riders,JC Buttler,D Padikkal,Shivam Mavi,1,0,,,,,,,,,
1304076,2022,2022-04-18,"Brabourne Stadium, Mumbai",1,1.3,Rajasthan Royals,Kolkata Knight Riders,D Padikkal,JC Buttler,Shivam Mavi,4,0,,,,,,,,,
1304076,2022,2022-04-18,"Brabourne Stadium, Mumbai",1,1.4,Rajasthan Royals,Kolkata Knight Riders,D Padikkal,JC Buttler,Shivam Mavi,0,1,,,,1,,,,,
1304076,2022,2022-04-18,"Brabourne Stadium, Mumbai",1,1.5,Rajasthan Royals,Kolkata Knight Riders,JC Buttler,D Padikkal,Shivam Mavi,0,0,,,,,,,,,
1304076,2022,2022-04-18,"Brabourne Stadium, Mumbai",1,1.6,Rajasthan Royals,Kolkata Knight Riders,JC Buttler,D Padikkal,Shivam Mavi,1,0,,,,,,,,,
1304076,2022,2022-04-18,"Brabourne Stadium, Mumbai",1,2.1,Rajasthan Royals,Kolkata Knight Riders,JC Buttler,D Padikkal,UT Yadav,4,0,,,,,,,,,
1304076,2022,2022-04-18,"Brabourne Stadium, Mumbai",1,2.2,Rajasthan Royals,Kolkata Knight Riders,JC Buttler,D Padikkal,UT Yadav,6,0,,,,,,,,,
1304076,2022,2022-04-18,"Brabourne Stadium, Mumbai",1,2.3,Rajasthan Royals,Kolkata Knight Riders,JC Buttler,D Padikkal,UT Yadav,0,0,,,,,,,,,
1304076,2022,2022-04-18,"Brabourne Stadium, Mumbai",1,2.4,Rajasthan Royals,Kolkata Knight Riders,JC Buttler,D Padikkal,UT Yadav,0,0,,,,,,,,,
1304076,2022,2022-04-18,"Brabourne Stadium, Mumbai",1,2.5,Rajasthan Royals,Kolkata Knight Riders,JC Buttler,D Padikkal,UT Yadav,0,2,,,2,,,,,,
1304076,2022,2022-04-18,"Brabourne Stadium, Mumbai",1,2.6,Rajasthan Royals,Kolkata Knight Riders,JC Buttler,D Padikkal,UT Yadav,4,0,,,,,,,,,
1304076,2022,2022-04-18,"Brabourne Stadium, Mumbai",1,3.1,Rajasthan Royals,Kolkata Knight Riders,D Padikkal,JC Buttler,CV Varun,1,0,,,,,,,,,
1304076,2022,2022-04-18,"Brabourne Stadium, Mumbai",1,3.2,Rajasthan Royals,Kolkata Knight Riders,JC Buttler,D Padikkal,CV Varun,6,0,,,,,,,,,
1304076,2022,2022-04-18,"Brabourne Stadium, Mumbai",1,3.3,Rajasthan Royals,Kolkata Knight Riders,JC Buttler,D Padikkal,CV Varun,2,0,,,,,,,,,
1304076,2022,2022-04-18,"Brabourne Stadium, Mumbai",1,3.4,Rajasthan Royals,Kolkata Knight Riders,JC Buttler,D Padikkal,CV Varun,1,0,,,,,,,,,
1304076,2022,2022-04-18,"Brabourne Stadium, Mumbai",1,3.5,Rajasthan Royals,Kolkata Knight Riders,D Padikkal,JC Buttler,CV Varun,1,0,,,,,,,,,
1304076,2022,2022-04-18,"Brabourne Stadium, Mumbai",1,3.6,Rajasthan Royals,Kolkata Knight Riders,JC Buttler,D Padikkal,CV Varun,4,0,,,,,,,,,
1304076,2022,2022-04-18,"Brabourne Stadium, Mumbai",1,4.1,Rajasthan Royals,Kolkata Knight Riders,D Padikkal,JC Buttler,PJ Cummins,1,0,,,,,,,,,
1304076,2022,2022-04-18,"Brabourne Stadium, Mumbai",1,4.2,Rajasthan Royals,Kolkata Knight Riders,JC Buttler,D Padikkal,PJ Cummins,0,0,,,,,,,,,
1304076,2022,2022-04-18,"Brabourne Stadium, Mumbai",1,4.3,Rajasthan Royals,Kolkata Knight Riders,JC Buttler,D Padikkal,PJ Cummins,4,0,,,,,,,,,
1304076,2022,2022-04-18,"Brabourne Stadium, Mumbai",1,4.4,Rajasthan Royals,Kolkata Knight Riders,JC Buttler,D Padikkal,PJ Cummins,2,0,,,,,,,,,
1304076,2022,2022-04-18,"Brabourne Stadium, Mumbai",1,4.5,Rajasthan Royals,Kolkata Knight Riders,JC Buttler,D Padikkal,PJ Cummins,0,1,,,1,,,,,,
1304076,2022,2022-04-18,"Brabourne Stadium, Mumbai",1,4.6,Rajasthan Royals,Kolkata Knight Riders,D Padikkal,JC Buttler,PJ Cummins,1,0,,,,,,,,,
1304076,2022,2022-04-18,"Brabourne Stadium, Mumbai",1,5.1,Rajasthan Royals,Kolkata Knight Riders,D Padikkal,JC Buttler,Shivam Mavi,0,0,,,,,,,,,
1304076,2022,2022-04-18,"Brabourne Stadium, Mumbai",1,5.2,Rajasthan Royals,Kolkata Knight Riders,D Padikkal,JC Buttler,Shivam Mavi,0,1,,,,1,,,,,
1304076,2022,2022-04-18,"Brabourne Stadium, Mumbai",1,5.3,Rajasthan Royals,Kolkata Knight Riders,JC Buttler,D Padikkal,Shivam Mavi,0,0,,,,,,,,,
1304076,2022,2022-04-18,"Brabourne Stadium, Mumbai",1,5.4,Rajasthan Royals,Kolkata Knight Riders,JC Buttler,D Padikkal,Shivam Mavi,4,0,,,,,,,,,
1304076,2022,2022-04-18,"Brabourne Stadium, Mumbai",1,5.5,Rajasthan Royals,Kolkata Knight Riders,JC Buttler,D Padikkal,Shivam Mavi,6,0,,,,,,,,,
1304076,2022,2022-04-18,"Brabourne Stadium, Mumbai",1,5.6,Rajasthan Royals,Kolkata Knight Riders,JC Buttler,D Padikkal,Shivam Mavi,0,0,,,,,,,,,
1304076,2022,2022-04-18,"Brabourne Stadium, Mumbai",1,6.1,Rajasthan Royals,Kolkata Knight Riders,D Padikkal,JC Buttler,PJ Cummins,4,0,,,,,,,,,
1304076,2022,2022-04-18,"Brabourne Stadium, Mumbai",1,6.2,Rajasthan Royals,Kolkata Knight Riders,D Padikkal,JC Buttler,PJ Cummins,4,0,,,,,,,,,
1304076,2022,2022-04-18,"Brabourne Stadium, Mumbai",1,6.3,Rajasthan Royals,Kolkata Knight Riders,D Padikkal,JC Buttler,PJ Cummins,1,0,,,,,,,,,
1304076,2022,2022-04-18,"Brabourne Stadium, Mumbai",1,6.4,Rajasthan Royals,Kolkata Knight Riders,JC Buttler,D Padikkal,PJ Cummins,0,0,,,,,,,,,
1304076,2022,2022-04-18,"Brabourne Stadium, Mumbai",1,6.5,Rajasthan Royals,Kolkata Knight Riders,JC Buttler,D Padikkal,PJ Cummins,4,0,,,,,,,,,
1304076,2022,2022-04-18,"Brabourne Stadium, Mumbai",1,6.6,Rajasthan Royals,Kolkata Knight Riders,JC Buttler,D Padikkal,PJ Cummins,1,0,,,,,,,,,
1304076,2022,2022-04-18,"Brabourne Stadium, Mumbai",1,7.1,Rajasthan Royals,Kolkata Knight Riders,JC Buttler,D Padikkal,SP Narine,1,0,,,,,,,,,
1304076,2022,2022-04-18,"Brabourne Stadium, Mumbai",1,7.2,Rajasthan Royals,Kolkata Knight Riders,D Padikkal,JC Buttler,SP Narine,1,0,,,,,,,,,
1304076,2022,2022-04-18,"Brabourne Stadium, Mumbai",1,7.3,Rajasthan Royals,Kolkata Knight Riders,JC Buttler,D Padikkal,SP Narine,0,0,,,,,,,,,
1304076,2022,2022-04-18,"Brabourne Stadium, Mumbai",1,7.4,Rajasthan Royals,Kolkata Knight Riders,JC Buttler,D Padikkal,SP Narine,0,0,,,,,,,,,
1304076,2022,2022-04-18,"Brabourne Stadium, Mumbai",1,7.5,Rajasthan Royals,Kolkata Knight Riders,JC Buttler,D Padikkal,SP Narine,0,0,,,,,,,,,
1304076,2022,2022-04-18,"Brabourne Stadium, Mumbai",1,7.6,Rajasthan Royals,Kolkata Knight Riders,JC Buttler,D Padikkal,SP Narine,1,0,,,,,,,,,
1304076,2022,2022-04-18,"Brabourne Stadium, Mumbai",1,8.1,Rajasthan Royals,Kolkata Knight Riders,JC Buttler,D Padikkal,UT Yadav,4,0,,,,,,,,,
1304076,2022,2022-04-18,"Brabourne Stadium, Mumbai",1,8.2,Rajasthan Royals,Kolkata Knight Riders,JC Buttler,D Padikkal,UT Yadav,0,0,,,,,,,,,
1304076,2022,2022-04-18,"Brabourne Stadium, Mumbai",1,8.3,Rajasthan Royals,Kolkata Knight Riders,JC Buttler,D Padikkal,UT Yadav,6,0,,,,,,,,,
1304076,2022,2022-04-18,"Brabourne Stadium, Mumbai",1,8.4,Rajasthan Royals,Kolkata Knight Riders,JC Buttler,D Padikkal,UT Yadav,2,0,,,,,,,,,
1304076,2022,2022-04-18,"Brabourne Stadium, Mumbai",1,8.5,Rajasthan Royals,Kolkata Knight Riders,JC Buttler,D Padikkal,UT Yadav,1,0,,,,,,,,,
1304076,2022,2022-04-18,"Brabourne Stadium, Mumbai",1,8.6,Rajasthan Royals,Kolkata Knight Riders,D Padikkal,JC Buttler,UT Yadav,0,0,,,,,,,,,
1304076,2022,2022-04-18,"Brabourne Stadium, Mumbai",1,9.1,Rajasthan Royals,Kolkata Knight Riders,JC Buttler,D Padikkal,SP Narine,1,0,,,,,,,,,
1304076,2022,2022-04-18,"Brabourne Stadium, Mumbai",1,9.2,Rajasthan Royals,Kolkata Knight Riders,D Padikkal,JC Buttler,SP Narine,6,0,,,,,,,,,
1304076,2022,2022-04-18,"Brabourne Stadium, Mumbai",1,9.3,Rajasthan Royals,Kolkata Knight Riders,D Padikkal,JC Buttler,SP Narine,0,0,,,,,,,,,
1304076,2022,2022-04-18,"Brabourne Stadium, Mumbai",1,9.4,Rajasthan Royals,Kolkata Knight Riders,D Padikkal,JC Buttler,SP Narine,0,0,,,,,,bowled,D Padikkal,,
1304076,2022,2022-04-18,"Brabourne Stadium, Mumbai",1,9.5,Rajasthan Royals,Kolkata Knight Riders,SV Samson,JC Buttler,SP Narine,1,0,,,,,,,,,
1304076,2022,2022-04-18,"Brabourne Stadium, Mumbai",1,9.6,Rajasthan Royals,Kolkata Knight Riders,JC Buttler,SV Samson,SP Narine,1,0,,,,,,,,,
1304076,2022,2022-04-18,"Brabourne Stadium, Mumbai",1,10.1,Rajasthan Royals,Kolkata Knight Riders,JC Buttler,SV Samson,Shivam Mavi,2,0,,,,,,,,,
1304076,2022,2022-04-18,"Brabourne Stadium, Mumbai",1,10.2,Rajasthan Royals,Kolkata Knight Riders,JC Buttler,SV Samson,Shivam Mavi,2,0,,,,,,,,,
1304076,2022,2022-04-18,"Brabourne Stadium, Mumbai",1,10.3,Rajasthan Royals,Kolkata Knight Riders,JC Buttler,SV Samson,Shivam Mavi,0,0,,,,,,,,,
1304076,2022,2022-04-18,"Brabourne Stadium, Mumbai",1,10.4,Rajasthan Royals,Kolkata Knight Riders,JC Buttler,SV Samson,Shivam Mavi,1,0,,,,,,,,,
1304076,2022,2022-04-18,"Brabourne Stadium, Mumbai",1,10.5,Rajasthan Royals,Kolkata Knight Riders,SV Samson,JC Buttler,Shivam Mavi,4,0,,,,,,,,,
1304076,2022,2022-04-18,"Brabourne Stadium, Mumbai",1,10.6,Rajasthan Royals,Kolkata Knight Riders,SV Samson,JC Buttler,Shivam Mavi,4,0,,,,,,,,,
1304076,2022,2022-04-18,"Brabourne Stadium, Mumbai",1,11.1,Rajasthan Royals,Kolkata Knight Riders,JC Buttler,SV Samson,SP Narine,0,0,,,,,,,,,
1304076,2022,2022-04-18,"Brabourne Stadium, Mumbai",1,11.2,Rajasthan Royals,Kolkata Knight Riders,JC Buttler,SV Samson,SP Narine,1,0,,,,,,,,,
1304076,2022,2022-04-18,"Brabourne Stadium, Mumbai",1,11.3,Rajasthan Royals,Kolkata Knight Riders,SV Samson,JC Buttler,SP Narine,0,0,,,,,,,,,
1304076,2022,2022-04-18,"Brabourne Stadium, Mumbai",1,11.4,Rajasthan Royals,Kolkata Knight Riders,SV Samson,JC Buttler,SP Narine,2,0,,,,,,,,,
1304076,2022,2022-04-18,"Brabourne Stadium, Mumbai",1,11.5,Rajasthan Royals,Kolkata Knight Riders,SV Samson,JC Buttler,SP Narine,0,4,,,,4,,,,,
1304076,2022,2022-04-18,"Brabourne Stadium, Mumbai",1,11.6,Rajasthan Royals,Kolkata Knight Riders,SV Samson,JC Buttler,SP Narine,1,0,,,,,,,,,
1304076,2022,2022-04-18,"Brabourne Stadium, Mumbai",1,12.1,Rajasthan Royals,Kolkata Knight Riders,SV Samson,JC Buttler,PJ Cummins,1,0,,,,,,,,,
1304076,2022,2022-04-18,"Brabourne Stadium, Mumbai",1,12.2,Rajasthan Royals,Kolkata Knight Riders,JC Buttler,SV Samson,PJ Cummins,2,0,,,,,,,,,
1304076,2022,2022-04-18,"Brabourne Stadium, Mumbai",1,12.3,Rajasthan Royals,Kolkata Knight Riders,JC Buttler,SV Samson,PJ Cummins,4,0,,,,,,,,,
1304076,2022,2022-04-18,"Brabourne Stadium, Mumbai",1,12.4,Rajasthan Royals,Kolkata Knight Riders,JC Buttler,SV Samson,PJ Cummins,1,0,,,,,,,,,
1304076,2022,2022-04-18,"Brabourne Stadium, Mumbai",1,12.5,Rajasthan Royals,Kolkata Knight Riders,SV Samson,JC Buttler,PJ Cummins,1,0,,,,,,,,,
1304076,2022,2022-04-18,"Brabourne Stadium, Mumbai",1,12.6,Rajasthan Royals,Kolkata Knight Riders,JC Buttler,SV Samson,PJ Cummins,4,0,,,,,,,,,
1304076,2022,2022-04-18,"Brabourne Stadium, Mumbai",1,13.1,Rajasthan Royals,Kolkata Knight Riders,SV Samson,JC Buttler,CV Varun,6,0,,,,,,,,,
1304076,2022,2022-04-18,"Brabourne Stadium, Mumbai",1,13.2,Rajasthan Royals,Kolkata Knight Riders,SV Samson,JC Buttler,CV Varun,1,0,,,,,,,,,
1304076,2022,2022-04-18,"Brabourne Stadium, Mumbai",1,13.3,Rajasthan Royals,Kolkata Knight Riders,JC Buttler,SV Samson,CV Varun,3,0,,,,,,,,,
1304076,2022,2022-04-18,"Brabourne Stadium, Mumbai",1,13.4,Rajasthan Royals,Kolkata Knight Riders,SV Samson,JC Buttler,CV Varun,2,0,,,,,,,,,
1304076,2022,2022-04-18,"Brabourne Stadium, Mumbai",1,13.5,Rajasthan Royals,Kolkata Knight Riders,SV Samson,JC Buttler,CV Varun,2,0,,,,,,,,,
1304076,2022,2022-04-18,"Brabourne Stadium, Mumbai",1,13.6,Rajasthan Royals,Kolkata Knight Riders,SV Samson,JC Buttler,CV Varun,0,1,1,,,,,,,,
1304076,2022,2022-04-18,"Brabourne Stadium, Mumbai",1,13.7,Rajasthan Royals,Kolkata Knight Riders,SV Samson,JC Buttler,CV Varun,0,0,,,,,,,,,
1304076,2022,2022-04-18,"Brabourne Stadium, Mumbai",1,14.1,Rajasthan Royals,Kolkata Knight Riders,JC Buttler,SV Samson,UT Yadav,1,0,,,,,,,,,
1304076,2022,2022-04-18,"Brabourne Stadium, Mumbai",1,14.2,Rajasthan Royals,Kolkata Knight Riders,SV Samson,JC Buttler,UT Yadav,1,0,,,,,,,,,
1304076,2022,2022-04-18,"Brabourne Stadium, Mumbai",1,14.3,Rajasthan Royals,Kolkata Knight Riders,JC Buttler,SV Samson,UT Yadav,1,0,,,,,,,,,
1304076,2022,2022-04-18,"Brabourne Stadium, Mumbai",1,14.4,Rajasthan Royals,Kolkata Knight Riders,SV Samson,JC Buttler,UT Yadav,4,0,,,,,,,,,
1304076,2022,2022-04-18,"Brabourne Stadium, Mumbai",1,14.5,Rajasthan Royals,Kolkata Knight Riders,SV Samson,JC Buttler,UT Yadav,2,0,,,,,,,,,
1304076,2022,2022-04-18,"Brabourne Stadium, Mumbai",1,14.6,Rajasthan Royals,Kolkata Knight Riders,SV Samson,JC Buttler,UT Yadav,6,0,,,,,,,,,
1304076,2022,2022-04-18,"Brabourne Stadium, Mumbai",1,15.1,Rajasthan Royals,Kolkata Knight Riders,JC Buttler,SV Samson,AD Russell,1,0,,,,,,,,,
1304076,2022,2022-04-18,"Brabourne Stadium, Mumbai",1,15.2,Rajasthan Royals,Kolkata Knight Riders,SV Samson,JC Buttler,AD Russell,0,0,,,,,,caught,SV Samson,,
1304076,2022,2022-04-18,"Brabourne Stadium, Mumbai",1,15.3,Rajasthan Royals,Kolkata Knight Riders,SO Hetmyer,JC Buttler,AD Russell,1,0,,,,,,,,,
1304076,2022,2022-04-18,"Brabourne Stadium, Mumbai",1,15.4,Rajasthan Royals,Kolkata Knight Riders,JC Buttler,SO Hetmyer,AD Russell,4,0,,,,,,,,,
1304076,2022,2022-04-18,"Brabourne Stadium, Mumbai",1,15.5,Rajasthan Royals,Kolkata Knight Riders,JC Buttler,SO Hetmyer,AD Russell,1,0,,,,,,,,,
1304076,2022,2022-04-18,"Brabourne Stadium, Mumbai",1,15.6,Rajasthan Royals,Kolkata Knight Riders,SO Hetmyer,JC Buttler,AD Russell,4,0,,,,,,,,,
1304076,2022,2022-04-18,"Brabourne Stadium, Mumbai",1,16.1,Rajasthan Royals,Kolkata Knight Riders,JC Buttler,SO Hetmyer,PJ Cummins,0,1,1,,,,,,,,
1304076,2022,2022-04-18,"Brabourne Stadium, Mumbai",1,16.2,Rajasthan Royals,Kolkata Knight Riders,JC Buttler,SO Hetmyer,PJ Cummins,6,0,,,,,,,,,
1304076,2022,2022-04-18,"Brabourne Stadium, Mumbai",1,16.3,Rajasthan Royals,Kolkata Knight Riders,JC Buttler,SO Hetmyer,PJ Cummins,1,0,,,,,,,,,
1304076,2022,2022-04-18,"Brabourne Stadium, Mumbai",1,16.4,Rajasthan Royals,Kolkata Knight Riders,SO Hetmyer,JC Buttler,PJ Cummins,1,0,,,,,,,,,
1304076,2022,2022-04-18,"Brabourne Stadium, Mumbai",1,16.5,Rajasthan Royals,Kolkata Knight Riders,JC Buttler,SO Hetmyer,PJ Cummins,0,0,,,,,,caught,JC Buttler,,
1304076,2022,2022-04-18,"Brabourne Stadium, Mumbai",1,16.6,Rajasthan Royals,Kolkata Knight Riders,R Parag,SO Hetmyer,PJ Cummins,0,1,1,,,,,,,,
1304076,2022,2022-04-18,"Brabourne Stadium, Mumbai",1,16.7,Rajasthan Royals,Kolkata Knight Riders,R Parag,SO Hetmyer,PJ Cummins,4,0,,,,,,,,,
1304076,2022,2022-04-18,"Brabourne Stadium, Mumbai",1,16.8,Rajasthan Royals,Kolkata Knight Riders,R Parag,SO Hetmyer,PJ Cummins,1,0,,,,,,,,,
1304076,2022,2022-04-18,"Brabourne Stadium, Mumbai",1,17.1,Rajasthan Royals,Kolkata Knight Riders,R Parag,SO Hetmyer,SP Narine,0,0,,,,,,caught,R Parag,,
1304076,2022,2022-04-18,"Brabourne Stadium, Mumbai",1,17.2,Rajasthan Royals,Kolkata Knight Riders,KK Nair,SO Hetmyer,SP Narine,1,0,,,,,,,,,
1304076,2022,2022-04-18,"Brabourne Stadium, Mumbai",1,17.3,Rajasthan Royals,Kolkata Knight Riders,SO Hetmyer,KK Nair,SP Narine,0,1,1,,,,,,,,
1304076,2022,2022-04-18,"Brabourne Stadium, Mumbai",1,17.4,Rajasthan Royals,Kolkata Knight Riders,SO Hetmyer,KK Nair,SP Narine,1,0,,,,,,,,,
1304076,2022,2022-04-18,"Brabourne Stadium, Mumbai",1,17.5,Rajasthan Royals,Kolkata Knight Riders,KK Nair,SO Hetmyer,SP Narine,0,0,,,,,,,,,
1304076,2022,2022-04-18,"Brabourne Stadium, Mumbai",1,17.6,Rajasthan Royals,Kolkata Knight Riders,KK Nair,SO Hetmyer,SP Narine,1,0,,,,,,,,,
1304076,2022,2022-04-18,"Brabourne Stadium, Mumbai",1,17.7,Rajasthan Royals,Kolkata Knight Riders,SO Hetmyer,KK Nair,SP Narine,0,1,1,,,,,,,,
1304076,2022,2022-04-18,"Brabourne Stadium, Mumbai",1,17.8,Rajasthan Royals,Kolkata Knight Riders,SO Hetmyer,KK Nair,SP Narine,0,0,,,,,,,,,
1304076,2022,2022-04-18,"Brabourne Stadium, Mumbai",1,18.1,Rajasthan Royals,Kolkata Knight Riders,KK Nair,SO Hetmyer,Shivam Mavi,1,0,,,,,,,,,
1304076,2022,2022-04-18,"Brabourne Stadium, Mumbai",1,18.2,Rajasthan Royals,Kolkata Knight Riders,SO Hetmyer,KK Nair,Shivam Mavi,0,0,,,,,,,,,
1304076,2022,2022-04-18,"Brabourne Stadium, Mumbai",1,18.3,Rajasthan Royals,Kolkata Knight Riders,SO Hetmyer,KK Nair,Shivam Mavi,2,0,,,,,,,,,
1304076,2022,2022-04-18,"Brabourne Stadium, Mumbai",1,18.4,Rajasthan Royals,Kolkata Knight Riders,SO Hetmyer,KK Nair,Shivam Mavi,1,0,,,,,,,,,
1304076,2022,2022-04-18,"Brabourne Stadium, Mumbai",1,18.5,Rajasthan Royals,Kolkata Knight Riders,KK Nair,SO Hetmyer,Shivam Mavi,0,0,,,,,,caught,KK Nair,,
1304076,2022,2022-04-18,"Brabourne Stadium, Mumbai",1,18.6,Rajasthan Royals,Kolkata Knight Riders,R Ashwin,SO Hetmyer,Shivam Mavi,1,0,,,,,,,,,
1304076,2022,2022-04-18,"Brabourne Stadium, Mumbai",1,19.1,Rajasthan Royals,Kolkata Knight Riders,R Ashwin,SO Hetmyer,AD Russell,1,0,,,,,,,,,
1304076,2022,2022-04-18,"Brabourne Stadium, Mumbai",1,19.2,Rajasthan Royals,Kolkata Knight Riders,SO Hetmyer,R Ashwin,AD Russell,0,1,1,,,,,,,,
1304076,2022,2022-04-18,"Brabourne Stadium, Mumbai",1,19.3,Rajasthan Royals,Kolkata Knight Riders,SO Hetmyer,R Ashwin,AD Russell,6,0,,,,,,,,,
1304076,2022,2022-04-18,"Brabourne Stadium, Mumbai",1,19.4,Rajasthan Royals,Kolkata Knight Riders,SO Hetmyer,R Ashwin,AD Russell,6,0,,,,,,,,,
1304076,2022,2022-04-18,"Brabourne Stadium, Mumbai",1,19.5,Rajasthan Royals,Kolkata Knight Riders,SO Hetmyer,R Ashwin,AD Russell,0,0,,,,,,,,,
1304076,2022,2022-04-18,"Brabourne Stadium, Mumbai",1,19.6,Rajasthan Royals,Kolkata Knight Riders,SO Hetmyer,R Ashwin,AD Russell,0,0,,,,,,,,,
1304076,2022,2022-04-18,"Brabourne Stadium, Mumbai",1,19.7,Rajasthan Royals,Kolkata Knight Riders,SO Hetmyer,R Ashwin,AD Russell,4,0,,,,,,,,,
1304076,2022,2022-04-18,"Brabourne Stadium, Mumbai",2,0.1,Kolkata Knight Riders,Rajasthan Royals,AJ Finch,SP Narine,TA Boult,0,0,,,,,,run out,SP Narine,,
1304076,2022,2022-04-18,"Brabourne Stadium, Mumbai",2,0.2,Kolkata Knight Riders,Rajasthan Royals,SS Iyer,AJ Finch,TA Boult,4,0,,,,,,,,,
1304076,2022,2022-04-18,"Brabourne Stadium, Mumbai",2,0.3,Kolkata Knight Riders,Rajasthan Royals,SS Iyer,AJ Finch,TA Boult,4,0,,,,,,,,,
1304076,2022,2022-04-18,"Brabourne Stadium, Mumbai",2,0.4,Kolkata Knight Riders,Rajasthan Royals,SS Iyer,AJ Finch,TA Boult,0,0,,,,,,,,,
1304076,2022,2022-04-18,"Brabourne Stadium, Mumbai",2,0.5,Kolkata Knight Riders,Rajasthan Royals,SS Iyer,AJ Finch,TA Boult,0,0,,,,,,,,,
1304076,2022,2022-04-18,"Brabourne Stadium, Mumbai",2,0.6,Kolkata Knight Riders,Rajasthan Royals,SS Iyer,AJ Finch,TA Boult,1,0,,,,,,,,,
1304076,2022,2022-04-18,"Brabourne Stadium, Mumbai",2,1.1,Kolkata Knight Riders,Rajasthan Royals,SS Iyer,AJ Finch,M Prasidh Krishna,1,0,,,,,,,,,
1304076,2022,2022-04-18,"Brabourne Stadium, Mumbai",2,1.2,Kolkata Knight Riders,Rajasthan Royals,AJ Finch,SS Iyer,M Prasidh Krishna,0,0,,,,,,,,,
1304076,2022,2022-04-18,"Brabourne Stadium, Mumbai",2,1.3,Kolkata Knight Riders,Rajasthan Royals,AJ Finch,SS Iyer,M Prasidh Krishna,1,0,,,,,,,,,
1304076,2022,2022-04-18,"Brabourne Stadium, Mumbai",2,1.4,Kolkata Knight Riders,Rajasthan Royals,SS Iyer,AJ Finch,M Prasidh Krishna,4,0,,,,,,,,,
1304076,2022,2022-04-18,"Brabourne Stadium, Mumbai",2,1.5,Kolkata Knight Riders,Rajasthan Royals,SS Iyer,AJ Finch,M Prasidh Krishna,4,0,,,,,,,,,
1304076,2022,2022-04-18,"Brabourne Stadium, Mumbai",2,1.6,Kolkata Knight Riders,Rajasthan Royals,SS Iyer,AJ Finch,M Prasidh Krishna,0,0,,,,,,,,,
1304076,2022,2022-04-18,"Brabourne Stadium, Mumbai",2,2.1,Kolkata Knight Riders,Rajasthan Royals,AJ Finch,SS Iyer,TA Boult,0,0,,,,,,,,,
1304076,2022,2022-04-18,"Brabourne Stadium, Mumbai",2,2.2,Kolkata Knight Riders,Rajasthan Royals,AJ Finch,SS Iyer,TA Boult,4,0,,,,,,,,,
1304076,2022,2022-04-18,"Brabourne Stadium, Mumbai",2,2.3,Kolkata Knight Riders,Rajasthan Royals,AJ Finch,SS Iyer,TA Boult,0,0,,,,,,,,,
1304076,2022,2022-04-18,"Brabourne Stadium, Mumbai",2,2.4,Kolkata Knight Riders,Rajasthan Royals,AJ Finch,SS Iyer,TA Boult,4,0,,,,,,,,,
1304076,2022,2022-04-18,"Brabourne Stadium, Mumbai",2,2.5,Kolkata Knight Riders,Rajasthan Royals,AJ Finch,SS Iyer,TA Boult,0,0,,,,,,,,,
1304076,2022,2022-04-18,"Brabourne Stadium, Mumbai",2,2.6,Kolkata Knight Riders,Rajasthan Royals,AJ Finch,SS Iyer,TA Boult,0,0,,,,,,,,,
1304076,2022,2022-04-18,"Brabourne Stadium, Mumbai",2,3.1,Kolkata Knight Riders,Rajasthan Royals,SS Iyer,AJ Finch,OC McCoy,0,0,,,,,,,,,
1304076,2022,2022-04-18,"Brabourne Stadium, Mumbai",2,3.2,Kolkata Knight Riders,Rajasthan Royals,SS Iyer,AJ Finch,OC McCoy,1,0,,,,,,,,,
1304076,2022,2022-04-18,"Brabourne Stadium, Mumbai",2,3.3,Kolkata Knight Riders,Rajasthan Royals,AJ Finch,SS Iyer,OC McCoy,1,0,,,,,,,,,
1304076,2022,2022-04-18,"Brabourne Stadium, Mumbai",2,3.4,Kolkata Knight Riders,Rajasthan Royals,SS Iyer,AJ Finch,OC McCoy,0,0,,,,,,,,,
1304076,2022,2022-04-18,"Brabourne Stadium, Mumbai",2,3.5,Kolkata Knight Riders,Rajasthan Royals,SS Iyer,AJ Finch,OC McCoy,2,0,,,,,,,,,
1304076,2022,2022-04-18,"Brabourne Stadium, Mumbai",2,3.6,Kolkata Knight Riders,Rajasthan Royals,SS Iyer,AJ Finch,OC McCoy,0,0,,,,,,,,,
1304076,2022,2022-04-18,"Brabourne Stadium, Mumbai",2,4.1,Kolkata Knight Riders,Rajasthan Royals,AJ Finch,SS Iyer,M Prasidh Krishna,1,0,,,,,,,,,
1304076,2022,2022-04-18,"Brabourne Stadium, Mumbai",2,4.2,Kolkata Knight Riders,Rajasthan Royals,SS Iyer,AJ Finch,M Prasidh Krishna,0,0,,,,,,,,,
1304076,2022,2022-04-18,"Brabourne Stadium, Mumbai",2,4.3,Kolkata Knight Riders,Rajasthan Royals,SS Iyer,AJ Finch,M Prasidh Krishna,4,0,,,,,,,,,
1304076,2022,2022-04-18,"Brabourne Stadium, Mumbai",2,4.4,Kolkata Knight Riders,Rajasthan Royals,SS Iyer,AJ Finch,M Prasidh Krishna,1,0,,,,,,,,,
1304076,2022,2022-04-18,"Brabourne Stadium, Mumbai",2,4.5,Kolkata Knight Riders,Rajasthan Royals,AJ Finch,SS Iyer,M Prasidh Krishna,4,0,,,,,,,,,
1304076,2022,2022-04-18,"Brabourne Stadium, Mumbai",2,4.6,Kolkata Knight Riders,Rajasthan Royals,AJ Finch,SS Iyer,M Prasidh Krishna,0,1,1,,,,,,,,
1304076,2022,2022-04-18,"Brabourne Stadium, Mumbai",2,4.7,Kolkata Knight Riders,Rajasthan Royals,AJ Finch,SS Iyer,M Prasidh Krishna,1,0,,,,,,,,,
1304076,2022,2022-04-18,"Brabourne Stadium, Mumbai",2,5.1,Kolkata Knight Riders,Rajasthan Royals,AJ Finch,SS Iyer,R Ashwin,0,0,,,,,,,,,
1304076,2022,2022-04-18,"Brabourne Stadium, Mumbai",2,5.2,Kolkata Knight Riders,Rajasthan Royals,AJ Finch,SS Iyer,R Ashwin,1,0,,,,,,,,,
1304076,2022,2022-04-18,"Brabourne Stadium, Mumbai",2,5.3,Kolkata Knight Riders,Rajasthan Royals,SS Iyer,AJ Finch,R Ashwin,2,0,,,,,,,,,
1304076,2022,2022-04-18,"Brabourne Stadium, Mumbai",2,5.4,Kolkata Knight Riders,Rajasthan Royals,SS Iyer,AJ Finch,R Ashwin,4,0,,,,,,,,,
1304076,2022,2022-04-18,"Brabourne Stadium, Mumbai",2,5.5,Kolkata Knight Riders,Rajasthan Royals,SS Iyer,AJ Finch,R Ashwin,1,0,,,,,,,,,
1304076,2022,2022-04-18,"Brabourne Stadium, Mumbai",2,5.6,Kolkata Knight Riders,Rajasthan Royals,AJ Finch,SS Iyer,R Ashwin,6,0,,,,,,,,,
1304076,2022,2022-04-18,"Brabourne Stadium, Mumbai",2,6.1,Kolkata Knight Riders,Rajasthan Royals,SS Iyer,AJ Finch,YS Chahal,1,0,,,,,,,,,
1304076,2022,2022-04-18,"Brabourne Stadium, Mumbai",2,6.2,Kolkata Knight Riders,Rajasthan Royals,AJ Finch,SS Iyer,YS Chahal,0,1,1,,,,,,,,
1304076,2022,2022-04-18,"Brabourne Stadium, Mumbai",2,6.3,Kolkata Knight Riders,Rajasthan Royals,AJ Finch,SS Iyer,YS Chahal,4,0,,,,,,,,,
1304076,2022,2022-04-18,"Brabourne Stadium, Mumbai",2,6.4,Kolkata Knight Riders,Rajasthan Royals,AJ Finch,SS Iyer,YS Chahal,0,1,1,,,,,,,,
1304076,2022,2022-04-18,"Brabourne Stadium, Mumbai",2,6.5,Kolkata Knight Riders,Rajasthan Royals,AJ Finch,SS Iyer,YS Chahal,1,0,,,,,,,,,
1304076,2022,2022-04-18,"Brabourne Stadium, Mumbai",2,6.6,Kolkata Knight Riders,Rajasthan Royals,SS Iyer,AJ Finch,YS Chahal,1,0,,,,,,,,,
1304076,2022,2022-04-18,"Brabourne Stadium, Mumbai",2,6.7,Kolkata Knight Riders,Rajasthan Royals,AJ Finch,SS Iyer,YS Chahal,4,0,,,,,,,,,
1304076,2022,2022-04-18,"Brabourne Stadium, Mumbai",2,6.8,Kolkata Knight Riders,Rajasthan Royals,AJ Finch,SS Iyer,YS Chahal,4,0,,,,,,,,,
1304076,2022,2022-04-18,"Brabourne Stadium, Mumbai",2,7.1,Kolkata Knight Riders,Rajasthan Royals,SS Iyer,AJ Finch,OC McCoy,0,1,1,,,,,,,,
1304076,2022,2022-04-18,"Brabourne Stadium, Mumbai",2,7.2,Kolkata Knight Riders,Rajasthan Royals,SS Iyer,AJ Finch,OC McCoy,1,0,,,,,,,,,
1304076,2022,2022-04-18,"Brabourne Stadium, Mumbai",2,7.3,Kolkata Knight Riders,Rajasthan Royals,AJ Finch,SS Iyer,OC McCoy,1,0,,,,,,,,,
1304076,2022,2022-04-18,"Brabourne Stadium, Mumbai",2,7.4,Kolkata Knight Riders,Rajasthan Royals,SS Iyer,AJ Finch,OC McCoy,0,1,1,,,,,,,,
1304076,2022,2022-04-18,"Brabourne Stadium, Mumbai",2,7.5,Kolkata Knight Riders,Rajasthan Royals,SS Iyer,AJ Finch,OC McCoy,3,0,,,,,,,,,
1304076,2022,2022-04-18,"Brabourne Stadium, Mumbai",2,7.6,Kolkata Knight Riders,Rajasthan Royals,AJ Finch,SS Iyer,OC McCoy,4,0,,,,,,,,,
1304076,2022,2022-04-18,"Brabourne Stadium, Mumbai",2,7.7,Kolkata Knight Riders,Rajasthan Royals,AJ Finch,SS Iyer,OC McCoy,6,0,,,,,,,,,
1304076,2022,2022-04-18,"Brabourne Stadium, Mumbai",2,7.8,Kolkata Knight Riders,Rajasthan Royals,AJ Finch,SS Iyer,OC McCoy,2,0,,,,,,,,,
1304076,2022,2022-04-18,"Brabourne Stadium, Mumbai",2,8.1,Kolkata Knight Riders,Rajasthan Royals,SS Iyer,AJ Finch,M Prasidh Krishna,1,0,,,,,,,,,
1304076,2022,2022-04-18,"Brabourne Stadium, Mumbai",2,8.2,Kolkata Knight Riders,Rajasthan Royals,AJ Finch,SS Iyer,M Prasidh Krishna,0,1,1,,,,,,,,
1304076,2022,2022-04-18,"Brabourne Stadium, Mumbai",2,8.3,Kolkata Knight Riders,Rajasthan Royals,AJ Finch,SS Iyer,M Prasidh Krishna,4,0,,,,,,,,,
1304076,2022,2022-04-18,"Brabourne Stadium, Mumbai",2,8.4,Kolkata Knight Riders,Rajasthan Royals,AJ Finch,SS Iyer,M Prasidh Krishna,4,0,,,,,,,,,
1304076,2022,2022-04-18,"Brabourne Stadium, Mumbai",2,8.5,Kolkata Knight Riders,Rajasthan Royals,AJ Finch,SS Iyer,M Prasidh Krishna,1,0,,,,,,,,,
1304076,2022,2022-04-18,"Brabourne Stadium, Mumbai",2,8.6,Kolkata Knight Riders,Rajasthan Royals,SS Iyer,AJ Finch,M Prasidh Krishna,1,0,,,,,,,,,
1304076,2022,2022-04-18,"Brabourne Stadium, Mumbai",2,8.7,Kolkata Knight Riders,Rajasthan Royals,AJ Finch,SS Iyer,M Prasidh Krishna,0,1,1,,,,,,,,
1304076,2022,2022-04-18,"Brabourne Stadium, Mumbai",2,8.8,Kolkata Knight Riders,Rajasthan Royals,AJ Finch,SS Iyer,M Prasidh Krishna,0,1,1,,,,,,,,
1304076,2022,2022-04-18,"Brabourne Stadium, Mumbai",2,8.9,Kolkata Knight Riders,Rajasthan Royals,AJ Finch,SS Iyer,M Prasidh Krishna,0,0,,,,,,caught,AJ Finch,,
1304076,2022,2022-04-18,"Brabourne Stadium, Mumbai",2,9.1,Kolkata Knight Riders,Rajasthan Royals,SS Iyer,N Rana,R Ashwin,0,0,,,,,,,,,
1304076,2022,2022-04-18,"Brabourne Stadium, Mumbai",2,9.2,Kolkata Knight Riders,Rajasthan Royals,SS Iyer,N Rana,R Ashwin,6,0,,,,,,,,,
1304076,2022,2022-04-18,"Brabourne Stadium, Mumbai",2,9.3,Kolkata Knight Riders,Rajasthan Royals,SS Iyer,N Rana,R Ashwin,0,0,,,,,,,,,
1304076,2022,2022-04-18,"Brabourne Stadium, Mumbai",2,9.4,Kolkata Knight Riders,Rajasthan Royals,SS Iyer,N Rana,R Ashwin,0,0,,,,,,,,,
1304076,2022,2022-04-18,"Brabourne Stadium, Mumbai",2,9.5,Kolkata Knight Riders,Rajasthan Royals,SS Iyer,N Rana,R Ashwin,2,0,,,,,,,,,
1304076,2022,2022-04-18,"Brabourne Stadium, Mumbai",2,9.6,Kolkata Knight Riders,Rajasthan Royals,SS Iyer,N Rana,R Ashwin,1,0,,,,,,,,,
1304076,2022,2022-04-18,"Brabourne Stadium, Mumbai",2,10.1,Kolkata Knight Riders,Rajasthan Royals,SS Iyer,N Rana,YS Chahal,1,0,,,,,,,,,
1304076,2022,2022-04-18,"Brabourne Stadium, Mumbai",2,10.2,Kolkata Knight Riders,Rajasthan Royals,N Rana,SS Iyer,YS Chahal,1,0,,,,,,,,,
1304076,2022,2022-04-18,"Brabourne Stadium, Mumbai",2,10.3,Kolkata Knight Riders,Rajasthan Royals,SS Iyer,N Rana,YS Chahal,0,1,1,,,,,,,,
1304076,2022,2022-04-18,"Brabourne Stadium, Mumbai",2,10.4,Kolkata Knight Riders,Rajasthan Royals,SS Iyer,N Rana,YS Chahal,1,0,,,,,,,,,
1304076,2022,2022-04-18,"Brabourne Stadium, Mumbai",2,10.5,Kolkata Knight Riders,Rajasthan Royals,N Rana,SS Iyer,YS Chahal,1,0,,,,,,,,,
1304076,2022,2022-04-18,"Brabourne Stadium, Mumbai",2,10.6,Kolkata Knight Riders,Rajasthan Royals,SS Iyer,N Rana,YS Chahal,1,0,,,,,,,,,
1304076,2022,2022-04-18,"Brabourne Stadium, Mumbai",2,10.7,Kolkata Knight Riders,Rajasthan Royals,N Rana,SS Iyer,YS Chahal,1,0,,,,,,,,,
1304076,2022,2022-04-18,"Brabourne Stadium, Mumbai",2,11.1,Kolkata Knight Riders,Rajasthan Royals,N Rana,SS Iyer,R Ashwin,0,0,,,,,,,,,
1304076,2022,2022-04-18,"Brabourne Stadium, Mumbai",2,11.2,Kolkata Knight Riders,Rajasthan Royals,N Rana,SS Iyer,R Ashwin,1,0,,,,,,,,,
1304076,2022,2022-04-18,"Brabourne Stadium, Mumbai",2,11.3,Kolkata Knight Riders,Rajasthan Royals,SS Iyer,N Rana,R Ashwin,1,0,,,,,,,,,
1304076,2022,2022-04-18,"Brabourne Stadium, Mumbai",2,11.4,Kolkata Knight Riders,Rajasthan Royals,N Rana,SS Iyer,R Ashwin,1,0,,,,,,,,,
1304076,2022,2022-04-18,"Brabourne Stadium, Mumbai",2,11.5,Kolkata Knight Riders,Rajasthan Royals,SS Iyer,N Rana,R Ashwin,6,0,,,,,,,,,
1304076,2022,2022-04-18,"Brabourne Stadium, Mumbai",2,11.6,Kolkata Knight Riders,Rajasthan Royals,SS Iyer,N Rana,R Ashwin,2,0,,,,,,,,,
1304076,2022,2022-04-18,"Brabourne Stadium, Mumbai",2,12.1,Kolkata Knight Riders,Rajasthan Royals,N Rana,SS Iyer,YS Chahal,0,0,,,,,,,,,
1304076,2022,2022-04-18,"Brabourne Stadium, Mumbai",2,12.2,Kolkata Knight Riders,Rajasthan Royals,N Rana,SS Iyer,YS Chahal,4,0,,,,,,,,,
1304076,2022,2022-04-18,"Brabourne Stadium, Mumbai",2,12.3,Kolkata Knight Riders,Rajasthan Royals,N Rana,SS Iyer,YS Chahal,6,0,,,,,,,,,
1304076,2022,2022-04-18,"Brabourne Stadium, Mumbai",2,12.4,Kolkata Knight Riders,Rajasthan Royals,N Rana,SS Iyer,YS Chahal,3,0,,,,,,,,,
1304076,2022,2022-04-18,"Brabourne Stadium, Mumbai",2,12.5,Kolkata Knight Riders,Rajasthan Royals,SS Iyer,N Rana,YS Chahal,1,0,,,,,,,,,
1304076,2022,2022-04-18,"Brabourne Stadium, Mumbai",2,12.6,Kolkata Knight Riders,Rajasthan Royals,N Rana,SS Iyer,YS Chahal,0,0,,,,,,caught,N Rana,,
1304076,2022,2022-04-18,"Brabourne Stadium, Mumbai",2,13.1,Kolkata Knight Riders,Rajasthan Royals,SS Iyer,AD Russell,R Ashwin,0,0,,,,,,,,,
1304076,2022,2022-04-18,"Brabourne Stadium, Mumbai",2,13.2,Kolkata Knight Riders,Rajasthan Royals,SS Iyer,AD Russell,R Ashwin,0,0,,,,,,,,,
1304076,2022,2022-04-18,"Brabourne Stadium, Mumbai",2,13.3,Kolkata Knight Riders,Rajasthan Royals,SS Iyer,AD Russell,R Ashwin,1,0,,,,,,,,,
1304076,2022,2022-04-18,"Brabourne Stadium, Mumbai",2,13.4,Kolkata Knight Riders,Rajasthan Royals,AD Russell,SS Iyer,R Ashwin,0,0,,,,,,bowled,AD Russell,,
1304076,2022,2022-04-18,"Brabourne Stadium, Mumbai",2,13.5,Kolkata Knight Riders,Rajasthan Royals,VR Iyer,SS Iyer,R Ashwin,1,0,,,,,,,,,
1304076,2022,2022-04-18,"Brabourne Stadium, Mumbai",2,13.6,Kolkata Knight Riders,Rajasthan Royals,SS Iyer,VR Iyer,R Ashwin,2,0,,,,,,,,,
1304076,2022,2022-04-18,"Brabourne Stadium, Mumbai",2,14.1,Kolkata Knight Riders,Rajasthan Royals,VR Iyer,SS Iyer,OC McCoy,1,0,,,,,,,,,
1304076,2022,2022-04-18,"Brabourne Stadium, Mumbai",2,14.2,Kolkata Knight Riders,Rajasthan Royals,SS Iyer,VR Iyer,OC McCoy,0,1,1,,,,,,,,
1304076,2022,2022-04-18,"Brabourne Stadium, Mumbai",2,14.3,Kolkata Knight Riders,Rajasthan Royals,SS Iyer,VR Iyer,OC McCoy,1,0,,,,,,,,,
1304076,2022,2022-04-18,"Brabourne Stadium, Mumbai",2,14.4,Kolkata Knight Riders,Rajasthan Royals,VR Iyer,SS Iyer,OC McCoy,1,0,,,,,,,,,
1304076,2022,2022-04-18,"Brabourne Stadium, Mumbai",2,14.5,Kolkata Knight Riders,Rajasthan Royals,SS Iyer,VR Iyer,OC McCoy,6,0,,,,,,,,,
1304076,2022,2022-04-18,"Brabourne Stadium, Mumbai",2,14.6,Kolkata Knight Riders,Rajasthan Royals,SS Iyer,VR Iyer,OC McCoy,0,1,1,,,,,,,,
1304076,2022,2022-04-18,"Brabourne Stadium, Mumbai",2,14.7,Kolkata Knight Riders,Rajasthan Royals,SS Iyer,VR Iyer,OC McCoy,4,0,,,,,,,,,
1304076,2022,2022-04-18,"Brabourne Stadium, Mumbai",2,14.8,Kolkata Knight Riders,Rajasthan Royals,SS Iyer,VR Iyer,OC McCoy,0,0,,,,,,,,,
1304076,2022,2022-04-18,"Brabourne Stadium, Mumbai",2,15.1,Kolkata Knight Riders,Rajasthan Royals,VR Iyer,SS Iyer,TA Boult,1,0,,,,,,,,,
1304076,2022,2022-04-18,"Brabourne Stadium, Mumbai",2,15.2,Kolkata Knight Riders,Rajasthan Royals,SS Iyer,VR Iyer,TA Boult,6,0,,,,,,,,,
1304076,2022,2022-04-18,"Brabourne Stadium, Mumbai",2,15.3,Kolkata Knight Riders,Rajasthan Royals,SS Iyer,VR Iyer,TA Boult,1,0,,,,,,,,,
1304076,2022,2022-04-18,"Brabourne Stadium, Mumbai",2,15.4,Kolkata Knight Riders,Rajasthan Royals,VR Iyer,SS Iyer,TA Boult,1,0,,,,,,,,,
1304076,2022,2022-04-18,"Brabourne Stadium, Mumbai",2,15.5,Kolkata Knight Riders,Rajasthan Royals,SS Iyer,VR Iyer,TA Boult,1,0,,,,,,,,,
1304076,2022,2022-04-18,"Brabourne Stadium, Mumbai",2,15.6,Kolkata Knight Riders,Rajasthan Royals,VR Iyer,SS Iyer,TA Boult,1,0,,,,,,,,,
1304076,2022,2022-04-18,"Brabourne Stadium, Mumbai",2,16.1,Kolkata Knight Riders,Rajasthan Royals,VR Iyer,SS Iyer,YS Chahal,0,0,,,,,,stumped,VR Iyer,,
1304076,2022,2022-04-18,"Brabourne Stadium, Mumbai",2,16.2,Kolkata Knight Riders,Rajasthan Royals,SP Jackson,SS Iyer,YS Chahal,0,0,,,,,,,,,
1304076,2022,2022-04-18,"Brabourne Stadium, Mumbai",2,16.3,Kolkata Knight Riders,Rajasthan Royals,SP Jackson,SS Iyer,YS Chahal,1,0,,,,,,,,,
1304076,2022,2022-04-18,"Brabourne Stadium, Mumbai",2,16.4,Kolkata Knight Riders,Rajasthan Royals,SS Iyer,SP Jackson,YS Chahal,0,1,1,,,,,,,,
1304076,2022,2022-04-18,"Brabourne Stadium, Mumbai",2,16.5,Kolkata Knight Riders,Rajasthan Royals,SS Iyer,SP Jackson,YS Chahal,0,0,,,,,,lbw,SS Iyer,,
1304076,2022,2022-04-18,"Brabourne Stadium, Mumbai",2,16.6,Kolkata Knight Riders,Rajasthan Royals,Shivam Mavi,SP Jackson,YS Chahal,0,0,,,,,,caught,Shivam Mavi,,
1304076,2022,2022-04-18,"Brabourne Stadium, Mumbai",2,16.7,Kolkata Knight Riders,Rajasthan Royals,PJ Cummins,SP Jackson,YS Chahal,0,0,,,,,,caught,PJ Cummins,,
1304076,2022,2022-04-18,"Brabourne Stadium, Mumbai",2,17.1,Kolkata Knight Riders,Rajasthan Royals,SP Jackson,UT Yadav,TA Boult,1,0,,,,,,,,,
1304076,2022,2022-04-18,"Brabourne Stadium, Mumbai",2,17.2,Kolkata Knight Riders,Rajasthan Royals,UT Yadav,SP Jackson,TA Boult,6,0,,,,,,,,,
1304076,2022,2022-04-18,"Brabourne Stadium, Mumbai",2,17.3,Kolkata Knight Riders,Rajasthan Royals,UT Yadav,SP Jackson,TA Boult,2,0,,,,,,,,,
1304076,2022,2022-04-18,"Brabourne Stadium, Mumbai",2,17.4,Kolkata Knight Riders,Rajasthan Royals,UT Yadav,SP Jackson,TA Boult,6,0,,,,,,,,,
1304076,2022,2022-04-18,"Brabourne Stadium, Mumbai",2,17.5,Kolkata Knight Riders,Rajasthan Royals,UT Yadav,SP Jackson,TA Boult,4,0,,,,,,,,,
1304076,2022,2022-04-18,"Brabourne Stadium, Mumbai",2,17.6,Kolkata Knight Riders,Rajasthan Royals,UT Yadav,SP Jackson,TA Boult,1,0,,,,,,,,,
1304076,2022,2022-04-18,"Brabourne Stadium, Mumbai",2,18.1,Kolkata Knight Riders,Rajasthan Royals,UT Yadav,SP Jackson,M Prasidh Krishna,1,0,,,,,,,,,
1304076,2022,2022-04-18,"Brabourne Stadium, Mumbai",2,18.2,Kolkata Knight Riders,Rajasthan Royals,SP Jackson,UT Yadav,M Prasidh Krishna,2,0,,,,,,,,,
1304076,2022,2022-04-18,"Brabourne Stadium, Mumbai",2,18.3,Kolkata Knight Riders,Rajasthan Royals,SP Jackson,UT Yadav,M Prasidh Krishna,1,0,,,,,,,,,
1304076,2022,2022-04-18,"Brabourne Stadium, Mumbai",2,18.4,Kolkata Knight Riders,Rajasthan Royals,UT Yadav,SP Jackson,M Prasidh Krishna,0,1,1,,,,,,,,
1304076,2022,2022-04-18,"Brabourne Stadium, Mumbai",2,18.5,Kolkata Knight Riders,Rajasthan Royals,UT Yadav,SP Jackson,M Prasidh Krishna,1,0,,,,,,,,,
1304076,2022,2022-04-18,"Brabourne Stadium, Mumbai",2,18.6,Kolkata Knight Riders,Rajasthan Royals,SP Jackson,UT Yadav,M Prasidh Krishna,1,0,,,,,,,,,
1304076,2022,2022-04-18,"Brabourne Stadium, Mumbai",2,18.7,Kolkata Knight Riders,Rajasthan Royals,UT Yadav,SP Jackson,M Prasidh Krishna,0,0,,,,,,,,,
1304076,2022,2022-04-18,"Brabourne Stadium, Mumbai",2,19.1,Kolkata Knight Riders,Rajasthan Royals,SP Jackson,UT Yadav,OC McCoy,2,0,,,,,,,,,
1304076,2022,2022-04-18,"Brabourne Stadium, Mumbai",2,19.2,Kolkata Knight Riders,Rajasthan Royals,SP Jackson,UT Yadav,OC McCoy,0,0,,,,,,caught,SP Jackson,,
1304076,2022,2022-04-18,"Brabourne Stadium, Mumbai",2,19.3,Kolkata Knight Riders,Rajasthan Royals,CV Varun,UT Yadav,OC McCoy,1,0,,,,,,,,,
1304076,2022,2022-04-18,"Brabourne Stadium, Mumbai",2,19.4,Kolkata Knight Riders,Rajasthan Royals,UT Yadav,CV Varun,OC McCoy,0,0,,,,,,bowled,UT Yadav,,
