match_id,season,start_date,venue,innings,ball,batting_team,bowling_team,striker,non_striker,bowler,runs_off_bat,extras,wides,noballs,byes,legbyes,penalty,wicket_type,player_dismissed,other_wicket_type,other_player_dismissed
1304079,2022,2022-04-21,"Dr DY Patil Sports Academy, Mumbai",1,0.1,Mumbai Indians,Chennai Super Kings,RG Sharma,Ishan Kishan,Mukesh Choudhary,0,0,,,,,,,,,
1304079,2022,2022-04-21,"Dr DY Patil Sports Academy, Mumbai",1,0.2,Mumbai Indians,Chennai Super Kings,RG Sharma,Ishan Kishan,Mukesh Choudhary,0,0,,,,,,caught,RG Sharma,,
1304079,2022,2022-04-21,"Dr DY Patil Sports Academy, Mumbai",1,0.3,Mumbai Indians,Chennai Super Kings,D Brevis,Ishan Kishan,Mukesh Choudhary,0,0,,,,,,,,,
1304079,2022,2022-04-21,"Dr DY Patil Sports Academy, Mumbai",1,0.4,Mumbai Indians,Chennai Super Kings,D Brevis,Ishan Kishan,Mukesh Choudhary,1,0,,,,,,,,,
1304079,2022,2022-04-21,"Dr DY Patil Sports Academy, Mumbai",1,0.5,Mumbai Indians,Chennai Super Kings,Ishan Kishan,D Brevis,Mukesh Choudhary,0,1,1,,,,,,,,
1304079,2022,2022-04-21,"Dr DY Patil Sports Academy, Mumbai",1,0.6,Mumbai Indians,Chennai Super Kings,Ishan Kishan,D Brevis,Mukesh Choudhary,0,0,,,,,,bowled,Ishan Kishan,,
1304079,2022,2022-04-21,"Dr DY Patil Sports Academy, Mumbai",1,0.7,Mumbai Indians,Chennai Super Kings,SA Yadav,D Brevis,Mukesh Choudhary,4,0,,,,,,,,,
1304079,2022,2022-04-21,"Dr DY Patil Sports Academy, Mumbai",1,1.1,Mumbai Indians,Chennai Super Kings,D Brevis,SA Yadav,MJ Santner,1,0,,,,,,,,,
1304079,2022,2022-04-21,"Dr DY Patil Sports Academy, Mumbai",1,1.2,Mumbai Indians,Chennai Super Kings,SA Yadav,D Brevis,MJ Santner,0,0,,,,,,,,,
1304079,2022,2022-04-21,"Dr DY Patil Sports Academy, Mumbai",1,1.3,Mumbai Indians,Chennai Super Kings,SA Yadav,D Brevis,MJ Santner,4,0,,,,,,,,,
1304079,2022,2022-04-21,"Dr DY Patil Sports Academy, Mumbai",1,1.4,Mumbai Indians,Chennai Super Kings,SA Yadav,D Brevis,MJ Santner,1,0,,,,,,,,,
1304079,2022,2022-04-21,"Dr DY Patil Sports Academy, Mumbai",1,1.5,Mumbai Indians,Chennai Super Kings,D Brevis,SA Yadav,MJ Santner,0,0,,,,,,,,,
1304079,2022,2022-04-21,"Dr DY Patil Sports Academy, Mumbai",1,1.6,Mumbai Indians,Chennai Super Kings,D Brevis,SA Yadav,MJ Santner,2,0,,,,,,,,,
1304079,2022,2022-04-21,"Dr DY Patil Sports Academy, Mumbai",1,2.1,Mumbai Indians,Chennai Super Kings,SA Yadav,D Brevis,Mukesh Choudhary,4,0,,,,,,,,,
1304079,2022,2022-04-21,"Dr DY Patil Sports Academy, Mumbai",1,2.2,Mumbai Indians,Chennai Super Kings,SA Yadav,D Brevis,Mukesh Choudhary,0,0,,,,,,,,,
1304079,2022,2022-04-21,"Dr DY Patil Sports Academy, Mumbai",1,2.3,Mumbai Indians,Chennai Super Kings,SA Yadav,D Brevis,Mukesh Choudhary,2,0,,,,,,,,,
1304079,2022,2022-04-21,"Dr DY Patil Sports Academy, Mumbai",1,2.4,Mumbai Indians,Chennai Super Kings,SA Yadav,D Brevis,Mukesh Choudhary,3,0,,,,,,,,,
1304079,2022,2022-04-21,"Dr DY Patil Sports Academy, Mumbai",1,2.5,Mumbai Indians,Chennai Super Kings,D Brevis,SA Yadav,Mukesh Choudhary,0,0,,,,,,,,,
1304079,2022,2022-04-21,"Dr DY Patil Sports Academy, Mumbai",1,2.6,Mumbai Indians,Chennai Super Kings,D Brevis,SA Yadav,Mukesh Choudhary,0,0,,,,,,caught,D Brevis,,
1304079,2022,2022-04-21,"Dr DY Patil Sports Academy, Mumbai",1,3.1,Mumbai Indians,Chennai Super Kings,SA Yadav,Tilak Varma,M Theekshana,0,0,,,,,,,,,
1304079,2022,2022-04-21,"Dr DY Patil Sports Academy, Mumbai",1,3.2,Mumbai Indians,Chennai Super Kings,SA Yadav,Tilak Varma,M Theekshana,1,0,,,,,,,,,
1304079,2022,2022-04-21,"Dr DY Patil Sports Academy, Mumbai",1,3.3,Mumbai Indians,Chennai Super Kings,Tilak Varma,SA Yadav,M Theekshana,1,0,,,,,,,,,
1304079,2022,2022-04-21,"Dr DY Patil Sports Academy, Mumbai",1,3.4,Mumbai Indians,Chennai Super Kings,SA Yadav,Tilak Varma,M Theekshana,0,0,,,,,,,,,
1304079,2022,2022-04-21,"Dr DY Patil Sports Academy, Mumbai",1,3.5,Mumbai Indians,Chennai Super Kings,SA Yadav,Tilak Varma,M Theekshana,1,0,,,,,,,,,
1304079,2022,2022-04-21,"Dr DY Patil Sports Academy, Mumbai",1,3.6,Mumbai Indians,Chennai Super Kings,Tilak Varma,SA Yadav,M Theekshana,1,0,,,,,,,,,
1304079,2022,2022-04-21,"Dr DY Patil Sports Academy, Mumbai",1,4.1,Mumbai Indians,Chennai Super Kings,Tilak Varma,SA Yadav,Mukesh Choudhary,4,0,,,,,,,,,
1304079,2022,2022-04-21,"Dr DY Patil Sports Academy, Mumbai",1,4.2,Mumbai Indians,Chennai Super Kings,Tilak Varma,SA Yadav,Mukesh Choudhary,0,0,,,,,,,,,
1304079,2022,2022-04-21,"Dr DY Patil Sports Academy, Mumbai",1,4.3,Mumbai Indians,Chennai Super Kings,Tilak Varma,SA Yadav,Mukesh Choudhary,0,0,,,,,,,,,
1304079,2022,2022-04-21,"Dr DY Patil Sports Academy, Mumbai",1,4.4,Mumbai Indians,Chennai Super Kings,Tilak Varma,SA Yadav,Mukesh Choudhary,0,0,,,,,,,,,
1304079,2022,2022-04-21,"Dr DY Patil Sports Academy, Mumbai",1,4.5,Mumbai Indians,Chennai Super Kings,Tilak Varma,SA Yadav,Mukesh Choudhary,0,0,,,,,,,,,
1304079,2022,2022-04-21,"Dr DY Patil Sports Academy, Mumbai",1,4.6,Mumbai Indians,Chennai Super Kings,Tilak Varma,SA Yadav,Mukesh Choudhary,0,0,,,,,,,,,
1304079,2022,2022-04-21,"Dr DY Patil Sports Academy, Mumbai",1,5.1,Mumbai Indians,Chennai Super Kings,SA Yadav,Tilak Varma,M Theekshana,0,0,,,,,,,,,
1304079,2022,2022-04-21,"Dr DY Patil Sports Academy, Mumbai",1,5.2,Mumbai Indians,Chennai Super Kings,SA Yadav,Tilak Varma,M Theekshana,6,0,,,,,,,,,
1304079,2022,2022-04-21,"Dr DY Patil Sports Academy, Mumbai",1,5.3,Mumbai Indians,Chennai Super Kings,SA Yadav,Tilak Varma,M Theekshana,2,0,,,,,,,,,
1304079,2022,2022-04-21,"Dr DY Patil Sports Academy, Mumbai",1,5.4,Mumbai Indians,Chennai Super Kings,SA Yadav,Tilak Varma,M Theekshana,1,0,,,,,,,,,
1304079,2022,2022-04-21,"Dr DY Patil Sports Academy, Mumbai",1,5.5,Mumbai Indians,Chennai Super Kings,Tilak Varma,SA Yadav,M Theekshana,1,0,,,,,,,,,
1304079,2022,2022-04-21,"Dr DY Patil Sports Academy, Mumbai",1,5.6,Mumbai Indians,Chennai Super Kings,SA Yadav,Tilak Varma,M Theekshana,1,0,,,,,,,,,
1304079,2022,2022-04-21,"Dr DY Patil Sports Academy, Mumbai",1,6.1,Mumbai Indians,Chennai Super Kings,SA Yadav,Tilak Varma,RA Jadeja,1,0,,,,,,,,,
1304079,2022,2022-04-21,"Dr DY Patil Sports Academy, Mumbai",1,6.2,Mumbai Indians,Chennai Super Kings,Tilak Varma,SA Yadav,RA Jadeja,1,0,,,,,,,,,
1304079,2022,2022-04-21,"Dr DY Patil Sports Academy, Mumbai",1,6.3,Mumbai Indians,Chennai Super Kings,SA Yadav,Tilak Varma,RA Jadeja,1,0,,,,,,,,,
1304079,2022,2022-04-21,"Dr DY Patil Sports Academy, Mumbai",1,6.4,Mumbai Indians,Chennai Super Kings,Tilak Varma,SA Yadav,RA Jadeja,0,0,,,,,,,,,
1304079,2022,2022-04-21,"Dr DY Patil Sports Academy, Mumbai",1,6.5,Mumbai Indians,Chennai Super Kings,Tilak Varma,SA Yadav,RA Jadeja,0,0,,,,,,,,,
1304079,2022,2022-04-21,"Dr DY Patil Sports Academy, Mumbai",1,6.6,Mumbai Indians,Chennai Super Kings,Tilak Varma,SA Yadav,RA Jadeja,1,0,,,,,,,,,
1304079,2022,2022-04-21,"Dr DY Patil Sports Academy, Mumbai",1,7.1,Mumbai Indians,Chennai Super Kings,Tilak Varma,SA Yadav,MJ Santner,1,0,,,,,,,,,
1304079,2022,2022-04-21,"Dr DY Patil Sports Academy, Mumbai",1,7.2,Mumbai Indians,Chennai Super Kings,SA Yadav,Tilak Varma,MJ Santner,0,0,,,,,,,,,
1304079,2022,2022-04-21,"Dr DY Patil Sports Academy, Mumbai",1,7.3,Mumbai Indians,Chennai Super Kings,SA Yadav,Tilak Varma,MJ Santner,0,0,,,,,,caught,SA Yadav,,
1304079,2022,2022-04-21,"Dr DY Patil Sports Academy, Mumbai",1,7.4,Mumbai Indians,Chennai Super Kings,HR Shokeen,Tilak Varma,MJ Santner,0,0,,,,,,,,,
1304079,2022,2022-04-21,"Dr DY Patil Sports Academy, Mumbai",1,7.5,Mumbai Indians,Chennai Super Kings,HR Shokeen,Tilak Varma,MJ Santner,1,0,,,,,,,,,
1304079,2022,2022-04-21,"Dr DY Patil Sports Academy, Mumbai",1,7.6,Mumbai Indians,Chennai Super Kings,Tilak Varma,HR Shokeen,MJ Santner,1,0,,,,,,,,,
1304079,2022,2022-04-21,"Dr DY Patil Sports Academy, Mumbai",1,8.1,Mumbai Indians,Chennai Super Kings,Tilak Varma,HR Shokeen,RA Jadeja,1,0,,,,,,,,,
1304079,2022,2022-04-21,"Dr DY Patil Sports Academy, Mumbai",1,8.2,Mumbai Indians,Chennai Super Kings,HR Shokeen,Tilak Varma,RA Jadeja,1,0,,,,,,,,,
1304079,2022,2022-04-21,"Dr DY Patil Sports Academy, Mumbai",1,8.3,Mumbai Indians,Chennai Super Kings,Tilak Varma,HR Shokeen,RA Jadeja,0,0,,,,,,,,,
1304079,2022,2022-04-21,"Dr DY Patil Sports Academy, Mumbai",1,8.4,Mumbai Indians,Chennai Super Kings,Tilak Varma,HR Shokeen,RA Jadeja,0,0,,,,,,,,,
1304079,2022,2022-04-21,"Dr DY Patil Sports Academy, Mumbai",1,8.5,Mumbai Indians,Chennai Super Kings,Tilak Varma,HR Shokeen,RA Jadeja,1,0,,,,,,,,,
1304079,2022,2022-04-21,"Dr DY Patil Sports Academy, Mumbai",1,8.6,Mumbai Indians,Chennai Super Kings,HR Shokeen,Tilak Varma,RA Jadeja,0,0,,,,,,,,,
1304079,2022,2022-04-21,"Dr DY Patil Sports Academy, Mumbai",1,9.1,Mumbai Indians,Chennai Super Kings,Tilak Varma,HR Shokeen,D Pretorius,1,0,,,,,,,,,
1304079,2022,2022-04-21,"Dr DY Patil Sports Academy, Mumbai",1,9.2,Mumbai Indians,Chennai Super Kings,HR Shokeen,Tilak Varma,D Pretorius,0,0,,,,,,,,,
1304079,2022,2022-04-21,"Dr DY Patil Sports Academy, Mumbai",1,9.3,Mumbai Indians,Chennai Super Kings,HR Shokeen,Tilak Varma,D Pretorius,1,0,,,,,,,,,
1304079,2022,2022-04-21,"Dr DY Patil Sports Academy, Mumbai",1,9.4,Mumbai Indians,Chennai Super Kings,Tilak Varma,HR Shokeen,D Pretorius,1,0,,,,,,,,,
1304079,2022,2022-04-21,"Dr DY Patil Sports Academy, Mumbai",1,9.5,Mumbai Indians,Chennai Super Kings,HR Shokeen,Tilak Varma,D Pretorius,1,0,,,,,,,,,
1304079,2022,2022-04-21,"Dr DY Patil Sports Academy, Mumbai",1,9.6,Mumbai Indians,Chennai Super Kings,Tilak Varma,HR Shokeen,D Pretorius,0,0,,,,,,,,,
1304079,2022,2022-04-21,"Dr DY Patil Sports Academy, Mumbai",1,10.1,Mumbai Indians,Chennai Super Kings,HR Shokeen,Tilak Varma,RA Jadeja,1,0,,,,,,,,,
1304079,2022,2022-04-21,"Dr DY Patil Sports Academy, Mumbai",1,10.2,Mumbai Indians,Chennai Super Kings,Tilak Varma,HR Shokeen,RA Jadeja,6,0,,,,,,,,,
1304079,2022,2022-04-21,"Dr DY Patil Sports Academy, Mumbai",1,10.3,Mumbai Indians,Chennai Super Kings,Tilak Varma,HR Shokeen,RA Jadeja,1,0,,,,,,,,,
1304079,2022,2022-04-21,"Dr DY Patil Sports Academy, Mumbai",1,10.4,Mumbai Indians,Chennai Super Kings,HR Shokeen,Tilak Varma,RA Jadeja,4,0,,,,,,,,,
1304079,2022,2022-04-21,"Dr DY Patil Sports Academy, Mumbai",1,10.5,Mumbai Indians,Chennai Super Kings,HR Shokeen,Tilak Varma,RA Jadeja,0,0,,,,,,,,,
1304079,2022,2022-04-21,"Dr DY Patil Sports Academy, Mumbai",1,10.6,Mumbai Indians,Chennai Super Kings,HR Shokeen,Tilak Varma,RA Jadeja,1,0,,,,,,,,,
1304079,2022,2022-04-21,"Dr DY Patil Sports Academy, Mumbai",1,11.1,Mumbai Indians,Chennai Super Kings,HR Shokeen,Tilak Varma,MJ Santner,4,0,,,,,,,,,
1304079,2022,2022-04-21,"Dr DY Patil Sports Academy, Mumbai",1,11.2,Mumbai Indians,Chennai Super Kings,HR Shokeen,Tilak Varma,MJ Santner,0,0,,,,,,,,,
1304079,2022,2022-04-21,"Dr DY Patil Sports Academy, Mumbai",1,11.3,Mumbai Indians,Chennai Super Kings,HR Shokeen,Tilak Varma,MJ Santner,0,0,,,,,,,,,
1304079,2022,2022-04-21,"Dr DY Patil Sports Academy, Mumbai",1,11.4,Mumbai Indians,Chennai Super Kings,HR Shokeen,Tilak Varma,MJ Santner,0,0,,,,,,,,,
1304079,2022,2022-04-21,"Dr DY Patil Sports Academy, Mumbai",1,11.5,Mumbai Indians,Chennai Super Kings,HR Shokeen,Tilak Varma,MJ Santner,0,0,,,,,,,,,
1304079,2022,2022-04-21,"Dr DY Patil Sports Academy, Mumbai",1,11.6,Mumbai Indians,Chennai Super Kings,HR Shokeen,Tilak Varma,MJ Santner,1,0,,,,,,,,,
1304079,2022,2022-04-21,"Dr DY Patil Sports Academy, Mumbai",1,12.1,Mumbai Indians,Chennai Super Kings,HR Shokeen,Tilak Varma,RA Jadeja,0,0,,,,,,,,,
1304079,2022,2022-04-21,"Dr DY Patil Sports Academy, Mumbai",1,12.2,Mumbai Indians,Chennai Super Kings,HR Shokeen,Tilak Varma,RA Jadeja,2,0,,,,,,,,,
1304079,2022,2022-04-21,"Dr DY Patil Sports Academy, Mumbai",1,12.3,Mumbai Indians,Chennai Super Kings,HR Shokeen,Tilak Varma,RA Jadeja,2,0,,,,,,,,,
1304079,2022,2022-04-21,"Dr DY Patil Sports Academy, Mumbai",1,12.4,Mumbai Indians,Chennai Super Kings,HR Shokeen,Tilak Varma,RA Jadeja,0,0,,,,,,,,,
1304079,2022,2022-04-21,"Dr DY Patil Sports Academy, Mumbai",1,12.5,Mumbai Indians,Chennai Super Kings,HR Shokeen,Tilak Varma,RA Jadeja,2,0,,,,,,,,,
1304079,2022,2022-04-21,"Dr DY Patil Sports Academy, Mumbai",1,12.6,Mumbai Indians,Chennai Super Kings,HR Shokeen,Tilak Varma,RA Jadeja,4,0,,,,,,,,,
1304079,2022,2022-04-21,"Dr DY Patil Sports Academy, Mumbai",1,13.1,Mumbai Indians,Chennai Super Kings,Tilak Varma,HR Shokeen,DJ Bravo,0,1,,,,1,,,,,
1304079,2022,2022-04-21,"Dr DY Patil Sports Academy, Mumbai",1,13.2,Mumbai Indians,Chennai Super Kings,HR Shokeen,Tilak Varma,DJ Bravo,0,0,,,,,,,,,
1304079,2022,2022-04-21,"Dr DY Patil Sports Academy, Mumbai",1,13.3,Mumbai Indians,Chennai Super Kings,HR Shokeen,Tilak Varma,DJ Bravo,0,0,,,,,,caught,HR Shokeen,,
1304079,2022,2022-04-21,"Dr DY Patil Sports Academy, Mumbai",1,13.4,Mumbai Indians,Chennai Super Kings,KA Pollard,Tilak Varma,DJ Bravo,4,0,,,,,,,,,
1304079,2022,2022-04-21,"Dr DY Patil Sports Academy, Mumbai",1,13.5,Mumbai Indians,Chennai Super Kings,KA Pollard,Tilak Varma,DJ Bravo,0,0,,,,,,,,,
1304079,2022,2022-04-21,"Dr DY Patil Sports Academy, Mumbai",1,13.6,Mumbai Indians,Chennai Super Kings,KA Pollard,Tilak Varma,DJ Bravo,0,0,,,,,,,,,
1304079,2022,2022-04-21,"Dr DY Patil Sports Academy, Mumbai",1,14.1,Mumbai Indians,Chennai Super Kings,Tilak Varma,KA Pollard,M Theekshana,1,0,,,,,,,,,
1304079,2022,2022-04-21,"Dr DY Patil Sports Academy, Mumbai",1,14.2,Mumbai Indians,Chennai Super Kings,KA Pollard,Tilak Varma,M Theekshana,1,0,,,,,,,,,
1304079,2022,2022-04-21,"Dr DY Patil Sports Academy, Mumbai",1,14.3,Mumbai Indians,Chennai Super Kings,Tilak Varma,KA Pollard,M Theekshana,1,0,,,,,,,,,
1304079,2022,2022-04-21,"Dr DY Patil Sports Academy, Mumbai",1,14.4,Mumbai Indians,Chennai Super Kings,KA Pollard,Tilak Varma,M Theekshana,6,0,,,,,,,,,
1304079,2022,2022-04-21,"Dr DY Patil Sports Academy, Mumbai",1,14.5,Mumbai Indians,Chennai Super Kings,KA Pollard,Tilak Varma,M Theekshana,1,0,,,,,,,,,
1304079,2022,2022-04-21,"Dr DY Patil Sports Academy, Mumbai",1,14.6,Mumbai Indians,Chennai Super Kings,Tilak Varma,KA Pollard,M Theekshana,1,0,,,,,,,,,
1304079,2022,2022-04-21,"Dr DY Patil Sports Academy, Mumbai",1,15.1,Mumbai Indians,Chennai Super Kings,Tilak Varma,KA Pollard,DJ Bravo,1,0,,,,,,,,,
1304079,2022,2022-04-21,"Dr DY Patil Sports Academy, Mumbai",1,15.2,Mumbai Indians,Chennai Super Kings,KA Pollard,Tilak Varma,DJ Bravo,0,1,1,,,,,,,,
1304079,2022,2022-04-21,"Dr DY Patil Sports Academy, Mumbai",1,15.3,Mumbai Indians,Chennai Super Kings,KA Pollard,Tilak Varma,DJ Bravo,1,0,,,,,,,,,
1304079,2022,2022-04-21,"Dr DY Patil Sports Academy, Mumbai",1,15.4,Mumbai Indians,Chennai Super Kings,Tilak Varma,KA Pollard,DJ Bravo,0,1,,,,1,,,,,
1304079,2022,2022-04-21,"Dr DY Patil Sports Academy, Mumbai",1,15.5,Mumbai Indians,Chennai Super Kings,KA Pollard,Tilak Varma,DJ Bravo,1,0,,,,,,,,,
1304079,2022,2022-04-21,"Dr DY Patil Sports Academy, Mumbai",1,15.6,Mumbai Indians,Chennai Super Kings,Tilak Varma,KA Pollard,DJ Bravo,4,0,,,,,,,,,
1304079,2022,2022-04-21,"Dr DY Patil Sports Academy, Mumbai",1,15.7,Mumbai Indians,Chennai Super Kings,Tilak Varma,KA Pollard,DJ Bravo,1,0,,,,,,,,,
1304079,2022,2022-04-21,"Dr DY Patil Sports Academy, Mumbai",1,16.1,Mumbai Indians,Chennai Super Kings,Tilak Varma,KA Pollard,M Theekshana,1,0,,,,,,,,,
1304079,2022,2022-04-21,"Dr DY Patil Sports Academy, Mumbai",1,16.2,Mumbai Indians,Chennai Super Kings,KA Pollard,Tilak Varma,M Theekshana,0,0,,,,,,caught,KA Pollard,,
1304079,2022,2022-04-21,"Dr DY Patil Sports Academy, Mumbai",1,16.3,Mumbai Indians,Chennai Super Kings,DR Sams,Tilak Varma,M Theekshana,4,0,,,,,,,,,
1304079,2022,2022-04-21,"Dr DY Patil Sports Academy, Mumbai",1,16.4,Mumbai Indians,Chennai Super Kings,DR Sams,Tilak Varma,M Theekshana,1,0,,,,,,,,,
1304079,2022,2022-04-21,"Dr DY Patil Sports Academy, Mumbai",1,16.5,Mumbai Indians,Chennai Super Kings,Tilak Varma,DR Sams,M Theekshana,2,0,,,,,,,,,
1304079,2022,2022-04-21,"Dr DY Patil Sports Academy, Mumbai",1,16.6,Mumbai Indians,Chennai Super Kings,Tilak Varma,DR Sams,M Theekshana,1,0,,,,,,,,,
1304079,2022,2022-04-21,"Dr DY Patil Sports Academy, Mumbai",1,17.1,Mumbai Indians,Chennai Super Kings,Tilak Varma,DR Sams,DJ Bravo,1,0,,,,,,,,,
1304079,2022,2022-04-21,"Dr DY Patil Sports Academy, Mumbai",1,17.2,Mumbai Indians,Chennai Super Kings,DR Sams,Tilak Varma,DJ Bravo,0,0,,,,,,lbw,DR Sams,,
1304079,2022,2022-04-21,"Dr DY Patil Sports Academy, Mumbai",1,17.3,Mumbai Indians,Chennai Super Kings,JD Unadkat,Tilak Varma,DJ Bravo,1,0,,,,,,,,,
1304079,2022,2022-04-21,"Dr DY Patil Sports Academy, Mumbai",1,17.4,Mumbai Indians,Chennai Super Kings,Tilak Varma,JD Unadkat,DJ Bravo,0,0,,,,,,,,,
1304079,2022,2022-04-21,"Dr DY Patil Sports Academy, Mumbai",1,17.5,Mumbai Indians,Chennai Super Kings,Tilak Varma,JD Unadkat,DJ Bravo,4,0,,,,,,,,,
1304079,2022,2022-04-21,"Dr DY Patil Sports Academy, Mumbai",1,17.6,Mumbai Indians,Chennai Super Kings,Tilak Varma,JD Unadkat,DJ Bravo,1,0,,,,,,,,,
1304079,2022,2022-04-21,"Dr DY Patil Sports Academy, Mumbai",1,18.1,Mumbai Indians,Chennai Super Kings,Tilak Varma,JD Unadkat,D Pretorius,6,0,,,,,,,,,
1304079,2022,2022-04-21,"Dr DY Patil Sports Academy, Mumbai",1,18.2,Mumbai Indians,Chennai Super Kings,Tilak Varma,JD Unadkat,D Pretorius,0,0,,,,,,,,,
1304079,2022,2022-04-21,"Dr DY Patil Sports Academy, Mumbai",1,18.3,Mumbai Indians,Chennai Super Kings,Tilak Varma,JD Unadkat,D Pretorius,3,0,,,,,,,,,
1304079,2022,2022-04-21,"Dr DY Patil Sports Academy, Mumbai",1,18.4,Mumbai Indians,Chennai Super Kings,JD Unadkat,Tilak Varma,D Pretorius,2,0,,,,,,,,,
1304079,2022,2022-04-21,"Dr DY Patil Sports Academy, Mumbai",1,18.5,Mumbai Indians,Chennai Super Kings,JD Unadkat,Tilak Varma,D Pretorius,2,0,,,,,,,,,
1304079,2022,2022-04-21,"Dr DY Patil Sports Academy, Mumbai",1,18.6,Mumbai Indians,Chennai Super Kings,JD Unadkat,Tilak Varma,D Pretorius,0,0,,,,,,,,,
1304079,2022,2022-04-21,"Dr DY Patil Sports Academy, Mumbai",1,19.1,Mumbai Indians,Chennai Super Kings,Tilak Varma,JD Unadkat,DJ Bravo,0,1,1,,,,,,,,
1304079,2022,2022-04-21,"Dr DY Patil Sports Academy, Mumbai",1,19.2,Mumbai Indians,Chennai Super Kings,Tilak Varma,JD Unadkat,DJ Bravo,1,0,,,,,,,,,
1304079,2022,2022-04-21,"Dr DY Patil Sports Academy, Mumbai",1,19.3,Mumbai Indians,Chennai Super Kings,JD Unadkat,Tilak Varma,DJ Bravo,4,0,,,,,,,,,
1304079,2022,2022-04-21,"Dr DY Patil Sports Academy, Mumbai",1,19.4,Mumbai Indians,Chennai Super Kings,JD Unadkat,Tilak Varma,DJ Bravo,0,0,,,,,,,,,
1304079,2022,2022-04-21,"Dr DY Patil Sports Academy, Mumbai",1,19.5,Mumbai Indians,Chennai Super Kings,JD Unadkat,Tilak Varma,DJ Bravo,2,0,,,,,,,,,
1304079,2022,2022-04-21,"Dr DY Patil Sports Academy, Mumbai",1,19.6,Mumbai Indians,Chennai Super Kings,JD Unadkat,Tilak Varma,DJ Bravo,6,0,,,,,,,,,
1304079,2022,2022-04-21,"Dr DY Patil Sports Academy, Mumbai",1,19.7,Mumbai Indians,Chennai Super Kings,JD Unadkat,Tilak Varma,DJ Bravo,2,0,,,,,,,,,
1304079,2022,2022-04-21,"Dr DY Patil Sports Academy, Mumbai",2,0.1,Chennai Super Kings,Mumbai Indians,RD Gaikwad,RV Uthappa,DR Sams,0,0,,,,,,caught,RD Gaikwad,,
1304079,2022,2022-04-21,"Dr DY Patil Sports Academy, Mumbai",2,0.2,Chennai Super Kings,Mumbai Indians,MJ Santner,RV Uthappa,DR Sams,0,1,1,,,,,,,,
1304079,2022,2022-04-21,"Dr DY Patil Sports Academy, Mumbai",2,0.3,Chennai Super Kings,Mumbai Indians,MJ Santner,RV Uthappa,DR Sams,0,0,,,,,,,,,
1304079,2022,2022-04-21,"Dr DY Patil Sports Academy, Mumbai",2,0.4,Chennai Super Kings,Mumbai Indians,MJ Santner,RV Uthappa,DR Sams,0,0,,,,,,,,,
1304079,2022,2022-04-21,"Dr DY Patil Sports Academy, Mumbai",2,0.5,Chennai Super Kings,Mumbai Indians,MJ Santner,RV Uthappa,DR Sams,4,0,,,,,,,,,
1304079,2022,2022-04-21,"Dr DY Patil Sports Academy, Mumbai",2,0.6,Chennai Super Kings,Mumbai Indians,MJ Santner,RV Uthappa,DR Sams,0,0,,,,,,,,,
1304079,2022,2022-04-21,"Dr DY Patil Sports Academy, Mumbai",2,0.7,Chennai Super Kings,Mumbai Indians,MJ Santner,RV Uthappa,DR Sams,4,0,,,,,,,,,
1304079,2022,2022-04-21,"Dr DY Patil Sports Academy, Mumbai",2,1.1,Chennai Super Kings,Mumbai Indians,RV Uthappa,MJ Santner,JJ Bumrah,1,0,,,,,,,,,
1304079,2022,2022-04-21,"Dr DY Patil Sports Academy, Mumbai",2,1.2,Chennai Super Kings,Mumbai Indians,MJ Santner,RV Uthappa,JJ Bumrah,0,1,1,,,,,,,,
1304079,2022,2022-04-21,"Dr DY Patil Sports Academy, Mumbai",2,1.3,Chennai Super Kings,Mumbai Indians,MJ Santner,RV Uthappa,JJ Bumrah,1,0,,,,,,,,,
1304079,2022,2022-04-21,"Dr DY Patil Sports Academy, Mumbai",2,1.4,Chennai Super Kings,Mumbai Indians,RV Uthappa,MJ Santner,JJ Bumrah,0,0,,,,,,,,,
1304079,2022,2022-04-21,"Dr DY Patil Sports Academy, Mumbai",2,1.5,Chennai Super Kings,Mumbai Indians,RV Uthappa,MJ Santner,JJ Bumrah,1,0,,,,,,,,,
1304079,2022,2022-04-21,"Dr DY Patil Sports Academy, Mumbai",2,1.6,Chennai Super Kings,Mumbai Indians,MJ Santner,RV Uthappa,JJ Bumrah,0,0,,,,,,,,,
1304079,2022,2022-04-21,"Dr DY Patil Sports Academy, Mumbai",2,1.7,Chennai Super Kings,Mumbai Indians,MJ Santner,RV Uthappa,JJ Bumrah,2,0,,,,,,,,,
1304079,2022,2022-04-21,"Dr DY Patil Sports Academy, Mumbai",2,2.1,Chennai Super Kings,Mumbai Indians,RV Uthappa,MJ Santner,DR Sams,0,0,,,,,,,,,
1304079,2022,2022-04-21,"Dr DY Patil Sports Academy, Mumbai",2,2.2,Chennai Super Kings,Mumbai Indians,RV Uthappa,MJ Santner,DR Sams,1,0,,,,,,,,,
1304079,2022,2022-04-21,"Dr DY Patil Sports Academy, Mumbai",2,2.3,Chennai Super Kings,Mumbai Indians,MJ Santner,RV Uthappa,DR Sams,0,0,,,,,,caught,MJ Santner,,
1304079,2022,2022-04-21,"Dr DY Patil Sports Academy, Mumbai",2,2.4,Chennai Super Kings,Mumbai Indians,AT Rayudu,RV Uthappa,DR Sams,6,0,,,,,,,,,
1304079,2022,2022-04-21,"Dr DY Patil Sports Academy, Mumbai",2,2.5,Chennai Super Kings,Mumbai Indians,AT Rayudu,RV Uthappa,DR Sams,0,0,,,,,,,,,
1304079,2022,2022-04-21,"Dr DY Patil Sports Academy, Mumbai",2,2.6,Chennai Super Kings,Mumbai Indians,AT Rayudu,RV Uthappa,DR Sams,0,0,,,,,,,,,
1304079,2022,2022-04-21,"Dr DY Patil Sports Academy, Mumbai",2,3.1,Chennai Super Kings,Mumbai Indians,RV Uthappa,AT Rayudu,JJ Bumrah,0,1,,,,1,,,,,
1304079,2022,2022-04-21,"Dr DY Patil Sports Academy, Mumbai",2,3.2,Chennai Super Kings,Mumbai Indians,AT Rayudu,RV Uthappa,JJ Bumrah,0,0,,,,,,,,,
1304079,2022,2022-04-21,"Dr DY Patil Sports Academy, Mumbai",2,3.3,Chennai Super Kings,Mumbai Indians,AT Rayudu,RV Uthappa,JJ Bumrah,0,0,,,,,,,,,
1304079,2022,2022-04-21,"Dr DY Patil Sports Academy, Mumbai",2,3.4,Chennai Super Kings,Mumbai Indians,AT Rayudu,RV Uthappa,JJ Bumrah,6,0,,,,,,,,,
1304079,2022,2022-04-21,"Dr DY Patil Sports Academy, Mumbai",2,3.5,Chennai Super Kings,Mumbai Indians,AT Rayudu,RV Uthappa,JJ Bumrah,0,0,,,,,,,,,
1304079,2022,2022-04-21,"Dr DY Patil Sports Academy, Mumbai",2,3.6,Chennai Super Kings,Mumbai Indians,AT Rayudu,RV Uthappa,JJ Bumrah,0,0,,,,,,,,,
1304079,2022,2022-04-21,"Dr DY Patil Sports Academy, Mumbai",2,4.1,Chennai Super Kings,Mumbai Indians,RV Uthappa,AT Rayudu,RP Meredith,0,0,,,,,,,,,
1304079,2022,2022-04-21,"Dr DY Patil Sports Academy, Mumbai",2,4.2,Chennai Super Kings,Mumbai Indians,RV Uthappa,AT Rayudu,RP Meredith,0,0,,,,,,,,,
1304079,2022,2022-04-21,"Dr DY Patil Sports Academy, Mumbai",2,4.3,Chennai Super Kings,Mumbai Indians,RV Uthappa,AT Rayudu,RP Meredith,4,0,,,,,,,,,
1304079,2022,2022-04-21,"Dr DY Patil Sports Academy, Mumbai",2,4.4,Chennai Super Kings,Mumbai Indians,RV Uthappa,AT Rayudu,RP Meredith,0,0,,,,,,,,,
1304079,2022,2022-04-21,"Dr DY Patil Sports Academy, Mumbai",2,4.5,Chennai Super Kings,Mumbai Indians,RV Uthappa,AT Rayudu,RP Meredith,4,0,,,,,,,,,
1304079,2022,2022-04-21,"Dr DY Patil Sports Academy, Mumbai",2,4.6,Chennai Super Kings,Mumbai Indians,RV Uthappa,AT Rayudu,RP Meredith,1,0,,,,,,,,,
1304079,2022,2022-04-21,"Dr DY Patil Sports Academy, Mumbai",2,5.1,Chennai Super Kings,Mumbai Indians,RV Uthappa,AT Rayudu,JD Unadkat,0,0,,,,,,,,,
1304079,2022,2022-04-21,"Dr DY Patil Sports Academy, Mumbai",2,5.2,Chennai Super Kings,Mumbai Indians,RV Uthappa,AT Rayudu,JD Unadkat,1,0,,,,,,,,,
1304079,2022,2022-04-21,"Dr DY Patil Sports Academy, Mumbai",2,5.3,Chennai Super Kings,Mumbai Indians,AT Rayudu,RV Uthappa,JD Unadkat,0,0,,,,,,,,,
1304079,2022,2022-04-21,"Dr DY Patil Sports Academy, Mumbai",2,5.4,Chennai Super Kings,Mumbai Indians,AT Rayudu,RV Uthappa,JD Unadkat,1,0,,,,,,,,,
1304079,2022,2022-04-21,"Dr DY Patil Sports Academy, Mumbai",2,5.5,Chennai Super Kings,Mumbai Indians,RV Uthappa,AT Rayudu,JD Unadkat,0,0,,,,,,,,,
1304079,2022,2022-04-21,"Dr DY Patil Sports Academy, Mumbai",2,5.6,Chennai Super Kings,Mumbai Indians,RV Uthappa,AT Rayudu,JD Unadkat,6,0,,,,,,,,,
1304079,2022,2022-04-21,"Dr DY Patil Sports Academy, Mumbai",2,6.1,Chennai Super Kings,Mumbai Indians,AT Rayudu,RV Uthappa,RP Meredith,0,0,,,,,,,,,
1304079,2022,2022-04-21,"Dr DY Patil Sports Academy, Mumbai",2,6.2,Chennai Super Kings,Mumbai Indians,AT Rayudu,RV Uthappa,RP Meredith,0,0,,,,,,,,,
1304079,2022,2022-04-21,"Dr DY Patil Sports Academy, Mumbai",2,6.3,Chennai Super Kings,Mumbai Indians,AT Rayudu,RV Uthappa,RP Meredith,0,0,,,,,,,,,
1304079,2022,2022-04-21,"Dr DY Patil Sports Academy, Mumbai",2,6.4,Chennai Super Kings,Mumbai Indians,AT Rayudu,RV Uthappa,RP Meredith,0,0,,,,,,,,,
1304079,2022,2022-04-21,"Dr DY Patil Sports Academy, Mumbai",2,6.5,Chennai Super Kings,Mumbai Indians,AT Rayudu,RV Uthappa,RP Meredith,1,0,,,,,,,,,
1304079,2022,2022-04-21,"Dr DY Patil Sports Academy, Mumbai",2,6.6,Chennai Super Kings,Mumbai Indians,RV Uthappa,AT Rayudu,RP Meredith,1,0,,,,,,,,,
1304079,2022,2022-04-21,"Dr DY Patil Sports Academy, Mumbai",2,7.1,Chennai Super Kings,Mumbai Indians,RV Uthappa,AT Rayudu,HR Shokeen,0,0,,,,,,,,,
1304079,2022,2022-04-21,"Dr DY Patil Sports Academy, Mumbai",2,7.2,Chennai Super Kings,Mumbai Indians,RV Uthappa,AT Rayudu,HR Shokeen,1,0,,,,,,,,,
1304079,2022,2022-04-21,"Dr DY Patil Sports Academy, Mumbai",2,7.3,Chennai Super Kings,Mumbai Indians,AT Rayudu,RV Uthappa,HR Shokeen,1,0,,,,,,,,,
1304079,2022,2022-04-21,"Dr DY Patil Sports Academy, Mumbai",2,7.4,Chennai Super Kings,Mumbai Indians,RV Uthappa,AT Rayudu,HR Shokeen,0,0,,,,,,,,,
1304079,2022,2022-04-21,"Dr DY Patil Sports Academy, Mumbai",2,7.5,Chennai Super Kings,Mumbai Indians,RV Uthappa,AT Rayudu,HR Shokeen,6,0,,,,,,,,,
1304079,2022,2022-04-21,"Dr DY Patil Sports Academy, Mumbai",2,7.6,Chennai Super Kings,Mumbai Indians,RV Uthappa,AT Rayudu,HR Shokeen,1,0,,,,,,,,,
1304079,2022,2022-04-21,"Dr DY Patil Sports Academy, Mumbai",2,8.1,Chennai Super Kings,Mumbai Indians,RV Uthappa,AT Rayudu,JD Unadkat,1,0,,,,,,,,,
1304079,2022,2022-04-21,"Dr DY Patil Sports Academy, Mumbai",2,8.2,Chennai Super Kings,Mumbai Indians,AT Rayudu,RV Uthappa,JD Unadkat,1,0,,,,,,,,,
1304079,2022,2022-04-21,"Dr DY Patil Sports Academy, Mumbai",2,8.3,Chennai Super Kings,Mumbai Indians,RV Uthappa,AT Rayudu,JD Unadkat,1,0,,,,,,,,,
1304079,2022,2022-04-21,"Dr DY Patil Sports Academy, Mumbai",2,8.4,Chennai Super Kings,Mumbai Indians,AT Rayudu,RV Uthappa,JD Unadkat,0,1,1,,,,,,,,
1304079,2022,2022-04-21,"Dr DY Patil Sports Academy, Mumbai",2,8.5,Chennai Super Kings,Mumbai Indians,AT Rayudu,RV Uthappa,JD Unadkat,4,0,,,,,,,,,
1304079,2022,2022-04-21,"Dr DY Patil Sports Academy, Mumbai",2,8.6,Chennai Super Kings,Mumbai Indians,AT Rayudu,RV Uthappa,JD Unadkat,1,0,,,,,,,,,
1304079,2022,2022-04-21,"Dr DY Patil Sports Academy, Mumbai",2,8.7,Chennai Super Kings,Mumbai Indians,RV Uthappa,AT Rayudu,JD Unadkat,0,0,,,,,,caught,RV Uthappa,,
1304079,2022,2022-04-21,"Dr DY Patil Sports Academy, Mumbai",2,9.1,Chennai Super Kings,Mumbai Indians,AT Rayudu,S Dube,HR Shokeen,1,0,,,,,,,,,
1304079,2022,2022-04-21,"Dr DY Patil Sports Academy, Mumbai",2,9.2,Chennai Super Kings,Mumbai Indians,S Dube,AT Rayudu,HR Shokeen,0,0,,,,,,,,,
1304079,2022,2022-04-21,"Dr DY Patil Sports Academy, Mumbai",2,9.3,Chennai Super Kings,Mumbai Indians,S Dube,AT Rayudu,HR Shokeen,0,0,,,,,,,,,
1304079,2022,2022-04-21,"Dr DY Patil Sports Academy, Mumbai",2,9.4,Chennai Super Kings,Mumbai Indians,S Dube,AT Rayudu,HR Shokeen,0,0,,,,,,,,,
1304079,2022,2022-04-21,"Dr DY Patil Sports Academy, Mumbai",2,9.5,Chennai Super Kings,Mumbai Indians,S Dube,AT Rayudu,HR Shokeen,0,0,,,,,,,,,
1304079,2022,2022-04-21,"Dr DY Patil Sports Academy, Mumbai",2,9.6,Chennai Super Kings,Mumbai Indians,S Dube,AT Rayudu,HR Shokeen,1,0,,,,,,,,,
1304079,2022,2022-04-21,"Dr DY Patil Sports Academy, Mumbai",2,10.1,Chennai Super Kings,Mumbai Indians,S Dube,AT Rayudu,RP Meredith,6,0,,,,,,,,,
1304079,2022,2022-04-21,"Dr DY Patil Sports Academy, Mumbai",2,10.2,Chennai Super Kings,Mumbai Indians,S Dube,AT Rayudu,RP Meredith,0,0,,,,,,,,,
1304079,2022,2022-04-21,"Dr DY Patil Sports Academy, Mumbai",2,10.3,Chennai Super Kings,Mumbai Indians,S Dube,AT Rayudu,RP Meredith,2,0,,,,,,,,,
1304079,2022,2022-04-21,"Dr DY Patil Sports Academy, Mumbai",2,10.4,Chennai Super Kings,Mumbai Indians,S Dube,AT Rayudu,RP Meredith,1,0,,,,,,,,,
1304079,2022,2022-04-21,"Dr DY Patil Sports Academy, Mumbai",2,10.5,Chennai Super Kings,Mumbai Indians,AT Rayudu,S Dube,RP Meredith,0,0,,,,,,,,,
1304079,2022,2022-04-21,"Dr DY Patil Sports Academy, Mumbai",2,10.6,Chennai Super Kings,Mumbai Indians,AT Rayudu,S Dube,RP Meredith,0,0,,,,,,,,,
1304079,2022,2022-04-21,"Dr DY Patil Sports Academy, Mumbai",2,11.1,Chennai Super Kings,Mumbai Indians,S Dube,AT Rayudu,HR Shokeen,1,0,,,,,,,,,
1304079,2022,2022-04-21,"Dr DY Patil Sports Academy, Mumbai",2,11.2,Chennai Super Kings,Mumbai Indians,AT Rayudu,S Dube,HR Shokeen,0,0,,,,,,,,,
1304079,2022,2022-04-21,"Dr DY Patil Sports Academy, Mumbai",2,11.3,Chennai Super Kings,Mumbai Indians,AT Rayudu,S Dube,HR Shokeen,0,0,,,,,,,,,
1304079,2022,2022-04-21,"Dr DY Patil Sports Academy, Mumbai",2,11.4,Chennai Super Kings,Mumbai Indians,AT Rayudu,S Dube,HR Shokeen,0,0,,,,,,,,,
1304079,2022,2022-04-21,"Dr DY Patil Sports Academy, Mumbai",2,11.5,Chennai Super Kings,Mumbai Indians,AT Rayudu,S Dube,HR Shokeen,1,0,,,,,,,,,
1304079,2022,2022-04-21,"Dr DY Patil Sports Academy, Mumbai",2,11.6,Chennai Super Kings,Mumbai Indians,S Dube,AT Rayudu,HR Shokeen,0,0,,,,,,,,,
1304079,2022,2022-04-21,"Dr DY Patil Sports Academy, Mumbai",2,12.1,Chennai Super Kings,Mumbai Indians,AT Rayudu,S Dube,DR Sams,6,0,,,,,,,,,
1304079,2022,2022-04-21,"Dr DY Patil Sports Academy, Mumbai",2,12.2,Chennai Super Kings,Mumbai Indians,AT Rayudu,S Dube,DR Sams,1,0,,,,,,,,,
1304079,2022,2022-04-21,"Dr DY Patil Sports Academy, Mumbai",2,12.3,Chennai Super Kings,Mumbai Indians,S Dube,AT Rayudu,DR Sams,0,0,,,,,,,,,
1304079,2022,2022-04-21,"Dr DY Patil Sports Academy, Mumbai",2,12.4,Chennai Super Kings,Mumbai Indians,S Dube,AT Rayudu,DR Sams,2,0,,,,,,,,,
1304079,2022,2022-04-21,"Dr DY Patil Sports Academy, Mumbai",2,12.5,Chennai Super Kings,Mumbai Indians,S Dube,AT Rayudu,DR Sams,0,0,,,,,,caught,S Dube,,
1304079,2022,2022-04-21,"Dr DY Patil Sports Academy, Mumbai",2,12.6,Chennai Super Kings,Mumbai Indians,RA Jadeja,AT Rayudu,DR Sams,0,0,,,,,,,,,
1304079,2022,2022-04-21,"Dr DY Patil Sports Academy, Mumbai",2,13.1,Chennai Super Kings,Mumbai Indians,AT Rayudu,RA Jadeja,HR Shokeen,1,0,,,,,,,,,
1304079,2022,2022-04-21,"Dr DY Patil Sports Academy, Mumbai",2,13.2,Chennai Super Kings,Mumbai Indians,RA Jadeja,AT Rayudu,HR Shokeen,1,0,,,,,,,,,
1304079,2022,2022-04-21,"Dr DY Patil Sports Academy, Mumbai",2,13.3,Chennai Super Kings,Mumbai Indians,AT Rayudu,RA Jadeja,HR Shokeen,2,0,,,,,,,,,
1304079,2022,2022-04-21,"Dr DY Patil Sports Academy, Mumbai",2,13.4,Chennai Super Kings,Mumbai Indians,AT Rayudu,RA Jadeja,HR Shokeen,4,0,,,,,,,,,
1304079,2022,2022-04-21,"Dr DY Patil Sports Academy, Mumbai",2,13.5,Chennai Super Kings,Mumbai Indians,AT Rayudu,RA Jadeja,HR Shokeen,0,1,1,,,,,,,,
1304079,2022,2022-04-21,"Dr DY Patil Sports Academy, Mumbai",2,13.6,Chennai Super Kings,Mumbai Indians,AT Rayudu,RA Jadeja,HR Shokeen,1,0,,,,,,,,,
1304079,2022,2022-04-21,"Dr DY Patil Sports Academy, Mumbai",2,13.7,Chennai Super Kings,Mumbai Indians,RA Jadeja,AT Rayudu,HR Shokeen,0,0,,,,,,,,,
1304079,2022,2022-04-21,"Dr DY Patil Sports Academy, Mumbai",2,14.1,Chennai Super Kings,Mumbai Indians,AT Rayudu,RA Jadeja,DR Sams,1,0,,,,,,,,,
1304079,2022,2022-04-21,"Dr DY Patil Sports Academy, Mumbai",2,14.2,Chennai Super Kings,Mumbai Indians,RA Jadeja,AT Rayudu,DR Sams,1,0,,,,,,,,,
1304079,2022,2022-04-21,"Dr DY Patil Sports Academy, Mumbai",2,14.3,Chennai Super Kings,Mumbai Indians,AT Rayudu,RA Jadeja,DR Sams,1,0,,,,,,,,,
1304079,2022,2022-04-21,"Dr DY Patil Sports Academy, Mumbai",2,14.4,Chennai Super Kings,Mumbai Indians,RA Jadeja,AT Rayudu,DR Sams,1,0,,,,,,,,,
1304079,2022,2022-04-21,"Dr DY Patil Sports Academy, Mumbai",2,14.5,Chennai Super Kings,Mumbai Indians,AT Rayudu,RA Jadeja,DR Sams,0,0,,,,,,caught,AT Rayudu,,
1304079,2022,2022-04-21,"Dr DY Patil Sports Academy, Mumbai",2,14.6,Chennai Super Kings,Mumbai Indians,MS Dhoni,RA Jadeja,DR Sams,1,0,,,,,,,,,
1304079,2022,2022-04-21,"Dr DY Patil Sports Academy, Mumbai",2,15.1,Chennai Super Kings,Mumbai Indians,MS Dhoni,RA Jadeja,RP Meredith,1,0,,,,,,,,,
1304079,2022,2022-04-21,"Dr DY Patil Sports Academy, Mumbai",2,15.2,Chennai Super Kings,Mumbai Indians,RA Jadeja,MS Dhoni,RP Meredith,0,0,,,,,,,,,
1304079,2022,2022-04-21,"Dr DY Patil Sports Academy, Mumbai",2,15.3,Chennai Super Kings,Mumbai Indians,RA Jadeja,MS Dhoni,RP Meredith,0,0,,,,,,,,,
1304079,2022,2022-04-21,"Dr DY Patil Sports Academy, Mumbai",2,15.4,Chennai Super Kings,Mumbai Indians,RA Jadeja,MS Dhoni,RP Meredith,0,1,1,,,,,,,,
1304079,2022,2022-04-21,"Dr DY Patil Sports Academy, Mumbai",2,15.5,Chennai Super Kings,Mumbai Indians,RA Jadeja,MS Dhoni,RP Meredith,0,1,1,,,,,,,,
1304079,2022,2022-04-21,"Dr DY Patil Sports Academy, Mumbai",2,15.6,Chennai Super Kings,Mumbai Indians,RA Jadeja,MS Dhoni,RP Meredith,0,0,,,,,,caught,RA Jadeja,,
1304079,2022,2022-04-21,"Dr DY Patil Sports Academy, Mumbai",2,15.7,Chennai Super Kings,Mumbai Indians,D Pretorius,MS Dhoni,RP Meredith,0,0,,,,,,,,,
1304079,2022,2022-04-21,"Dr DY Patil Sports Academy, Mumbai",2,15.8,Chennai Super Kings,Mumbai Indians,D Pretorius,MS Dhoni,RP Meredith,2,0,,,,,,,,,
1304079,2022,2022-04-21,"Dr DY Patil Sports Academy, Mumbai",2,16.1,Chennai Super Kings,Mumbai Indians,MS Dhoni,D Pretorius,JJ Bumrah,0,1,1,,,,,,,,
1304079,2022,2022-04-21,"Dr DY Patil Sports Academy, Mumbai",2,16.2,Chennai Super Kings,Mumbai Indians,MS Dhoni,D Pretorius,JJ Bumrah,1,0,,,,,,,,,
1304079,2022,2022-04-21,"Dr DY Patil Sports Academy, Mumbai",2,16.3,Chennai Super Kings,Mumbai Indians,D Pretorius,MS Dhoni,JJ Bumrah,0,0,,,,,,,,,
1304079,2022,2022-04-21,"Dr DY Patil Sports Academy, Mumbai",2,16.4,Chennai Super Kings,Mumbai Indians,D Pretorius,MS Dhoni,JJ Bumrah,1,0,,,,,,,,,
1304079,2022,2022-04-21,"Dr DY Patil Sports Academy, Mumbai",2,16.5,Chennai Super Kings,Mumbai Indians,MS Dhoni,D Pretorius,JJ Bumrah,1,0,,,,,,,,,
1304079,2022,2022-04-21,"Dr DY Patil Sports Academy, Mumbai",2,16.6,Chennai Super Kings,Mumbai Indians,D Pretorius,MS Dhoni,JJ Bumrah,1,0,,,,,,,,,
1304079,2022,2022-04-21,"Dr DY Patil Sports Academy, Mumbai",2,16.7,Chennai Super Kings,Mumbai Indians,MS Dhoni,D Pretorius,JJ Bumrah,1,0,,,,,,,,,
1304079,2022,2022-04-21,"Dr DY Patil Sports Academy, Mumbai",2,17.1,Chennai Super Kings,Mumbai Indians,MS Dhoni,D Pretorius,JD Unadkat,1,0,,,,,,,,,
1304079,2022,2022-04-21,"Dr DY Patil Sports Academy, Mumbai",2,17.2,Chennai Super Kings,Mumbai Indians,D Pretorius,MS Dhoni,JD Unadkat,6,0,,,,,,,,,
1304079,2022,2022-04-21,"Dr DY Patil Sports Academy, Mumbai",2,17.3,Chennai Super Kings,Mumbai Indians,D Pretorius,MS Dhoni,JD Unadkat,1,0,,,,,,,,,
1304079,2022,2022-04-21,"Dr DY Patil Sports Academy, Mumbai",2,17.4,Chennai Super Kings,Mumbai Indians,MS Dhoni,D Pretorius,JD Unadkat,4,0,,,,,,,,,
1304079,2022,2022-04-21,"Dr DY Patil Sports Academy, Mumbai",2,17.5,Chennai Super Kings,Mumbai Indians,MS Dhoni,D Pretorius,JD Unadkat,1,0,,,,,,,,,
1304079,2022,2022-04-21,"Dr DY Patil Sports Academy, Mumbai",2,17.6,Chennai Super Kings,Mumbai Indians,D Pretorius,MS Dhoni,JD Unadkat,1,0,,,,,,,,,
1304079,2022,2022-04-21,"Dr DY Patil Sports Academy, Mumbai",2,18.1,Chennai Super Kings,Mumbai Indians,D Pretorius,MS Dhoni,JJ Bumrah,0,0,,,,,,,,,
1304079,2022,2022-04-21,"Dr DY Patil Sports Academy, Mumbai",2,18.2,Chennai Super Kings,Mumbai Indians,D Pretorius,MS Dhoni,JJ Bumrah,4,0,,,,,,,,,
1304079,2022,2022-04-21,"Dr DY Patil Sports Academy, Mumbai",2,18.3,Chennai Super Kings,Mumbai Indians,D Pretorius,MS Dhoni,JJ Bumrah,1,0,,,,,,,,,
1304079,2022,2022-04-21,"Dr DY Patil Sports Academy, Mumbai",2,18.4,Chennai Super Kings,Mumbai Indians,MS Dhoni,D Pretorius,JJ Bumrah,1,0,,,,,,,,,
1304079,2022,2022-04-21,"Dr DY Patil Sports Academy, Mumbai",2,18.5,Chennai Super Kings,Mumbai Indians,D Pretorius,MS Dhoni,JJ Bumrah,4,0,,,,,,,,,
1304079,2022,2022-04-21,"Dr DY Patil Sports Academy, Mumbai",2,18.6,Chennai Super Kings,Mumbai Indians,D Pretorius,MS Dhoni,JJ Bumrah,1,0,,,,,,,,,
1304079,2022,2022-04-21,"Dr DY Patil Sports Academy, Mumbai",2,19.1,Chennai Super Kings,Mumbai Indians,D Pretorius,MS Dhoni,JD Unadkat,0,0,,,,,,lbw,D Pretorius,,
1304079,2022,2022-04-21,"Dr DY Patil Sports Academy, Mumbai",2,19.2,Chennai Super Kings,Mumbai Indians,DJ Bravo,MS Dhoni,JD Unadkat,1,0,,,,,,,,,
1304079,2022,2022-04-21,"Dr DY Patil Sports Academy, Mumbai",2,19.3,Chennai Super Kings,Mumbai Indians,MS Dhoni,DJ Bravo,JD Unadkat,6,0,,,,,,,,,
1304079,2022,2022-04-21,"Dr DY Patil Sports Academy, Mumbai",2,19.4,Chennai Super Kings,Mumbai Indians,MS Dhoni,DJ Bravo,JD Unadkat,4,0,,,,,,,,,
1304079,2022,2022-04-21,"Dr DY Patil Sports Academy, Mumbai",2,19.5,Chennai Super Kings,Mumbai Indians,MS Dhoni,DJ Bravo,JD Unadkat,2,0,,,,,,,,,
1304079,2022,2022-04-21,"Dr DY Patil Sports Academy, Mumbai",2,19.6,Chennai Super Kings,Mumbai Indians,MS Dhoni,DJ Bravo,JD Unadkat,4,0,,,,,,,,,
