match_id,season,start_date,venue,innings,ball,batting_team,bowling_team,striker,non_striker,bowler,runs_off_bat,extras,wides,noballs,byes,legbyes,penalty,wicket_type,player_dismissed,other_wicket_type,other_player_dismissed
1304064,2022,2022-04-09,"Maharashtra Cricket Association Stadium, Pune",1,0.1,Mumbai Indians,Royal Challengers Bangalore,Ishan Kishan,RG Sharma,DJ Willey,0,0,,,,,,,,,
1304064,2022,2022-04-09,"Maharashtra Cricket Association Stadium, Pune",1,0.2,Mumbai Indians,Royal Challengers Bangalore,Ishan Kishan,RG Sharma,DJ Willey,0,0,,,,,,,,,
1304064,2022,2022-04-09,"Maharashtra Cricket Association Stadium, Pune",1,0.3,Mumbai Indians,Royal Challengers Bangalore,Ishan Kishan,RG Sharma,DJ Willey,0,0,,,,,,,,,
1304064,2022,2022-04-09,"Maharashtra Cricket Association Stadium, Pune",1,0.4,Mumbai Indians,Royal Challengers Bangalore,Ishan Kishan,RG Sharma,DJ Willey,1,0,,,,,,,,,
1304064,2022,2022-04-09,"Maharashtra Cricket Association Stadium, Pune",1,0.5,Mumbai Indians,Royal Challengers Bangalore,RG Sharma,Ishan Kishan,DJ Willey,0,0,,,,,,,,,
1304064,2022,2022-04-09,"Maharashtra Cricket Association Stadium, Pune",1,0.6,Mumbai Indians,Royal Challengers Bangalore,RG Sharma,Ishan Kishan,DJ Willey,0,0,,,,,,,,,
1304064,2022,2022-04-09,"Maharashtra Cricket Association Stadium, Pune",1,1.1,Mumbai Indians,Royal Challengers Bangalore,Ishan Kishan,RG Sharma,Mohammed Siraj,0,0,,,,,,,,,
1304064,2022,2022-04-09,"Maharashtra Cricket Association Stadium, Pune",1,1.2,Mumbai Indians,Royal Challengers Bangalore,Ishan Kishan,RG Sharma,Mohammed Siraj,0,0,,,,,,,,,
1304064,2022,2022-04-09,"Maharashtra Cricket Association Stadium, Pune",1,1.3,Mumbai Indians,Royal Challengers Bangalore,Ishan Kishan,RG Sharma,Mohammed Siraj,0,0,,,,,,,,,
1304064,2022,2022-04-09,"Maharashtra Cricket Association Stadium, Pune",1,1.4,Mumbai Indians,Royal Challengers Bangalore,Ishan Kishan,RG Sharma,Mohammed Siraj,1,0,,,,,,,,,
1304064,2022,2022-04-09,"Maharashtra Cricket Association Stadium, Pune",1,1.5,Mumbai Indians,Royal Challengers Bangalore,RG Sharma,Ishan Kishan,Mohammed Siraj,4,0,,,,,,,,,
1304064,2022,2022-04-09,"Maharashtra Cricket Association Stadium, Pune",1,1.6,Mumbai Indians,Royal Challengers Bangalore,RG Sharma,Ishan Kishan,Mohammed Siraj,0,0,,,,,,,,,
1304064,2022,2022-04-09,"Maharashtra Cricket Association Stadium, Pune",1,2.1,Mumbai Indians,Royal Challengers Bangalore,Ishan Kishan,RG Sharma,DJ Willey,2,0,,,,,,,,,
1304064,2022,2022-04-09,"Maharashtra Cricket Association Stadium, Pune",1,2.2,Mumbai Indians,Royal Challengers Bangalore,Ishan Kishan,RG Sharma,DJ Willey,4,0,,,,,,,,,
1304064,2022,2022-04-09,"Maharashtra Cricket Association Stadium, Pune",1,2.3,Mumbai Indians,Royal Challengers Bangalore,Ishan Kishan,RG Sharma,DJ Willey,0,0,,,,,,,,,
1304064,2022,2022-04-09,"Maharashtra Cricket Association Stadium, Pune",1,2.4,Mumbai Indians,Royal Challengers Bangalore,Ishan Kishan,RG Sharma,DJ Willey,0,0,,,,,,,,,
1304064,2022,2022-04-09,"Maharashtra Cricket Association Stadium, Pune",1,2.5,Mumbai Indians,Royal Challengers Bangalore,Ishan Kishan,RG Sharma,DJ Willey,1,0,,,,,,,,,
1304064,2022,2022-04-09,"Maharashtra Cricket Association Stadium, Pune",1,2.6,Mumbai Indians,Royal Challengers Bangalore,RG Sharma,Ishan Kishan,DJ Willey,0,0,,,,,,,,,
1304064,2022,2022-04-09,"Maharashtra Cricket Association Stadium, Pune",1,3.1,Mumbai Indians,Royal Challengers Bangalore,Ishan Kishan,RG Sharma,Mohammed Siraj,0,0,,,,,,,,,
1304064,2022,2022-04-09,"Maharashtra Cricket Association Stadium, Pune",1,3.2,Mumbai Indians,Royal Challengers Bangalore,Ishan Kishan,RG Sharma,Mohammed Siraj,3,0,,,,,,,,,
1304064,2022,2022-04-09,"Maharashtra Cricket Association Stadium, Pune",1,3.3,Mumbai Indians,Royal Challengers Bangalore,RG Sharma,Ishan Kishan,Mohammed Siraj,6,0,,,,,,,,,
1304064,2022,2022-04-09,"Maharashtra Cricket Association Stadium, Pune",1,3.4,Mumbai Indians,Royal Challengers Bangalore,RG Sharma,Ishan Kishan,Mohammed Siraj,2,0,,,,,,,,,
1304064,2022,2022-04-09,"Maharashtra Cricket Association Stadium, Pune",1,3.5,Mumbai Indians,Royal Challengers Bangalore,RG Sharma,Ishan Kishan,Mohammed Siraj,4,0,,,,,,,,,
1304064,2022,2022-04-09,"Maharashtra Cricket Association Stadium, Pune",1,3.6,Mumbai Indians,Royal Challengers Bangalore,RG Sharma,Ishan Kishan,Mohammed Siraj,0,1,1,,,,,,,,
1304064,2022,2022-04-09,"Maharashtra Cricket Association Stadium, Pune",1,3.7,Mumbai Indians,Royal Challengers Bangalore,RG Sharma,Ishan Kishan,Mohammed Siraj,0,0,,,,,,,,,
1304064,2022,2022-04-09,"Maharashtra Cricket Association Stadium, Pune",1,4.1,Mumbai Indians,Royal Challengers Bangalore,Ishan Kishan,RG Sharma,PWH de Silva,4,0,,,,,,,,,
1304064,2022,2022-04-09,"Maharashtra Cricket Association Stadium, Pune",1,4.2,Mumbai Indians,Royal Challengers Bangalore,Ishan Kishan,RG Sharma,PWH de Silva,4,0,,,,,,,,,
1304064,2022,2022-04-09,"Maharashtra Cricket Association Stadium, Pune",1,4.3,Mumbai Indians,Royal Challengers Bangalore,Ishan Kishan,RG Sharma,PWH de Silva,0,0,,,,,,,,,
1304064,2022,2022-04-09,"Maharashtra Cricket Association Stadium, Pune",1,4.4,Mumbai Indians,Royal Challengers Bangalore,Ishan Kishan,RG Sharma,PWH de Silva,1,0,,,,,,,,,
1304064,2022,2022-04-09,"Maharashtra Cricket Association Stadium, Pune",1,4.5,Mumbai Indians,Royal Challengers Bangalore,RG Sharma,Ishan Kishan,PWH de Silva,4,0,,,,,,,,,
1304064,2022,2022-04-09,"Maharashtra Cricket Association Stadium, Pune",1,4.6,Mumbai Indians,Royal Challengers Bangalore,RG Sharma,Ishan Kishan,PWH de Silva,0,0,,,,,,,,,
1304064,2022,2022-04-09,"Maharashtra Cricket Association Stadium, Pune",1,5.1,Mumbai Indians,Royal Challengers Bangalore,Ishan Kishan,RG Sharma,Akash Deep,0,0,,,,,,,,,
1304064,2022,2022-04-09,"Maharashtra Cricket Association Stadium, Pune",1,5.2,Mumbai Indians,Royal Challengers Bangalore,Ishan Kishan,RG Sharma,Akash Deep,0,0,,,,,,,,,
1304064,2022,2022-04-09,"Maharashtra Cricket Association Stadium, Pune",1,5.3,Mumbai Indians,Royal Challengers Bangalore,Ishan Kishan,RG Sharma,Akash Deep,1,0,,,,,,,,,
1304064,2022,2022-04-09,"Maharashtra Cricket Association Stadium, Pune",1,5.4,Mumbai Indians,Royal Challengers Bangalore,RG Sharma,Ishan Kishan,Akash Deep,0,0,,,,,,,,,
1304064,2022,2022-04-09,"Maharashtra Cricket Association Stadium, Pune",1,5.5,Mumbai Indians,Royal Challengers Bangalore,RG Sharma,Ishan Kishan,Akash Deep,2,0,,,,,,,,,
1304064,2022,2022-04-09,"Maharashtra Cricket Association Stadium, Pune",1,5.6,Mumbai Indians,Royal Challengers Bangalore,RG Sharma,Ishan Kishan,Akash Deep,4,0,,,,,,,,,
1304064,2022,2022-04-09,"Maharashtra Cricket Association Stadium, Pune",1,6.1,Mumbai Indians,Royal Challengers Bangalore,Ishan Kishan,RG Sharma,HV Patel,1,0,,,,,,,,,
1304064,2022,2022-04-09,"Maharashtra Cricket Association Stadium, Pune",1,6.2,Mumbai Indians,Royal Challengers Bangalore,RG Sharma,Ishan Kishan,HV Patel,0,0,,,,,,caught and bowled,RG Sharma,,
1304064,2022,2022-04-09,"Maharashtra Cricket Association Stadium, Pune",1,6.3,Mumbai Indians,Royal Challengers Bangalore,D Brevis,Ishan Kishan,HV Patel,0,0,,,,,,,,,
1304064,2022,2022-04-09,"Maharashtra Cricket Association Stadium, Pune",1,6.4,Mumbai Indians,Royal Challengers Bangalore,D Brevis,Ishan Kishan,HV Patel,0,0,,,,,,,,,
1304064,2022,2022-04-09,"Maharashtra Cricket Association Stadium, Pune",1,6.5,Mumbai Indians,Royal Challengers Bangalore,D Brevis,Ishan Kishan,HV Patel,0,0,,,,,,,,,
1304064,2022,2022-04-09,"Maharashtra Cricket Association Stadium, Pune",1,6.6,Mumbai Indians,Royal Challengers Bangalore,D Brevis,Ishan Kishan,HV Patel,1,0,,,,,,,,,
1304064,2022,2022-04-09,"Maharashtra Cricket Association Stadium, Pune",1,7.1,Mumbai Indians,Royal Challengers Bangalore,D Brevis,Ishan Kishan,Akash Deep,4,0,,,,,,,,,
1304064,2022,2022-04-09,"Maharashtra Cricket Association Stadium, Pune",1,7.2,Mumbai Indians,Royal Challengers Bangalore,D Brevis,Ishan Kishan,Akash Deep,1,0,,,,,,,,,
1304064,2022,2022-04-09,"Maharashtra Cricket Association Stadium, Pune",1,7.3,Mumbai Indians,Royal Challengers Bangalore,Ishan Kishan,D Brevis,Akash Deep,1,0,,,,,,,,,
1304064,2022,2022-04-09,"Maharashtra Cricket Association Stadium, Pune",1,7.4,Mumbai Indians,Royal Challengers Bangalore,D Brevis,Ishan Kishan,Akash Deep,0,0,,,,,,,,,
1304064,2022,2022-04-09,"Maharashtra Cricket Association Stadium, Pune",1,7.5,Mumbai Indians,Royal Challengers Bangalore,D Brevis,Ishan Kishan,Akash Deep,0,0,,,,,,,,,
1304064,2022,2022-04-09,"Maharashtra Cricket Association Stadium, Pune",1,7.6,Mumbai Indians,Royal Challengers Bangalore,D Brevis,Ishan Kishan,Akash Deep,1,0,,,,,,,,,
1304064,2022,2022-04-09,"Maharashtra Cricket Association Stadium, Pune",1,8.1,Mumbai Indians,Royal Challengers Bangalore,D Brevis,Ishan Kishan,PWH de Silva,1,0,,,,,,,,,
1304064,2022,2022-04-09,"Maharashtra Cricket Association Stadium, Pune",1,8.2,Mumbai Indians,Royal Challengers Bangalore,Ishan Kishan,D Brevis,PWH de Silva,1,0,,,,,,,,,
1304064,2022,2022-04-09,"Maharashtra Cricket Association Stadium, Pune",1,8.3,Mumbai Indians,Royal Challengers Bangalore,D Brevis,Ishan Kishan,PWH de Silva,0,0,,,,,,lbw,D Brevis,,
1304064,2022,2022-04-09,"Maharashtra Cricket Association Stadium, Pune",1,8.4,Mumbai Indians,Royal Challengers Bangalore,SA Yadav,Ishan Kishan,PWH de Silva,1,0,,,,,,,,,
1304064,2022,2022-04-09,"Maharashtra Cricket Association Stadium, Pune",1,8.5,Mumbai Indians,Royal Challengers Bangalore,Ishan Kishan,SA Yadav,PWH de Silva,1,0,,,,,,,,,
1304064,2022,2022-04-09,"Maharashtra Cricket Association Stadium, Pune",1,8.6,Mumbai Indians,Royal Challengers Bangalore,SA Yadav,Ishan Kishan,PWH de Silva,0,0,,,,,,,,,
1304064,2022,2022-04-09,"Maharashtra Cricket Association Stadium, Pune",1,9.1,Mumbai Indians,Royal Challengers Bangalore,Ishan Kishan,SA Yadav,Akash Deep,0,0,,,,,,,,,
1304064,2022,2022-04-09,"Maharashtra Cricket Association Stadium, Pune",1,9.2,Mumbai Indians,Royal Challengers Bangalore,Ishan Kishan,SA Yadav,Akash Deep,0,0,,,,,,caught,Ishan Kishan,,
1304064,2022,2022-04-09,"Maharashtra Cricket Association Stadium, Pune",1,9.3,Mumbai Indians,Royal Challengers Bangalore,Tilak Varma,SA Yadav,Akash Deep,0,0,,,,,,,,,
1304064,2022,2022-04-09,"Maharashtra Cricket Association Stadium, Pune",1,9.4,Mumbai Indians,Royal Challengers Bangalore,Tilak Varma,SA Yadav,Akash Deep,0,0,,,,,,,,,
1304064,2022,2022-04-09,"Maharashtra Cricket Association Stadium, Pune",1,9.5,Mumbai Indians,Royal Challengers Bangalore,Tilak Varma,SA Yadav,Akash Deep,0,0,,,,,,run out,Tilak Varma,,
1304064,2022,2022-04-09,"Maharashtra Cricket Association Stadium, Pune",1,9.6,Mumbai Indians,Royal Challengers Bangalore,SA Yadav,KA Pollard,Akash Deep,0,0,,,,,,,,,
1304064,2022,2022-04-09,"Maharashtra Cricket Association Stadium, Pune",1,10.1,Mumbai Indians,Royal Challengers Bangalore,KA Pollard,SA Yadav,PWH de Silva,0,0,,,,,,lbw,KA Pollard,,
1304064,2022,2022-04-09,"Maharashtra Cricket Association Stadium, Pune",1,10.2,Mumbai Indians,Royal Challengers Bangalore,Ramandeep Singh,SA Yadav,PWH de Silva,0,0,,,,,,,,,
1304064,2022,2022-04-09,"Maharashtra Cricket Association Stadium, Pune",1,10.3,Mumbai Indians,Royal Challengers Bangalore,Ramandeep Singh,SA Yadav,PWH de Silva,0,0,,,,,,,,,
1304064,2022,2022-04-09,"Maharashtra Cricket Association Stadium, Pune",1,10.4,Mumbai Indians,Royal Challengers Bangalore,Ramandeep Singh,SA Yadav,PWH de Silva,0,0,,,,,,,,,
1304064,2022,2022-04-09,"Maharashtra Cricket Association Stadium, Pune",1,10.5,Mumbai Indians,Royal Challengers Bangalore,Ramandeep Singh,SA Yadav,PWH de Silva,1,0,,,,,,,,,
1304064,2022,2022-04-09,"Maharashtra Cricket Association Stadium, Pune",1,10.6,Mumbai Indians,Royal Challengers Bangalore,SA Yadav,Ramandeep Singh,PWH de Silva,1,0,,,,,,,,,
1304064,2022,2022-04-09,"Maharashtra Cricket Association Stadium, Pune",1,11.1,Mumbai Indians,Royal Challengers Bangalore,SA Yadav,Ramandeep Singh,Akash Deep,1,0,,,,,,,,,
1304064,2022,2022-04-09,"Maharashtra Cricket Association Stadium, Pune",1,11.2,Mumbai Indians,Royal Challengers Bangalore,Ramandeep Singh,SA Yadav,Akash Deep,0,0,,,,,,,,,
1304064,2022,2022-04-09,"Maharashtra Cricket Association Stadium, Pune",1,11.3,Mumbai Indians,Royal Challengers Bangalore,Ramandeep Singh,SA Yadav,Akash Deep,0,0,,,,,,,,,
1304064,2022,2022-04-09,"Maharashtra Cricket Association Stadium, Pune",1,11.4,Mumbai Indians,Royal Challengers Bangalore,Ramandeep Singh,SA Yadav,Akash Deep,0,0,,,,,,,,,
1304064,2022,2022-04-09,"Maharashtra Cricket Association Stadium, Pune",1,11.5,Mumbai Indians,Royal Challengers Bangalore,Ramandeep Singh,SA Yadav,Akash Deep,1,0,,,,,,,,,
1304064,2022,2022-04-09,"Maharashtra Cricket Association Stadium, Pune",1,11.6,Mumbai Indians,Royal Challengers Bangalore,SA Yadav,Ramandeep Singh,Akash Deep,4,0,,,,,,,,,
1304064,2022,2022-04-09,"Maharashtra Cricket Association Stadium, Pune",1,12.1,Mumbai Indians,Royal Challengers Bangalore,Ramandeep Singh,SA Yadav,Shahbaz Ahmed,1,0,,,,,,,,,
1304064,2022,2022-04-09,"Maharashtra Cricket Association Stadium, Pune",1,12.2,Mumbai Indians,Royal Challengers Bangalore,SA Yadav,Ramandeep Singh,Shahbaz Ahmed,0,0,,,,,,,,,
1304064,2022,2022-04-09,"Maharashtra Cricket Association Stadium, Pune",1,12.3,Mumbai Indians,Royal Challengers Bangalore,SA Yadav,Ramandeep Singh,Shahbaz Ahmed,0,0,,,,,,,,,
1304064,2022,2022-04-09,"Maharashtra Cricket Association Stadium, Pune",1,12.4,Mumbai Indians,Royal Challengers Bangalore,SA Yadav,Ramandeep Singh,Shahbaz Ahmed,1,0,,,,,,,,,
1304064,2022,2022-04-09,"Maharashtra Cricket Association Stadium, Pune",1,12.5,Mumbai Indians,Royal Challengers Bangalore,Ramandeep Singh,SA Yadav,Shahbaz Ahmed,1,0,,,,,,,,,
1304064,2022,2022-04-09,"Maharashtra Cricket Association Stadium, Pune",1,12.6,Mumbai Indians,Royal Challengers Bangalore,SA Yadav,Ramandeep Singh,Shahbaz Ahmed,4,0,,,,,,,,,
1304064,2022,2022-04-09,"Maharashtra Cricket Association Stadium, Pune",1,13.1,Mumbai Indians,Royal Challengers Bangalore,Ramandeep Singh,SA Yadav,HV Patel,2,0,,,,,,,,,
1304064,2022,2022-04-09,"Maharashtra Cricket Association Stadium, Pune",1,13.2,Mumbai Indians,Royal Challengers Bangalore,Ramandeep Singh,SA Yadav,HV Patel,0,0,,,,,,caught,Ramandeep Singh,,
1304064,2022,2022-04-09,"Maharashtra Cricket Association Stadium, Pune",1,13.3,Mumbai Indians,Royal Challengers Bangalore,JD Unadkat,SA Yadav,HV Patel,1,0,,,,,,,,,
1304064,2022,2022-04-09,"Maharashtra Cricket Association Stadium, Pune",1,13.4,Mumbai Indians,Royal Challengers Bangalore,SA Yadav,JD Unadkat,HV Patel,0,0,,,,,,,,,
1304064,2022,2022-04-09,"Maharashtra Cricket Association Stadium, Pune",1,13.5,Mumbai Indians,Royal Challengers Bangalore,SA Yadav,JD Unadkat,HV Patel,0,0,,,,,,,,,
1304064,2022,2022-04-09,"Maharashtra Cricket Association Stadium, Pune",1,13.6,Mumbai Indians,Royal Challengers Bangalore,SA Yadav,JD Unadkat,HV Patel,0,0,,,,,,,,,
1304064,2022,2022-04-09,"Maharashtra Cricket Association Stadium, Pune",1,14.1,Mumbai Indians,Royal Challengers Bangalore,JD Unadkat,SA Yadav,Shahbaz Ahmed,0,0,,,,,,,,,
1304064,2022,2022-04-09,"Maharashtra Cricket Association Stadium, Pune",1,14.2,Mumbai Indians,Royal Challengers Bangalore,JD Unadkat,SA Yadav,Shahbaz Ahmed,1,0,,,,,,,,,
1304064,2022,2022-04-09,"Maharashtra Cricket Association Stadium, Pune",1,14.3,Mumbai Indians,Royal Challengers Bangalore,SA Yadav,JD Unadkat,Shahbaz Ahmed,6,0,,,,,,,,,
1304064,2022,2022-04-09,"Maharashtra Cricket Association Stadium, Pune",1,14.4,Mumbai Indians,Royal Challengers Bangalore,SA Yadav,JD Unadkat,Shahbaz Ahmed,0,0,,,,,,,,,
1304064,2022,2022-04-09,"Maharashtra Cricket Association Stadium, Pune",1,14.5,Mumbai Indians,Royal Challengers Bangalore,SA Yadav,JD Unadkat,Shahbaz Ahmed,4,0,,,,,,,,,
1304064,2022,2022-04-09,"Maharashtra Cricket Association Stadium, Pune",1,14.6,Mumbai Indians,Royal Challengers Bangalore,SA Yadav,JD Unadkat,Shahbaz Ahmed,1,0,,,,,,,,,
1304064,2022,2022-04-09,"Maharashtra Cricket Association Stadium, Pune",1,15.1,Mumbai Indians,Royal Challengers Bangalore,SA Yadav,JD Unadkat,Mohammed Siraj,4,0,,,,,,,,,
1304064,2022,2022-04-09,"Maharashtra Cricket Association Stadium, Pune",1,15.2,Mumbai Indians,Royal Challengers Bangalore,SA Yadav,JD Unadkat,Mohammed Siraj,0,0,,,,,,,,,
1304064,2022,2022-04-09,"Maharashtra Cricket Association Stadium, Pune",1,15.3,Mumbai Indians,Royal Challengers Bangalore,SA Yadav,JD Unadkat,Mohammed Siraj,1,0,,,,,,,,,
1304064,2022,2022-04-09,"Maharashtra Cricket Association Stadium, Pune",1,15.4,Mumbai Indians,Royal Challengers Bangalore,JD Unadkat,SA Yadav,Mohammed Siraj,2,0,,,,,,,,,
1304064,2022,2022-04-09,"Maharashtra Cricket Association Stadium, Pune",1,15.5,Mumbai Indians,Royal Challengers Bangalore,JD Unadkat,SA Yadav,Mohammed Siraj,0,0,,,,,,,,,
1304064,2022,2022-04-09,"Maharashtra Cricket Association Stadium, Pune",1,15.6,Mumbai Indians,Royal Challengers Bangalore,JD Unadkat,SA Yadav,Mohammed Siraj,0,0,,,,,,,,,
1304064,2022,2022-04-09,"Maharashtra Cricket Association Stadium, Pune",1,16.1,Mumbai Indians,Royal Challengers Bangalore,SA Yadav,JD Unadkat,PWH de Silva,0,0,,,,,,,,,
1304064,2022,2022-04-09,"Maharashtra Cricket Association Stadium, Pune",1,16.2,Mumbai Indians,Royal Challengers Bangalore,SA Yadav,JD Unadkat,PWH de Silva,1,0,,,,,,,,,
1304064,2022,2022-04-09,"Maharashtra Cricket Association Stadium, Pune",1,16.3,Mumbai Indians,Royal Challengers Bangalore,JD Unadkat,SA Yadav,PWH de Silva,1,0,,,,,,,,,
1304064,2022,2022-04-09,"Maharashtra Cricket Association Stadium, Pune",1,16.4,Mumbai Indians,Royal Challengers Bangalore,SA Yadav,JD Unadkat,PWH de Silva,6,0,,,,,,,,,
1304064,2022,2022-04-09,"Maharashtra Cricket Association Stadium, Pune",1,16.5,Mumbai Indians,Royal Challengers Bangalore,SA Yadav,JD Unadkat,PWH de Silva,1,0,,,,,,,,,
1304064,2022,2022-04-09,"Maharashtra Cricket Association Stadium, Pune",1,16.6,Mumbai Indians,Royal Challengers Bangalore,JD Unadkat,SA Yadav,PWH de Silva,0,0,,,,,,,,,
1304064,2022,2022-04-09,"Maharashtra Cricket Association Stadium, Pune",1,17.1,Mumbai Indians,Royal Challengers Bangalore,SA Yadav,JD Unadkat,HV Patel,0,2,,,,2,,,,,
1304064,2022,2022-04-09,"Maharashtra Cricket Association Stadium, Pune",1,17.2,Mumbai Indians,Royal Challengers Bangalore,SA Yadav,JD Unadkat,HV Patel,0,0,,,,,,,,,
1304064,2022,2022-04-09,"Maharashtra Cricket Association Stadium, Pune",1,17.3,Mumbai Indians,Royal Challengers Bangalore,SA Yadav,JD Unadkat,HV Patel,4,0,,,,,,,,,
1304064,2022,2022-04-09,"Maharashtra Cricket Association Stadium, Pune",1,17.4,Mumbai Indians,Royal Challengers Bangalore,SA Yadav,JD Unadkat,HV Patel,1,0,,,,,,,,,
1304064,2022,2022-04-09,"Maharashtra Cricket Association Stadium, Pune",1,17.5,Mumbai Indians,Royal Challengers Bangalore,JD Unadkat,SA Yadav,HV Patel,4,0,,,,,,,,,
1304064,2022,2022-04-09,"Maharashtra Cricket Association Stadium, Pune",1,17.6,Mumbai Indians,Royal Challengers Bangalore,JD Unadkat,SA Yadav,HV Patel,2,0,,,,,,,,,
1304064,2022,2022-04-09,"Maharashtra Cricket Association Stadium, Pune",1,18.1,Mumbai Indians,Royal Challengers Bangalore,SA Yadav,JD Unadkat,Mohammed Siraj,6,0,,,,,,,,,
1304064,2022,2022-04-09,"Maharashtra Cricket Association Stadium, Pune",1,18.2,Mumbai Indians,Royal Challengers Bangalore,SA Yadav,JD Unadkat,Mohammed Siraj,2,1,,1,,,,,,,
1304064,2022,2022-04-09,"Maharashtra Cricket Association Stadium, Pune",1,18.3,Mumbai Indians,Royal Challengers Bangalore,SA Yadav,JD Unadkat,Mohammed Siraj,0,0,,,,,,,,,
1304064,2022,2022-04-09,"Maharashtra Cricket Association Stadium, Pune",1,18.4,Mumbai Indians,Royal Challengers Bangalore,SA Yadav,JD Unadkat,Mohammed Siraj,1,0,,,,,,,,,
1304064,2022,2022-04-09,"Maharashtra Cricket Association Stadium, Pune",1,18.5,Mumbai Indians,Royal Challengers Bangalore,JD Unadkat,SA Yadav,Mohammed Siraj,1,0,,,,,,,,,
1304064,2022,2022-04-09,"Maharashtra Cricket Association Stadium, Pune",1,18.6,Mumbai Indians,Royal Challengers Bangalore,SA Yadav,JD Unadkat,Mohammed Siraj,6,0,,,,,,,,,
1304064,2022,2022-04-09,"Maharashtra Cricket Association Stadium, Pune",1,18.7,Mumbai Indians,Royal Challengers Bangalore,SA Yadav,JD Unadkat,Mohammed Siraj,6,0,,,,,,,,,
1304064,2022,2022-04-09,"Maharashtra Cricket Association Stadium, Pune",1,19.1,Mumbai Indians,Royal Challengers Bangalore,JD Unadkat,SA Yadav,HV Patel,0,0,,,,,,,,,
1304064,2022,2022-04-09,"Maharashtra Cricket Association Stadium, Pune",1,19.2,Mumbai Indians,Royal Challengers Bangalore,JD Unadkat,SA Yadav,HV Patel,0,0,,,,,,,,,
1304064,2022,2022-04-09,"Maharashtra Cricket Association Stadium, Pune",1,19.3,Mumbai Indians,Royal Challengers Bangalore,JD Unadkat,SA Yadav,HV Patel,1,0,,,,,,,,,
1304064,2022,2022-04-09,"Maharashtra Cricket Association Stadium, Pune",1,19.4,Mumbai Indians,Royal Challengers Bangalore,SA Yadav,JD Unadkat,HV Patel,0,0,,,,,,,,,
1304064,2022,2022-04-09,"Maharashtra Cricket Association Stadium, Pune",1,19.5,Mumbai Indians,Royal Challengers Bangalore,SA Yadav,JD Unadkat,HV Patel,0,0,,,,,,,,,
1304064,2022,2022-04-09,"Maharashtra Cricket Association Stadium, Pune",1,19.6,Mumbai Indians,Royal Challengers Bangalore,SA Yadav,JD Unadkat,HV Patel,6,0,,,,,,,,,
1304064,2022,2022-04-09,"Maharashtra Cricket Association Stadium, Pune",2,0.1,Royal Challengers Bangalore,Mumbai Indians,F du Plessis,Anuj Rawat,Basil Thampi,0,0,,,,,,,,,
1304064,2022,2022-04-09,"Maharashtra Cricket Association Stadium, Pune",2,0.2,Royal Challengers Bangalore,Mumbai Indians,F du Plessis,Anuj Rawat,Basil Thampi,0,0,,,,,,,,,
1304064,2022,2022-04-09,"Maharashtra Cricket Association Stadium, Pune",2,0.3,Royal Challengers Bangalore,Mumbai Indians,F du Plessis,Anuj Rawat,Basil Thampi,0,0,,,,,,,,,
1304064,2022,2022-04-09,"Maharashtra Cricket Association Stadium, Pune",2,0.4,Royal Challengers Bangalore,Mumbai Indians,F du Plessis,Anuj Rawat,Basil Thampi,0,1,,,,1,,,,,
1304064,2022,2022-04-09,"Maharashtra Cricket Association Stadium, Pune",2,0.5,Royal Challengers Bangalore,Mumbai Indians,Anuj Rawat,F du Plessis,Basil Thampi,0,0,,,,,,,,,
1304064,2022,2022-04-09,"Maharashtra Cricket Association Stadium, Pune",2,0.6,Royal Challengers Bangalore,Mumbai Indians,Anuj Rawat,F du Plessis,Basil Thampi,0,0,,,,,,,,,
1304064,2022,2022-04-09,"Maharashtra Cricket Association Stadium, Pune",2,1.1,Royal Challengers Bangalore,Mumbai Indians,F du Plessis,Anuj Rawat,JD Unadkat,1,0,,,,,,,,,
1304064,2022,2022-04-09,"Maharashtra Cricket Association Stadium, Pune",2,1.2,Royal Challengers Bangalore,Mumbai Indians,Anuj Rawat,F du Plessis,JD Unadkat,0,0,,,,,,,,,
1304064,2022,2022-04-09,"Maharashtra Cricket Association Stadium, Pune",2,1.3,Royal Challengers Bangalore,Mumbai Indians,Anuj Rawat,F du Plessis,JD Unadkat,0,0,,,,,,,,,
1304064,2022,2022-04-09,"Maharashtra Cricket Association Stadium, Pune",2,1.4,Royal Challengers Bangalore,Mumbai Indians,Anuj Rawat,F du Plessis,JD Unadkat,6,0,,,,,,,,,
1304064,2022,2022-04-09,"Maharashtra Cricket Association Stadium, Pune",2,1.5,Royal Challengers Bangalore,Mumbai Indians,Anuj Rawat,F du Plessis,JD Unadkat,6,0,,,,,,,,,
1304064,2022,2022-04-09,"Maharashtra Cricket Association Stadium, Pune",2,1.6,Royal Challengers Bangalore,Mumbai Indians,Anuj Rawat,F du Plessis,JD Unadkat,0,0,,,,,,,,,
1304064,2022,2022-04-09,"Maharashtra Cricket Association Stadium, Pune",2,2.1,Royal Challengers Bangalore,Mumbai Indians,F du Plessis,Anuj Rawat,JJ Bumrah,1,0,,,,,,,,,
1304064,2022,2022-04-09,"Maharashtra Cricket Association Stadium, Pune",2,2.2,Royal Challengers Bangalore,Mumbai Indians,Anuj Rawat,F du Plessis,JJ Bumrah,2,0,,,,,,,,,
1304064,2022,2022-04-09,"Maharashtra Cricket Association Stadium, Pune",2,2.3,Royal Challengers Bangalore,Mumbai Indians,Anuj Rawat,F du Plessis,JJ Bumrah,0,1,,,,1,,,,,
1304064,2022,2022-04-09,"Maharashtra Cricket Association Stadium, Pune",2,2.4,Royal Challengers Bangalore,Mumbai Indians,F du Plessis,Anuj Rawat,JJ Bumrah,1,0,,,,,,,,,
1304064,2022,2022-04-09,"Maharashtra Cricket Association Stadium, Pune",2,2.5,Royal Challengers Bangalore,Mumbai Indians,Anuj Rawat,F du Plessis,JJ Bumrah,0,1,,,,1,,,,,
1304064,2022,2022-04-09,"Maharashtra Cricket Association Stadium, Pune",2,2.6,Royal Challengers Bangalore,Mumbai Indians,F du Plessis,Anuj Rawat,JJ Bumrah,1,0,,,,,,,,,
1304064,2022,2022-04-09,"Maharashtra Cricket Association Stadium, Pune",2,3.1,Royal Challengers Bangalore,Mumbai Indians,F du Plessis,Anuj Rawat,Basil Thampi,0,1,1,,,,,,,,
1304064,2022,2022-04-09,"Maharashtra Cricket Association Stadium, Pune",2,3.2,Royal Challengers Bangalore,Mumbai Indians,F du Plessis,Anuj Rawat,Basil Thampi,1,0,,,,,,,,,
1304064,2022,2022-04-09,"Maharashtra Cricket Association Stadium, Pune",2,3.3,Royal Challengers Bangalore,Mumbai Indians,Anuj Rawat,F du Plessis,Basil Thampi,0,0,,,,,,,,,
1304064,2022,2022-04-09,"Maharashtra Cricket Association Stadium, Pune",2,3.4,Royal Challengers Bangalore,Mumbai Indians,Anuj Rawat,F du Plessis,Basil Thampi,0,0,,,,,,,,,
1304064,2022,2022-04-09,"Maharashtra Cricket Association Stadium, Pune",2,3.5,Royal Challengers Bangalore,Mumbai Indians,Anuj Rawat,F du Plessis,Basil Thampi,1,0,,,,,,,,,
1304064,2022,2022-04-09,"Maharashtra Cricket Association Stadium, Pune",2,3.6,Royal Challengers Bangalore,Mumbai Indians,F du Plessis,Anuj Rawat,Basil Thampi,1,0,,,,,,,,,
1304064,2022,2022-04-09,"Maharashtra Cricket Association Stadium, Pune",2,3.7,Royal Challengers Bangalore,Mumbai Indians,Anuj Rawat,F du Plessis,Basil Thampi,1,0,,,,,,,,,
1304064,2022,2022-04-09,"Maharashtra Cricket Association Stadium, Pune",2,4.1,Royal Challengers Bangalore,Mumbai Indians,Anuj Rawat,F du Plessis,M Ashwin,1,0,,,,,,,,,
1304064,2022,2022-04-09,"Maharashtra Cricket Association Stadium, Pune",2,4.2,Royal Challengers Bangalore,Mumbai Indians,F du Plessis,Anuj Rawat,M Ashwin,0,0,,,,,,,,,
1304064,2022,2022-04-09,"Maharashtra Cricket Association Stadium, Pune",2,4.3,Royal Challengers Bangalore,Mumbai Indians,F du Plessis,Anuj Rawat,M Ashwin,0,0,,,,,,,,,
1304064,2022,2022-04-09,"Maharashtra Cricket Association Stadium, Pune",2,4.4,Royal Challengers Bangalore,Mumbai Indians,F du Plessis,Anuj Rawat,M Ashwin,0,0,,,,,,,,,
1304064,2022,2022-04-09,"Maharashtra Cricket Association Stadium, Pune",2,4.5,Royal Challengers Bangalore,Mumbai Indians,F du Plessis,Anuj Rawat,M Ashwin,0,0,,,,,,,,,
1304064,2022,2022-04-09,"Maharashtra Cricket Association Stadium, Pune",2,4.6,Royal Challengers Bangalore,Mumbai Indians,F du Plessis,Anuj Rawat,M Ashwin,0,0,,,,,,,,,
1304064,2022,2022-04-09,"Maharashtra Cricket Association Stadium, Pune",2,5.1,Royal Challengers Bangalore,Mumbai Indians,Anuj Rawat,F du Plessis,JJ Bumrah,2,0,,,,,,,,,
1304064,2022,2022-04-09,"Maharashtra Cricket Association Stadium, Pune",2,5.2,Royal Challengers Bangalore,Mumbai Indians,Anuj Rawat,F du Plessis,JJ Bumrah,0,0,,,,,,,,,
1304064,2022,2022-04-09,"Maharashtra Cricket Association Stadium, Pune",2,5.3,Royal Challengers Bangalore,Mumbai Indians,Anuj Rawat,F du Plessis,JJ Bumrah,0,0,,,,,,,,,
1304064,2022,2022-04-09,"Maharashtra Cricket Association Stadium, Pune",2,5.4,Royal Challengers Bangalore,Mumbai Indians,Anuj Rawat,F du Plessis,JJ Bumrah,0,0,,,,,,,,,
1304064,2022,2022-04-09,"Maharashtra Cricket Association Stadium, Pune",2,5.5,Royal Challengers Bangalore,Mumbai Indians,Anuj Rawat,F du Plessis,JJ Bumrah,1,0,,,,,,,,,
1304064,2022,2022-04-09,"Maharashtra Cricket Association Stadium, Pune",2,5.6,Royal Challengers Bangalore,Mumbai Indians,F du Plessis,Anuj Rawat,JJ Bumrah,0,0,,,,,,,,,
1304064,2022,2022-04-09,"Maharashtra Cricket Association Stadium, Pune",2,6.1,Royal Challengers Bangalore,Mumbai Indians,Anuj Rawat,F du Plessis,M Ashwin,6,0,,,,,,,,,
1304064,2022,2022-04-09,"Maharashtra Cricket Association Stadium, Pune",2,6.2,Royal Challengers Bangalore,Mumbai Indians,Anuj Rawat,F du Plessis,M Ashwin,1,0,,,,,,,,,
1304064,2022,2022-04-09,"Maharashtra Cricket Association Stadium, Pune",2,6.3,Royal Challengers Bangalore,Mumbai Indians,F du Plessis,Anuj Rawat,M Ashwin,4,0,,,,,,,,,
1304064,2022,2022-04-09,"Maharashtra Cricket Association Stadium, Pune",2,6.4,Royal Challengers Bangalore,Mumbai Indians,F du Plessis,Anuj Rawat,M Ashwin,2,0,,,,,,,,,
1304064,2022,2022-04-09,"Maharashtra Cricket Association Stadium, Pune",2,6.5,Royal Challengers Bangalore,Mumbai Indians,F du Plessis,Anuj Rawat,M Ashwin,1,0,,,,,,,,,
1304064,2022,2022-04-09,"Maharashtra Cricket Association Stadium, Pune",2,6.6,Royal Challengers Bangalore,Mumbai Indians,Anuj Rawat,F du Plessis,M Ashwin,0,1,1,,,,,,,,
1304064,2022,2022-04-09,"Maharashtra Cricket Association Stadium, Pune",2,6.7,Royal Challengers Bangalore,Mumbai Indians,Anuj Rawat,F du Plessis,M Ashwin,0,0,,,,,,,,,
1304064,2022,2022-04-09,"Maharashtra Cricket Association Stadium, Pune",2,7.1,Royal Challengers Bangalore,Mumbai Indians,F du Plessis,Anuj Rawat,KA Pollard,1,0,,,,,,,,,
1304064,2022,2022-04-09,"Maharashtra Cricket Association Stadium, Pune",2,7.2,Royal Challengers Bangalore,Mumbai Indians,Anuj Rawat,F du Plessis,KA Pollard,1,0,,,,,,,,,
1304064,2022,2022-04-09,"Maharashtra Cricket Association Stadium, Pune",2,7.3,Royal Challengers Bangalore,Mumbai Indians,F du Plessis,Anuj Rawat,KA Pollard,1,0,,,,,,,,,
1304064,2022,2022-04-09,"Maharashtra Cricket Association Stadium, Pune",2,7.4,Royal Challengers Bangalore,Mumbai Indians,Anuj Rawat,F du Plessis,KA Pollard,1,0,,,,,,,,,
1304064,2022,2022-04-09,"Maharashtra Cricket Association Stadium, Pune",2,7.5,Royal Challengers Bangalore,Mumbai Indians,F du Plessis,Anuj Rawat,KA Pollard,0,0,,,,,,,,,
1304064,2022,2022-04-09,"Maharashtra Cricket Association Stadium, Pune",2,7.6,Royal Challengers Bangalore,Mumbai Indians,F du Plessis,Anuj Rawat,KA Pollard,1,0,,,,,,,,,
1304064,2022,2022-04-09,"Maharashtra Cricket Association Stadium, Pune",2,8.1,Royal Challengers Bangalore,Mumbai Indians,F du Plessis,Anuj Rawat,JD Unadkat,0,0,,,,,,caught,F du Plessis,,
1304064,2022,2022-04-09,"Maharashtra Cricket Association Stadium, Pune",2,8.2,Royal Challengers Bangalore,Mumbai Indians,V Kohli,Anuj Rawat,JD Unadkat,0,0,,,,,,,,,
1304064,2022,2022-04-09,"Maharashtra Cricket Association Stadium, Pune",2,8.3,Royal Challengers Bangalore,Mumbai Indians,V Kohli,Anuj Rawat,JD Unadkat,0,0,,,,,,,,,
1304064,2022,2022-04-09,"Maharashtra Cricket Association Stadium, Pune",2,8.4,Royal Challengers Bangalore,Mumbai Indians,V Kohli,Anuj Rawat,JD Unadkat,1,0,,,,,,,,,
1304064,2022,2022-04-09,"Maharashtra Cricket Association Stadium, Pune",2,8.5,Royal Challengers Bangalore,Mumbai Indians,Anuj Rawat,V Kohli,JD Unadkat,1,0,,,,,,,,,
1304064,2022,2022-04-09,"Maharashtra Cricket Association Stadium, Pune",2,8.6,Royal Challengers Bangalore,Mumbai Indians,V Kohli,Anuj Rawat,JD Unadkat,1,0,,,,,,,,,
1304064,2022,2022-04-09,"Maharashtra Cricket Association Stadium, Pune",2,9.1,Royal Challengers Bangalore,Mumbai Indians,V Kohli,Anuj Rawat,KA Pollard,1,0,,,,,,,,,
1304064,2022,2022-04-09,"Maharashtra Cricket Association Stadium, Pune",2,9.2,Royal Challengers Bangalore,Mumbai Indians,Anuj Rawat,V Kohli,KA Pollard,0,0,,,,,,,,,
1304064,2022,2022-04-09,"Maharashtra Cricket Association Stadium, Pune",2,9.3,Royal Challengers Bangalore,Mumbai Indians,Anuj Rawat,V Kohli,KA Pollard,1,0,,,,,,,,,
1304064,2022,2022-04-09,"Maharashtra Cricket Association Stadium, Pune",2,9.4,Royal Challengers Bangalore,Mumbai Indians,V Kohli,Anuj Rawat,KA Pollard,4,0,,,,,,,,,
1304064,2022,2022-04-09,"Maharashtra Cricket Association Stadium, Pune",2,9.5,Royal Challengers Bangalore,Mumbai Indians,V Kohli,Anuj Rawat,KA Pollard,1,0,,,,,,,,,
1304064,2022,2022-04-09,"Maharashtra Cricket Association Stadium, Pune",2,9.6,Royal Challengers Bangalore,Mumbai Indians,Anuj Rawat,V Kohli,KA Pollard,1,0,,,,,,,,,
1304064,2022,2022-04-09,"Maharashtra Cricket Association Stadium, Pune",2,10.1,Royal Challengers Bangalore,Mumbai Indians,Anuj Rawat,V Kohli,M Ashwin,4,0,,,,,,,,,
1304064,2022,2022-04-09,"Maharashtra Cricket Association Stadium, Pune",2,10.2,Royal Challengers Bangalore,Mumbai Indians,Anuj Rawat,V Kohli,M Ashwin,1,0,,,,,,,,,
1304064,2022,2022-04-09,"Maharashtra Cricket Association Stadium, Pune",2,10.3,Royal Challengers Bangalore,Mumbai Indians,V Kohli,Anuj Rawat,M Ashwin,0,0,,,,,,,,,
1304064,2022,2022-04-09,"Maharashtra Cricket Association Stadium, Pune",2,10.4,Royal Challengers Bangalore,Mumbai Indians,V Kohli,Anuj Rawat,M Ashwin,4,0,,,,,,,,,
1304064,2022,2022-04-09,"Maharashtra Cricket Association Stadium, Pune",2,10.5,Royal Challengers Bangalore,Mumbai Indians,V Kohli,Anuj Rawat,M Ashwin,1,0,,,,,,,,,
1304064,2022,2022-04-09,"Maharashtra Cricket Association Stadium, Pune",2,10.6,Royal Challengers Bangalore,Mumbai Indians,Anuj Rawat,V Kohli,M Ashwin,0,0,,,,,,,,,
1304064,2022,2022-04-09,"Maharashtra Cricket Association Stadium, Pune",2,11.1,Royal Challengers Bangalore,Mumbai Indians,V Kohli,Anuj Rawat,Basil Thampi,4,0,,,,,,,,,
1304064,2022,2022-04-09,"Maharashtra Cricket Association Stadium, Pune",2,11.2,Royal Challengers Bangalore,Mumbai Indians,V Kohli,Anuj Rawat,Basil Thampi,0,0,,,,,,,,,
1304064,2022,2022-04-09,"Maharashtra Cricket Association Stadium, Pune",2,11.3,Royal Challengers Bangalore,Mumbai Indians,V Kohli,Anuj Rawat,Basil Thampi,0,0,,,,,,,,,
1304064,2022,2022-04-09,"Maharashtra Cricket Association Stadium, Pune",2,11.4,Royal Challengers Bangalore,Mumbai Indians,V Kohli,Anuj Rawat,Basil Thampi,1,0,,,,,,,,,
1304064,2022,2022-04-09,"Maharashtra Cricket Association Stadium, Pune",2,11.5,Royal Challengers Bangalore,Mumbai Indians,Anuj Rawat,V Kohli,Basil Thampi,6,0,,,,,,,,,
1304064,2022,2022-04-09,"Maharashtra Cricket Association Stadium, Pune",2,11.6,Royal Challengers Bangalore,Mumbai Indians,Anuj Rawat,V Kohli,Basil Thampi,4,0,,,,,,,,,
1304064,2022,2022-04-09,"Maharashtra Cricket Association Stadium, Pune",2,12.1,Royal Challengers Bangalore,Mumbai Indians,V Kohli,Anuj Rawat,JD Unadkat,2,0,,,,,,,,,
1304064,2022,2022-04-09,"Maharashtra Cricket Association Stadium, Pune",2,12.2,Royal Challengers Bangalore,Mumbai Indians,V Kohli,Anuj Rawat,JD Unadkat,1,0,,,,,,,,,
1304064,2022,2022-04-09,"Maharashtra Cricket Association Stadium, Pune",2,12.3,Royal Challengers Bangalore,Mumbai Indians,Anuj Rawat,V Kohli,JD Unadkat,1,0,,,,,,,,,
1304064,2022,2022-04-09,"Maharashtra Cricket Association Stadium, Pune",2,12.4,Royal Challengers Bangalore,Mumbai Indians,V Kohli,Anuj Rawat,JD Unadkat,1,0,,,,,,,,,
1304064,2022,2022-04-09,"Maharashtra Cricket Association Stadium, Pune",2,12.5,Royal Challengers Bangalore,Mumbai Indians,Anuj Rawat,V Kohli,JD Unadkat,0,0,,,,,,,,,
1304064,2022,2022-04-09,"Maharashtra Cricket Association Stadium, Pune",2,12.6,Royal Challengers Bangalore,Mumbai Indians,Anuj Rawat,V Kohli,JD Unadkat,1,0,,,,,,,,,
1304064,2022,2022-04-09,"Maharashtra Cricket Association Stadium, Pune",2,13.1,Royal Challengers Bangalore,Mumbai Indians,Anuj Rawat,V Kohli,JJ Bumrah,1,0,,,,,,,,,
1304064,2022,2022-04-09,"Maharashtra Cricket Association Stadium, Pune",2,13.2,Royal Challengers Bangalore,Mumbai Indians,V Kohli,Anuj Rawat,JJ Bumrah,1,0,,,,,,,,,
1304064,2022,2022-04-09,"Maharashtra Cricket Association Stadium, Pune",2,13.3,Royal Challengers Bangalore,Mumbai Indians,Anuj Rawat,V Kohli,JJ Bumrah,1,0,,,,,,,,,
1304064,2022,2022-04-09,"Maharashtra Cricket Association Stadium, Pune",2,13.4,Royal Challengers Bangalore,Mumbai Indians,V Kohli,Anuj Rawat,JJ Bumrah,4,0,,,,,,,,,
1304064,2022,2022-04-09,"Maharashtra Cricket Association Stadium, Pune",2,13.5,Royal Challengers Bangalore,Mumbai Indians,V Kohli,Anuj Rawat,JJ Bumrah,0,0,,,,,,,,,
1304064,2022,2022-04-09,"Maharashtra Cricket Association Stadium, Pune",2,13.6,Royal Challengers Bangalore,Mumbai Indians,V Kohli,Anuj Rawat,JJ Bumrah,3,0,,,,,,,,,
1304064,2022,2022-04-09,"Maharashtra Cricket Association Stadium, Pune",2,14.1,Royal Challengers Bangalore,Mumbai Indians,V Kohli,Anuj Rawat,Basil Thampi,4,0,,,,,,,,,
1304064,2022,2022-04-09,"Maharashtra Cricket Association Stadium, Pune",2,14.2,Royal Challengers Bangalore,Mumbai Indians,V Kohli,Anuj Rawat,Basil Thampi,2,0,,,,,,,,,
1304064,2022,2022-04-09,"Maharashtra Cricket Association Stadium, Pune",2,14.3,Royal Challengers Bangalore,Mumbai Indians,V Kohli,Anuj Rawat,Basil Thampi,0,0,,,,,,,,,
1304064,2022,2022-04-09,"Maharashtra Cricket Association Stadium, Pune",2,14.4,Royal Challengers Bangalore,Mumbai Indians,V Kohli,Anuj Rawat,Basil Thampi,1,0,,,,,,,,,
1304064,2022,2022-04-09,"Maharashtra Cricket Association Stadium, Pune",2,14.5,Royal Challengers Bangalore,Mumbai Indians,Anuj Rawat,V Kohli,Basil Thampi,1,0,,,,,,,,,
1304064,2022,2022-04-09,"Maharashtra Cricket Association Stadium, Pune",2,14.6,Royal Challengers Bangalore,Mumbai Indians,V Kohli,Anuj Rawat,Basil Thampi,1,0,,,,,,,,,
1304064,2022,2022-04-09,"Maharashtra Cricket Association Stadium, Pune",2,15.1,Royal Challengers Bangalore,Mumbai Indians,V Kohli,Anuj Rawat,KA Pollard,1,0,,,,,,,,,
1304064,2022,2022-04-09,"Maharashtra Cricket Association Stadium, Pune",2,15.2,Royal Challengers Bangalore,Mumbai Indians,Anuj Rawat,V Kohli,KA Pollard,1,0,,,,,,,,,
1304064,2022,2022-04-09,"Maharashtra Cricket Association Stadium, Pune",2,15.3,Royal Challengers Bangalore,Mumbai Indians,V Kohli,Anuj Rawat,KA Pollard,1,0,,,,,,,,,
1304064,2022,2022-04-09,"Maharashtra Cricket Association Stadium, Pune",2,15.4,Royal Challengers Bangalore,Mumbai Indians,Anuj Rawat,V Kohli,KA Pollard,0,1,1,,,,,,,,
1304064,2022,2022-04-09,"Maharashtra Cricket Association Stadium, Pune",2,15.5,Royal Challengers Bangalore,Mumbai Indians,Anuj Rawat,V Kohli,KA Pollard,0,0,,,,,,,,,
1304064,2022,2022-04-09,"Maharashtra Cricket Association Stadium, Pune",2,15.6,Royal Challengers Bangalore,Mumbai Indians,Anuj Rawat,V Kohli,KA Pollard,6,0,,,,,,,,,
1304064,2022,2022-04-09,"Maharashtra Cricket Association Stadium, Pune",2,15.7,Royal Challengers Bangalore,Mumbai Indians,Anuj Rawat,V Kohli,KA Pollard,1,0,,,,,,,,,
1304064,2022,2022-04-09,"Maharashtra Cricket Association Stadium, Pune",2,16.1,Royal Challengers Bangalore,Mumbai Indians,Anuj Rawat,V Kohli,JD Unadkat,0,0,,,,,,,,,
1304064,2022,2022-04-09,"Maharashtra Cricket Association Stadium, Pune",2,16.2,Royal Challengers Bangalore,Mumbai Indians,Anuj Rawat,V Kohli,JD Unadkat,6,0,,,,,,,,,
1304064,2022,2022-04-09,"Maharashtra Cricket Association Stadium, Pune",2,16.3,Royal Challengers Bangalore,Mumbai Indians,Anuj Rawat,V Kohli,JD Unadkat,0,1,,,,1,,,,,
1304064,2022,2022-04-09,"Maharashtra Cricket Association Stadium, Pune",2,16.4,Royal Challengers Bangalore,Mumbai Indians,V Kohli,Anuj Rawat,JD Unadkat,0,0,,,,,,,,,
1304064,2022,2022-04-09,"Maharashtra Cricket Association Stadium, Pune",2,16.5,Royal Challengers Bangalore,Mumbai Indians,V Kohli,Anuj Rawat,JD Unadkat,1,0,,,,,,run out,Anuj Rawat,,
1304064,2022,2022-04-09,"Maharashtra Cricket Association Stadium, Pune",2,16.6,Royal Challengers Bangalore,Mumbai Indians,V Kohli,KD Karthik,JD Unadkat,1,0,,,,,,,,,
1304064,2022,2022-04-09,"Maharashtra Cricket Association Stadium, Pune",2,17.1,Royal Challengers Bangalore,Mumbai Indians,V Kohli,KD Karthik,JJ Bumrah,2,0,,,,,,,,,
1304064,2022,2022-04-09,"Maharashtra Cricket Association Stadium, Pune",2,17.2,Royal Challengers Bangalore,Mumbai Indians,V Kohli,KD Karthik,JJ Bumrah,1,0,,,,,,,,,
1304064,2022,2022-04-09,"Maharashtra Cricket Association Stadium, Pune",2,17.3,Royal Challengers Bangalore,Mumbai Indians,KD Karthik,V Kohli,JJ Bumrah,1,0,,,,,,,,,
1304064,2022,2022-04-09,"Maharashtra Cricket Association Stadium, Pune",2,17.4,Royal Challengers Bangalore,Mumbai Indians,V Kohli,KD Karthik,JJ Bumrah,0,0,,,,,,,,,
1304064,2022,2022-04-09,"Maharashtra Cricket Association Stadium, Pune",2,17.5,Royal Challengers Bangalore,Mumbai Indians,V Kohli,KD Karthik,JJ Bumrah,3,0,,,,,,,,,
1304064,2022,2022-04-09,"Maharashtra Cricket Association Stadium, Pune",2,17.6,Royal Challengers Bangalore,Mumbai Indians,KD Karthik,V Kohli,JJ Bumrah,6,0,,,,,,,,,
1304064,2022,2022-04-09,"Maharashtra Cricket Association Stadium, Pune",2,18.1,Royal Challengers Bangalore,Mumbai Indians,V Kohli,KD Karthik,D Brevis,0,0,,,,,,lbw,V Kohli,,
1304064,2022,2022-04-09,"Maharashtra Cricket Association Stadium, Pune",2,18.2,Royal Challengers Bangalore,Mumbai Indians,GJ Maxwell,KD Karthik,D Brevis,4,0,,,,,,,,,
1304064,2022,2022-04-09,"Maharashtra Cricket Association Stadium, Pune",2,18.3,Royal Challengers Bangalore,Mumbai Indians,GJ Maxwell,KD Karthik,D Brevis,4,0,,,,,,,,,
