match_id,season,start_date,venue,innings,ball,batting_team,bowling_team,striker,non_striker,bowler,runs_off_bat,extras,wides,noballs,byes,legbyes,penalty,wicket_type,player_dismissed,other_wicket_type,other_player_dismissed
1304080,2022,2022-04-22,"Wankhede Stadium, Mumbai",1,0.1,Rajasthan Royals,Delhi Capitals,JC Buttler,D Padikkal,KK Ahmed,0,0,,,,,,,,,
1304080,2022,2022-04-22,"Wankhede Stadium, Mumbai",1,0.2,Rajasthan Royals,Delhi Capitals,JC Buttler,D Padikkal,KK Ahmed,0,0,,,,,,,,,
1304080,2022,2022-04-22,"Wankhede Stadium, Mumbai",1,0.3,Rajasthan Royals,Delhi Capitals,JC Buttler,D Padikkal,KK Ahmed,0,0,,,,,,,,,
1304080,2022,2022-04-22,"Wankhede Stadium, Mumbai",1,0.4,Rajasthan Royals,Delhi Capitals,JC Buttler,D Padikkal,KK Ahmed,4,0,,,,,,,,,
1304080,2022,2022-04-22,"Wankhede Stadium, Mumbai",1,0.5,Rajasthan Royals,Delhi Capitals,JC Buttler,D Padikkal,KK Ahmed,0,0,,,,,,,,,
1304080,2022,2022-04-22,"Wankhede Stadium, Mumbai",1,0.6,Rajasthan Royals,Delhi Capitals,JC Buttler,D Padikkal,KK Ahmed,4,0,,,,,,,,,
1304080,2022,2022-04-22,"Wankhede Stadium, Mumbai",1,1.1,Rajasthan Royals,Delhi Capitals,D Padikkal,JC Buttler,SN Thakur,0,0,,,,,,,,,
1304080,2022,2022-04-22,"Wankhede Stadium, Mumbai",1,1.2,Rajasthan Royals,Delhi Capitals,D Padikkal,JC Buttler,SN Thakur,0,1,,,,1,,,,,
1304080,2022,2022-04-22,"Wankhede Stadium, Mumbai",1,1.3,Rajasthan Royals,Delhi Capitals,JC Buttler,D Padikkal,SN Thakur,0,0,,,,,,,,,
1304080,2022,2022-04-22,"Wankhede Stadium, Mumbai",1,1.4,Rajasthan Royals,Delhi Capitals,JC Buttler,D Padikkal,SN Thakur,0,0,,,,,,,,,
1304080,2022,2022-04-22,"Wankhede Stadium, Mumbai",1,1.5,Rajasthan Royals,Delhi Capitals,JC Buttler,D Padikkal,SN Thakur,0,0,,,,,,,,,
1304080,2022,2022-04-22,"Wankhede Stadium, Mumbai",1,1.6,Rajasthan Royals,Delhi Capitals,JC Buttler,D Padikkal,SN Thakur,0,0,,,,,,,,,
1304080,2022,2022-04-22,"Wankhede Stadium, Mumbai",1,2.1,Rajasthan Royals,Delhi Capitals,D Padikkal,JC Buttler,Lalit Yadav,0,0,,,,,,,,,
1304080,2022,2022-04-22,"Wankhede Stadium, Mumbai",1,2.2,Rajasthan Royals,Delhi Capitals,D Padikkal,JC Buttler,Lalit Yadav,1,0,,,,,,,,,
1304080,2022,2022-04-22,"Wankhede Stadium, Mumbai",1,2.3,Rajasthan Royals,Delhi Capitals,JC Buttler,D Padikkal,Lalit Yadav,1,0,,,,,,,,,
1304080,2022,2022-04-22,"Wankhede Stadium, Mumbai",1,2.4,Rajasthan Royals,Delhi Capitals,D Padikkal,JC Buttler,Lalit Yadav,0,0,,,,,,,,,
1304080,2022,2022-04-22,"Wankhede Stadium, Mumbai",1,2.5,Rajasthan Royals,Delhi Capitals,D Padikkal,JC Buttler,Lalit Yadav,0,0,,,,,,,,,
1304080,2022,2022-04-22,"Wankhede Stadium, Mumbai",1,2.6,Rajasthan Royals,Delhi Capitals,D Padikkal,JC Buttler,Lalit Yadav,1,0,,,,,,,,,
1304080,2022,2022-04-22,"Wankhede Stadium, Mumbai",1,3.1,Rajasthan Royals,Delhi Capitals,D Padikkal,JC Buttler,Mustafizur Rahman,2,0,,,,,,,,,
1304080,2022,2022-04-22,"Wankhede Stadium, Mumbai",1,3.2,Rajasthan Royals,Delhi Capitals,D Padikkal,JC Buttler,Mustafizur Rahman,4,0,,,,,,,,,
1304080,2022,2022-04-22,"Wankhede Stadium, Mumbai",1,3.3,Rajasthan Royals,Delhi Capitals,D Padikkal,JC Buttler,Mustafizur Rahman,4,0,,,,,,,,,
1304080,2022,2022-04-22,"Wankhede Stadium, Mumbai",1,3.4,Rajasthan Royals,Delhi Capitals,D Padikkal,JC Buttler,Mustafizur Rahman,4,0,,,,,,,,,
1304080,2022,2022-04-22,"Wankhede Stadium, Mumbai",1,3.5,Rajasthan Royals,Delhi Capitals,D Padikkal,JC Buttler,Mustafizur Rahman,0,0,,,,,,,,,
1304080,2022,2022-04-22,"Wankhede Stadium, Mumbai",1,3.6,Rajasthan Royals,Delhi Capitals,D Padikkal,JC Buttler,Mustafizur Rahman,0,0,,,,,,,,,
1304080,2022,2022-04-22,"Wankhede Stadium, Mumbai",1,4.1,Rajasthan Royals,Delhi Capitals,JC Buttler,D Padikkal,Lalit Yadav,1,0,,,,,,,,,
1304080,2022,2022-04-22,"Wankhede Stadium, Mumbai",1,4.2,Rajasthan Royals,Delhi Capitals,D Padikkal,JC Buttler,Lalit Yadav,0,0,,,,,,,,,
1304080,2022,2022-04-22,"Wankhede Stadium, Mumbai",1,4.3,Rajasthan Royals,Delhi Capitals,D Padikkal,JC Buttler,Lalit Yadav,1,0,,,,,,,,,
1304080,2022,2022-04-22,"Wankhede Stadium, Mumbai",1,4.4,Rajasthan Royals,Delhi Capitals,JC Buttler,D Padikkal,Lalit Yadav,0,0,,,,,,,,,
1304080,2022,2022-04-22,"Wankhede Stadium, Mumbai",1,4.5,Rajasthan Royals,Delhi Capitals,JC Buttler,D Padikkal,Lalit Yadav,1,0,,,,,,,,,
1304080,2022,2022-04-22,"Wankhede Stadium, Mumbai",1,4.6,Rajasthan Royals,Delhi Capitals,D Padikkal,JC Buttler,Lalit Yadav,0,0,,,,,,,,,
1304080,2022,2022-04-22,"Wankhede Stadium, Mumbai",1,5.1,Rajasthan Royals,Delhi Capitals,JC Buttler,D Padikkal,KK Ahmed,6,0,,,,,,,,,
1304080,2022,2022-04-22,"Wankhede Stadium, Mumbai",1,5.2,Rajasthan Royals,Delhi Capitals,JC Buttler,D Padikkal,KK Ahmed,2,0,,,,,,,,,
1304080,2022,2022-04-22,"Wankhede Stadium, Mumbai",1,5.3,Rajasthan Royals,Delhi Capitals,JC Buttler,D Padikkal,KK Ahmed,0,0,,,,,,,,,
1304080,2022,2022-04-22,"Wankhede Stadium, Mumbai",1,5.4,Rajasthan Royals,Delhi Capitals,JC Buttler,D Padikkal,KK Ahmed,6,0,,,,,,,,,
1304080,2022,2022-04-22,"Wankhede Stadium, Mumbai",1,5.5,Rajasthan Royals,Delhi Capitals,JC Buttler,D Padikkal,KK Ahmed,0,0,,,,,,,,,
1304080,2022,2022-04-22,"Wankhede Stadium, Mumbai",1,5.6,Rajasthan Royals,Delhi Capitals,JC Buttler,D Padikkal,KK Ahmed,1,0,,,,,,,,,
1304080,2022,2022-04-22,"Wankhede Stadium, Mumbai",1,6.1,Rajasthan Royals,Delhi Capitals,JC Buttler,D Padikkal,Kuldeep Yadav,0,0,,,,,,,,,
1304080,2022,2022-04-22,"Wankhede Stadium, Mumbai",1,6.2,Rajasthan Royals,Delhi Capitals,JC Buttler,D Padikkal,Kuldeep Yadav,1,0,,,,,,,,,
1304080,2022,2022-04-22,"Wankhede Stadium, Mumbai",1,6.3,Rajasthan Royals,Delhi Capitals,D Padikkal,JC Buttler,Kuldeep Yadav,0,0,,,,,,,,,
1304080,2022,2022-04-22,"Wankhede Stadium, Mumbai",1,6.4,Rajasthan Royals,Delhi Capitals,D Padikkal,JC Buttler,Kuldeep Yadav,4,0,,,,,,,,,
1304080,2022,2022-04-22,"Wankhede Stadium, Mumbai",1,6.5,Rajasthan Royals,Delhi Capitals,D Padikkal,JC Buttler,Kuldeep Yadav,1,0,,,,,,,,,
1304080,2022,2022-04-22,"Wankhede Stadium, Mumbai",1,6.6,Rajasthan Royals,Delhi Capitals,JC Buttler,D Padikkal,Kuldeep Yadav,1,0,,,,,,,,,
1304080,2022,2022-04-22,"Wankhede Stadium, Mumbai",1,7.1,Rajasthan Royals,Delhi Capitals,JC Buttler,D Padikkal,AR Patel,0,0,,,,,,,,,
1304080,2022,2022-04-22,"Wankhede Stadium, Mumbai",1,7.2,Rajasthan Royals,Delhi Capitals,JC Buttler,D Padikkal,AR Patel,0,0,,,,,,,,,
1304080,2022,2022-04-22,"Wankhede Stadium, Mumbai",1,7.3,Rajasthan Royals,Delhi Capitals,JC Buttler,D Padikkal,AR Patel,1,0,,,,,,,,,
1304080,2022,2022-04-22,"Wankhede Stadium, Mumbai",1,7.4,Rajasthan Royals,Delhi Capitals,D Padikkal,JC Buttler,AR Patel,6,0,,,,,,,,,
1304080,2022,2022-04-22,"Wankhede Stadium, Mumbai",1,7.5,Rajasthan Royals,Delhi Capitals,D Padikkal,JC Buttler,AR Patel,4,0,,,,,,,,,
1304080,2022,2022-04-22,"Wankhede Stadium, Mumbai",1,7.6,Rajasthan Royals,Delhi Capitals,D Padikkal,JC Buttler,AR Patel,1,0,,,,,,,,,
1304080,2022,2022-04-22,"Wankhede Stadium, Mumbai",1,8.1,Rajasthan Royals,Delhi Capitals,D Padikkal,JC Buttler,Kuldeep Yadav,1,0,,,,,,,,,
1304080,2022,2022-04-22,"Wankhede Stadium, Mumbai",1,8.2,Rajasthan Royals,Delhi Capitals,JC Buttler,D Padikkal,Kuldeep Yadav,6,0,,,,,,,,,
1304080,2022,2022-04-22,"Wankhede Stadium, Mumbai",1,8.3,Rajasthan Royals,Delhi Capitals,JC Buttler,D Padikkal,Kuldeep Yadav,4,0,,,,,,,,,
1304080,2022,2022-04-22,"Wankhede Stadium, Mumbai",1,8.4,Rajasthan Royals,Delhi Capitals,JC Buttler,D Padikkal,Kuldeep Yadav,1,0,,,,,,,,,
1304080,2022,2022-04-22,"Wankhede Stadium, Mumbai",1,8.5,Rajasthan Royals,Delhi Capitals,D Padikkal,JC Buttler,Kuldeep Yadav,1,0,,,,,,,,,
1304080,2022,2022-04-22,"Wankhede Stadium, Mumbai",1,8.6,Rajasthan Royals,Delhi Capitals,JC Buttler,D Padikkal,Kuldeep Yadav,0,1,1,,,,,,,,
1304080,2022,2022-04-22,"Wankhede Stadium, Mumbai",1,8.7,Rajasthan Royals,Delhi Capitals,JC Buttler,D Padikkal,Kuldeep Yadav,1,0,,,,,,,,,
1304080,2022,2022-04-22,"Wankhede Stadium, Mumbai",1,9.1,Rajasthan Royals,Delhi Capitals,JC Buttler,D Padikkal,SN Thakur,0,0,,,,,,,,,
1304080,2022,2022-04-22,"Wankhede Stadium, Mumbai",1,9.2,Rajasthan Royals,Delhi Capitals,JC Buttler,D Padikkal,SN Thakur,1,0,,,,,,,,,
1304080,2022,2022-04-22,"Wankhede Stadium, Mumbai",1,9.3,Rajasthan Royals,Delhi Capitals,D Padikkal,JC Buttler,SN Thakur,1,0,,,,,,,,,
1304080,2022,2022-04-22,"Wankhede Stadium, Mumbai",1,9.4,Rajasthan Royals,Delhi Capitals,JC Buttler,D Padikkal,SN Thakur,0,0,,,,,,,,,
1304080,2022,2022-04-22,"Wankhede Stadium, Mumbai",1,9.5,Rajasthan Royals,Delhi Capitals,JC Buttler,D Padikkal,SN Thakur,6,0,,,,,,,,,
1304080,2022,2022-04-22,"Wankhede Stadium, Mumbai",1,9.6,Rajasthan Royals,Delhi Capitals,JC Buttler,D Padikkal,SN Thakur,1,0,,,,,,,,,
1304080,2022,2022-04-22,"Wankhede Stadium, Mumbai",1,10.1,Rajasthan Royals,Delhi Capitals,JC Buttler,D Padikkal,Lalit Yadav,4,0,,,,,,,,,
1304080,2022,2022-04-22,"Wankhede Stadium, Mumbai",1,10.2,Rajasthan Royals,Delhi Capitals,JC Buttler,D Padikkal,Lalit Yadav,1,0,,,,,,,,,
1304080,2022,2022-04-22,"Wankhede Stadium, Mumbai",1,10.3,Rajasthan Royals,Delhi Capitals,D Padikkal,JC Buttler,Lalit Yadav,4,0,,,,,,,,,
1304080,2022,2022-04-22,"Wankhede Stadium, Mumbai",1,10.4,Rajasthan Royals,Delhi Capitals,D Padikkal,JC Buttler,Lalit Yadav,1,0,,,,,,,,,
1304080,2022,2022-04-22,"Wankhede Stadium, Mumbai",1,10.5,Rajasthan Royals,Delhi Capitals,JC Buttler,D Padikkal,Lalit Yadav,1,0,,,,,,,,,
1304080,2022,2022-04-22,"Wankhede Stadium, Mumbai",1,10.6,Rajasthan Royals,Delhi Capitals,D Padikkal,JC Buttler,Lalit Yadav,6,0,,,,,,,,,
1304080,2022,2022-04-22,"Wankhede Stadium, Mumbai",1,11.1,Rajasthan Royals,Delhi Capitals,JC Buttler,D Padikkal,Mustafizur Rahman,0,0,,,,,,,,,
1304080,2022,2022-04-22,"Wankhede Stadium, Mumbai",1,11.2,Rajasthan Royals,Delhi Capitals,JC Buttler,D Padikkal,Mustafizur Rahman,1,0,,,,,,,,,
1304080,2022,2022-04-22,"Wankhede Stadium, Mumbai",1,11.3,Rajasthan Royals,Delhi Capitals,D Padikkal,JC Buttler,Mustafizur Rahman,1,0,,,,,,,,,
1304080,2022,2022-04-22,"Wankhede Stadium, Mumbai",1,11.4,Rajasthan Royals,Delhi Capitals,JC Buttler,D Padikkal,Mustafizur Rahman,0,0,,,,,,,,,
1304080,2022,2022-04-22,"Wankhede Stadium, Mumbai",1,11.5,Rajasthan Royals,Delhi Capitals,JC Buttler,D Padikkal,Mustafizur Rahman,4,0,,,,,,,,,
1304080,2022,2022-04-22,"Wankhede Stadium, Mumbai",1,11.6,Rajasthan Royals,Delhi Capitals,JC Buttler,D Padikkal,Mustafizur Rahman,0,0,,,,,,,,,
1304080,2022,2022-04-22,"Wankhede Stadium, Mumbai",1,12.1,Rajasthan Royals,Delhi Capitals,D Padikkal,JC Buttler,Lalit Yadav,1,0,,,,,,,,,
1304080,2022,2022-04-22,"Wankhede Stadium, Mumbai",1,12.2,Rajasthan Royals,Delhi Capitals,JC Buttler,D Padikkal,Lalit Yadav,6,0,,,,,,,,,
1304080,2022,2022-04-22,"Wankhede Stadium, Mumbai",1,12.3,Rajasthan Royals,Delhi Capitals,JC Buttler,D Padikkal,Lalit Yadav,0,0,,,,,,,,,
1304080,2022,2022-04-22,"Wankhede Stadium, Mumbai",1,12.4,Rajasthan Royals,Delhi Capitals,JC Buttler,D Padikkal,Lalit Yadav,4,0,,,,,,,,,
1304080,2022,2022-04-22,"Wankhede Stadium, Mumbai",1,12.5,Rajasthan Royals,Delhi Capitals,JC Buttler,D Padikkal,Lalit Yadav,6,0,,,,,,,,,
1304080,2022,2022-04-22,"Wankhede Stadium, Mumbai",1,12.6,Rajasthan Royals,Delhi Capitals,JC Buttler,D Padikkal,Lalit Yadav,1,0,,,,,,,,,
1304080,2022,2022-04-22,"Wankhede Stadium, Mumbai",1,13.1,Rajasthan Royals,Delhi Capitals,JC Buttler,D Padikkal,AR Patel,4,0,,,,,,,,,
1304080,2022,2022-04-22,"Wankhede Stadium, Mumbai",1,13.2,Rajasthan Royals,Delhi Capitals,JC Buttler,D Padikkal,AR Patel,0,0,,,,,,,,,
1304080,2022,2022-04-22,"Wankhede Stadium, Mumbai",1,13.3,Rajasthan Royals,Delhi Capitals,JC Buttler,D Padikkal,AR Patel,1,0,,,,,,,,,
1304080,2022,2022-04-22,"Wankhede Stadium, Mumbai",1,13.4,Rajasthan Royals,Delhi Capitals,D Padikkal,JC Buttler,AR Patel,4,0,,,,,,,,,
1304080,2022,2022-04-22,"Wankhede Stadium, Mumbai",1,13.5,Rajasthan Royals,Delhi Capitals,D Padikkal,JC Buttler,AR Patel,0,0,,,,,,,,,
1304080,2022,2022-04-22,"Wankhede Stadium, Mumbai",1,13.6,Rajasthan Royals,Delhi Capitals,D Padikkal,JC Buttler,AR Patel,0,0,,,,,,,,,
1304080,2022,2022-04-22,"Wankhede Stadium, Mumbai",1,14.1,Rajasthan Royals,Delhi Capitals,JC Buttler,D Padikkal,Kuldeep Yadav,6,0,,,,,,,,,
1304080,2022,2022-04-22,"Wankhede Stadium, Mumbai",1,14.2,Rajasthan Royals,Delhi Capitals,JC Buttler,D Padikkal,Kuldeep Yadav,6,0,,,,,,,,,
1304080,2022,2022-04-22,"Wankhede Stadium, Mumbai",1,14.3,Rajasthan Royals,Delhi Capitals,JC Buttler,D Padikkal,Kuldeep Yadav,1,0,,,,,,,,,
1304080,2022,2022-04-22,"Wankhede Stadium, Mumbai",1,14.4,Rajasthan Royals,Delhi Capitals,D Padikkal,JC Buttler,Kuldeep Yadav,1,0,,,,,,,,,
1304080,2022,2022-04-22,"Wankhede Stadium, Mumbai",1,14.5,Rajasthan Royals,Delhi Capitals,JC Buttler,D Padikkal,Kuldeep Yadav,4,0,,,,,,,,,
1304080,2022,2022-04-22,"Wankhede Stadium, Mumbai",1,14.6,Rajasthan Royals,Delhi Capitals,JC Buttler,D Padikkal,Kuldeep Yadav,0,0,,,,,,,,,
1304080,2022,2022-04-22,"Wankhede Stadium, Mumbai",1,15.1,Rajasthan Royals,Delhi Capitals,D Padikkal,JC Buttler,KK Ahmed,0,0,,,,,,lbw,D Padikkal,,
1304080,2022,2022-04-22,"Wankhede Stadium, Mumbai",1,15.2,Rajasthan Royals,Delhi Capitals,SV Samson,JC Buttler,KK Ahmed,0,0,,,,,,,,,
1304080,2022,2022-04-22,"Wankhede Stadium, Mumbai",1,15.3,Rajasthan Royals,Delhi Capitals,SV Samson,JC Buttler,KK Ahmed,0,0,,,,,,,,,
1304080,2022,2022-04-22,"Wankhede Stadium, Mumbai",1,15.4,Rajasthan Royals,Delhi Capitals,SV Samson,JC Buttler,KK Ahmed,1,0,,,,,,,,,
1304080,2022,2022-04-22,"Wankhede Stadium, Mumbai",1,15.5,Rajasthan Royals,Delhi Capitals,JC Buttler,SV Samson,KK Ahmed,2,0,,,,,,,,,
1304080,2022,2022-04-22,"Wankhede Stadium, Mumbai",1,15.6,Rajasthan Royals,Delhi Capitals,JC Buttler,SV Samson,KK Ahmed,0,0,,,,,,,,,
1304080,2022,2022-04-22,"Wankhede Stadium, Mumbai",1,16.1,Rajasthan Royals,Delhi Capitals,SV Samson,JC Buttler,Mustafizur Rahman,1,0,,,,,,,,,
1304080,2022,2022-04-22,"Wankhede Stadium, Mumbai",1,16.2,Rajasthan Royals,Delhi Capitals,JC Buttler,SV Samson,Mustafizur Rahman,1,0,,,,,,,,,
1304080,2022,2022-04-22,"Wankhede Stadium, Mumbai",1,16.3,Rajasthan Royals,Delhi Capitals,SV Samson,JC Buttler,Mustafizur Rahman,4,0,,,,,,,,,
1304080,2022,2022-04-22,"Wankhede Stadium, Mumbai",1,16.4,Rajasthan Royals,Delhi Capitals,SV Samson,JC Buttler,Mustafizur Rahman,1,0,,,,,,,,,
1304080,2022,2022-04-22,"Wankhede Stadium, Mumbai",1,16.5,Rajasthan Royals,Delhi Capitals,JC Buttler,SV Samson,Mustafizur Rahman,1,0,,,,,,,,,
1304080,2022,2022-04-22,"Wankhede Stadium, Mumbai",1,16.6,Rajasthan Royals,Delhi Capitals,SV Samson,JC Buttler,Mustafizur Rahman,1,0,,,,,,,,,
1304080,2022,2022-04-22,"Wankhede Stadium, Mumbai",1,17.1,Rajasthan Royals,Delhi Capitals,SV Samson,JC Buttler,KK Ahmed,0,0,,,,,,,,,
1304080,2022,2022-04-22,"Wankhede Stadium, Mumbai",1,17.2,Rajasthan Royals,Delhi Capitals,SV Samson,JC Buttler,KK Ahmed,4,0,,,,,,,,,
1304080,2022,2022-04-22,"Wankhede Stadium, Mumbai",1,17.3,Rajasthan Royals,Delhi Capitals,SV Samson,JC Buttler,KK Ahmed,6,0,,,,,,,,,
1304080,2022,2022-04-22,"Wankhede Stadium, Mumbai",1,17.4,Rajasthan Royals,Delhi Capitals,SV Samson,JC Buttler,KK Ahmed,0,1,1,,,,,,,,
1304080,2022,2022-04-22,"Wankhede Stadium, Mumbai",1,17.5,Rajasthan Royals,Delhi Capitals,SV Samson,JC Buttler,KK Ahmed,4,0,,,,,,,,,
1304080,2022,2022-04-22,"Wankhede Stadium, Mumbai",1,17.6,Rajasthan Royals,Delhi Capitals,SV Samson,JC Buttler,KK Ahmed,6,0,,,,,,,,,
1304080,2022,2022-04-22,"Wankhede Stadium, Mumbai",1,17.7,Rajasthan Royals,Delhi Capitals,SV Samson,JC Buttler,KK Ahmed,0,0,,,,,,,,,
1304080,2022,2022-04-22,"Wankhede Stadium, Mumbai",1,18.1,Rajasthan Royals,Delhi Capitals,JC Buttler,SV Samson,Mustafizur Rahman,4,0,,,,,,,,,
1304080,2022,2022-04-22,"Wankhede Stadium, Mumbai",1,18.2,Rajasthan Royals,Delhi Capitals,JC Buttler,SV Samson,Mustafizur Rahman,6,0,,,,,,,,,
1304080,2022,2022-04-22,"Wankhede Stadium, Mumbai",1,18.3,Rajasthan Royals,Delhi Capitals,JC Buttler,SV Samson,Mustafizur Rahman,1,0,,,,,,,,,
1304080,2022,2022-04-22,"Wankhede Stadium, Mumbai",1,18.4,Rajasthan Royals,Delhi Capitals,SV Samson,JC Buttler,Mustafizur Rahman,1,0,,,,,,,,,
1304080,2022,2022-04-22,"Wankhede Stadium, Mumbai",1,18.5,Rajasthan Royals,Delhi Capitals,JC Buttler,SV Samson,Mustafizur Rahman,2,0,,,,,,,,,
1304080,2022,2022-04-22,"Wankhede Stadium, Mumbai",1,18.6,Rajasthan Royals,Delhi Capitals,JC Buttler,SV Samson,Mustafizur Rahman,0,0,,,,,,caught,JC Buttler,,
1304080,2022,2022-04-22,"Wankhede Stadium, Mumbai",1,19.1,Rajasthan Royals,Delhi Capitals,SV Samson,SO Hetmyer,SN Thakur,0,1,1,,,,,,,,
1304080,2022,2022-04-22,"Wankhede Stadium, Mumbai",1,19.2,Rajasthan Royals,Delhi Capitals,SV Samson,SO Hetmyer,SN Thakur,2,0,,,,,,,,,
1304080,2022,2022-04-22,"Wankhede Stadium, Mumbai",1,19.3,Rajasthan Royals,Delhi Capitals,SV Samson,SO Hetmyer,SN Thakur,4,0,,,,,,,,,
1304080,2022,2022-04-22,"Wankhede Stadium, Mumbai",1,19.4,Rajasthan Royals,Delhi Capitals,SV Samson,SO Hetmyer,SN Thakur,0,1,1,,,,,,,,
1304080,2022,2022-04-22,"Wankhede Stadium, Mumbai",1,19.5,Rajasthan Royals,Delhi Capitals,SV Samson,SO Hetmyer,SN Thakur,1,0,,,,,,,,,
1304080,2022,2022-04-22,"Wankhede Stadium, Mumbai",1,19.6,Rajasthan Royals,Delhi Capitals,SO Hetmyer,SV Samson,SN Thakur,1,0,,,,,,,,,
1304080,2022,2022-04-22,"Wankhede Stadium, Mumbai",1,19.7,Rajasthan Royals,Delhi Capitals,SV Samson,SO Hetmyer,SN Thakur,4,0,,,,,,,,,
1304080,2022,2022-04-22,"Wankhede Stadium, Mumbai",1,19.8,Rajasthan Royals,Delhi Capitals,SV Samson,SO Hetmyer,SN Thakur,6,0,,,,,,,,,
1304080,2022,2022-04-22,"Wankhede Stadium, Mumbai",2,0.1,Delhi Capitals,Rajasthan Royals,PP Shaw,DA Warner,TA Boult,4,0,,,,,,,,,
1304080,2022,2022-04-22,"Wankhede Stadium, Mumbai",2,0.2,Delhi Capitals,Rajasthan Royals,PP Shaw,DA Warner,TA Boult,4,0,,,,,,,,,
1304080,2022,2022-04-22,"Wankhede Stadium, Mumbai",2,0.3,Delhi Capitals,Rajasthan Royals,PP Shaw,DA Warner,TA Boult,0,0,,,,,,,,,
1304080,2022,2022-04-22,"Wankhede Stadium, Mumbai",2,0.4,Delhi Capitals,Rajasthan Royals,PP Shaw,DA Warner,TA Boult,0,0,,,,,,,,,
1304080,2022,2022-04-22,"Wankhede Stadium, Mumbai",2,0.5,Delhi Capitals,Rajasthan Royals,PP Shaw,DA Warner,TA Boult,0,0,,,,,,,,,
1304080,2022,2022-04-22,"Wankhede Stadium, Mumbai",2,0.6,Delhi Capitals,Rajasthan Royals,PP Shaw,DA Warner,TA Boult,0,0,,,,,,,,,
1304080,2022,2022-04-22,"Wankhede Stadium, Mumbai",2,1.1,Delhi Capitals,Rajasthan Royals,DA Warner,PP Shaw,M Prasidh Krishna,4,0,,,,,,,,,
1304080,2022,2022-04-22,"Wankhede Stadium, Mumbai",2,1.2,Delhi Capitals,Rajasthan Royals,DA Warner,PP Shaw,M Prasidh Krishna,0,0,,,,,,,,,
1304080,2022,2022-04-22,"Wankhede Stadium, Mumbai",2,1.3,Delhi Capitals,Rajasthan Royals,DA Warner,PP Shaw,M Prasidh Krishna,0,0,,,,,,,,,
1304080,2022,2022-04-22,"Wankhede Stadium, Mumbai",2,1.4,Delhi Capitals,Rajasthan Royals,DA Warner,PP Shaw,M Prasidh Krishna,1,0,,,,,,,,,
1304080,2022,2022-04-22,"Wankhede Stadium, Mumbai",2,1.5,Delhi Capitals,Rajasthan Royals,PP Shaw,DA Warner,M Prasidh Krishna,0,0,,,,,,,,,
1304080,2022,2022-04-22,"Wankhede Stadium, Mumbai",2,1.6,Delhi Capitals,Rajasthan Royals,PP Shaw,DA Warner,M Prasidh Krishna,1,0,,,,,,,,,
1304080,2022,2022-04-22,"Wankhede Stadium, Mumbai",2,2.1,Delhi Capitals,Rajasthan Royals,PP Shaw,DA Warner,TA Boult,1,0,,,,,,,,,
1304080,2022,2022-04-22,"Wankhede Stadium, Mumbai",2,2.2,Delhi Capitals,Rajasthan Royals,DA Warner,PP Shaw,TA Boult,0,0,,,,,,,,,
1304080,2022,2022-04-22,"Wankhede Stadium, Mumbai",2,2.3,Delhi Capitals,Rajasthan Royals,DA Warner,PP Shaw,TA Boult,4,0,,,,,,,,,
1304080,2022,2022-04-22,"Wankhede Stadium, Mumbai",2,2.4,Delhi Capitals,Rajasthan Royals,DA Warner,PP Shaw,TA Boult,0,0,,,,,,,,,
1304080,2022,2022-04-22,"Wankhede Stadium, Mumbai",2,2.5,Delhi Capitals,Rajasthan Royals,DA Warner,PP Shaw,TA Boult,0,0,,,,,,,,,
1304080,2022,2022-04-22,"Wankhede Stadium, Mumbai",2,2.6,Delhi Capitals,Rajasthan Royals,DA Warner,PP Shaw,TA Boult,6,0,,,,,,,,,
1304080,2022,2022-04-22,"Wankhede Stadium, Mumbai",2,3.1,Delhi Capitals,Rajasthan Royals,PP Shaw,DA Warner,OC McCoy,0,0,,,,,,,,,
1304080,2022,2022-04-22,"Wankhede Stadium, Mumbai",2,3.2,Delhi Capitals,Rajasthan Royals,PP Shaw,DA Warner,OC McCoy,4,0,,,,,,,,,
1304080,2022,2022-04-22,"Wankhede Stadium, Mumbai",2,3.3,Delhi Capitals,Rajasthan Royals,PP Shaw,DA Warner,OC McCoy,0,0,,,,,,,,,
1304080,2022,2022-04-22,"Wankhede Stadium, Mumbai",2,3.4,Delhi Capitals,Rajasthan Royals,PP Shaw,DA Warner,OC McCoy,1,0,,,,,,,,,
1304080,2022,2022-04-22,"Wankhede Stadium, Mumbai",2,3.5,Delhi Capitals,Rajasthan Royals,DA Warner,PP Shaw,OC McCoy,4,0,,,,,,,,,
1304080,2022,2022-04-22,"Wankhede Stadium, Mumbai",2,3.6,Delhi Capitals,Rajasthan Royals,DA Warner,PP Shaw,OC McCoy,1,0,,,,,,,,,
1304080,2022,2022-04-22,"Wankhede Stadium, Mumbai",2,4.1,Delhi Capitals,Rajasthan Royals,DA Warner,PP Shaw,M Prasidh Krishna,4,0,,,,,,,,,
1304080,2022,2022-04-22,"Wankhede Stadium, Mumbai",2,4.2,Delhi Capitals,Rajasthan Royals,DA Warner,PP Shaw,M Prasidh Krishna,4,0,,,,,,,,,
1304080,2022,2022-04-22,"Wankhede Stadium, Mumbai",2,4.3,Delhi Capitals,Rajasthan Royals,DA Warner,PP Shaw,M Prasidh Krishna,0,0,,,,,,caught,DA Warner,,
1304080,2022,2022-04-22,"Wankhede Stadium, Mumbai",2,4.4,Delhi Capitals,Rajasthan Royals,SN Khan,PP Shaw,M Prasidh Krishna,0,0,,,,,,,,,
1304080,2022,2022-04-22,"Wankhede Stadium, Mumbai",2,4.5,Delhi Capitals,Rajasthan Royals,SN Khan,PP Shaw,M Prasidh Krishna,1,0,,,,,,,,,
1304080,2022,2022-04-22,"Wankhede Stadium, Mumbai",2,4.6,Delhi Capitals,Rajasthan Royals,PP Shaw,SN Khan,M Prasidh Krishna,4,0,,,,,,,,,
1304080,2022,2022-04-22,"Wankhede Stadium, Mumbai",2,5.1,Delhi Capitals,Rajasthan Royals,SN Khan,PP Shaw,R Ashwin,0,0,,,,,,caught,SN Khan,,
1304080,2022,2022-04-22,"Wankhede Stadium, Mumbai",2,5.2,Delhi Capitals,Rajasthan Royals,RR Pant,PP Shaw,R Ashwin,0,0,,,,,,,,,
1304080,2022,2022-04-22,"Wankhede Stadium, Mumbai",2,5.3,Delhi Capitals,Rajasthan Royals,RR Pant,PP Shaw,R Ashwin,4,0,,,,,,,,,
1304080,2022,2022-04-22,"Wankhede Stadium, Mumbai",2,5.4,Delhi Capitals,Rajasthan Royals,RR Pant,PP Shaw,R Ashwin,1,0,,,,,,,,,
1304080,2022,2022-04-22,"Wankhede Stadium, Mumbai",2,5.5,Delhi Capitals,Rajasthan Royals,PP Shaw,RR Pant,R Ashwin,1,0,,,,,,,,,
1304080,2022,2022-04-22,"Wankhede Stadium, Mumbai",2,5.6,Delhi Capitals,Rajasthan Royals,RR Pant,PP Shaw,R Ashwin,1,0,,,,,,,,,
1304080,2022,2022-04-22,"Wankhede Stadium, Mumbai",2,6.1,Delhi Capitals,Rajasthan Royals,RR Pant,PP Shaw,YS Chahal,1,0,,,,,,,,,
1304080,2022,2022-04-22,"Wankhede Stadium, Mumbai",2,6.2,Delhi Capitals,Rajasthan Royals,PP Shaw,RR Pant,YS Chahal,0,0,,,,,,,,,
1304080,2022,2022-04-22,"Wankhede Stadium, Mumbai",2,6.3,Delhi Capitals,Rajasthan Royals,PP Shaw,RR Pant,YS Chahal,1,0,,,,,,,,,
1304080,2022,2022-04-22,"Wankhede Stadium, Mumbai",2,6.4,Delhi Capitals,Rajasthan Royals,RR Pant,PP Shaw,YS Chahal,1,0,,,,,,,,,
1304080,2022,2022-04-22,"Wankhede Stadium, Mumbai",2,6.5,Delhi Capitals,Rajasthan Royals,PP Shaw,RR Pant,YS Chahal,1,0,,,,,,,,,
1304080,2022,2022-04-22,"Wankhede Stadium, Mumbai",2,6.6,Delhi Capitals,Rajasthan Royals,RR Pant,PP Shaw,YS Chahal,1,0,,,,,,,,,
1304080,2022,2022-04-22,"Wankhede Stadium, Mumbai",2,7.1,Delhi Capitals,Rajasthan Royals,RR Pant,PP Shaw,R Ashwin,2,0,,,,,,,,,
1304080,2022,2022-04-22,"Wankhede Stadium, Mumbai",2,7.2,Delhi Capitals,Rajasthan Royals,RR Pant,PP Shaw,R Ashwin,1,0,,,,,,,,,
1304080,2022,2022-04-22,"Wankhede Stadium, Mumbai",2,7.3,Delhi Capitals,Rajasthan Royals,PP Shaw,RR Pant,R Ashwin,1,0,,,,,,,,,
1304080,2022,2022-04-22,"Wankhede Stadium, Mumbai",2,7.4,Delhi Capitals,Rajasthan Royals,RR Pant,PP Shaw,R Ashwin,1,0,,,,,,,,,
1304080,2022,2022-04-22,"Wankhede Stadium, Mumbai",2,7.5,Delhi Capitals,Rajasthan Royals,PP Shaw,RR Pant,R Ashwin,0,2,2,,,,,,,,
1304080,2022,2022-04-22,"Wankhede Stadium, Mumbai",2,7.6,Delhi Capitals,Rajasthan Royals,RR Pant,PP Shaw,R Ashwin,1,0,,,,,,,,,
1304080,2022,2022-04-22,"Wankhede Stadium, Mumbai",2,7.7,Delhi Capitals,Rajasthan Royals,PP Shaw,RR Pant,R Ashwin,1,0,,,,,,,,,
1304080,2022,2022-04-22,"Wankhede Stadium, Mumbai",2,8.1,Delhi Capitals,Rajasthan Royals,PP Shaw,RR Pant,OC McCoy,4,0,,,,,,,,,
1304080,2022,2022-04-22,"Wankhede Stadium, Mumbai",2,8.2,Delhi Capitals,Rajasthan Royals,PP Shaw,RR Pant,OC McCoy,6,0,,,,,,,,,
1304080,2022,2022-04-22,"Wankhede Stadium, Mumbai",2,8.3,Delhi Capitals,Rajasthan Royals,PP Shaw,RR Pant,OC McCoy,0,5,,1,4,,,,,,
1304080,2022,2022-04-22,"Wankhede Stadium, Mumbai",2,8.4,Delhi Capitals,Rajasthan Royals,PP Shaw,RR Pant,OC McCoy,0,1,1,,,,,,,,
1304080,2022,2022-04-22,"Wankhede Stadium, Mumbai",2,8.5,Delhi Capitals,Rajasthan Royals,PP Shaw,RR Pant,OC McCoy,0,1,1,,,,,,,,
1304080,2022,2022-04-22,"Wankhede Stadium, Mumbai",2,8.6,Delhi Capitals,Rajasthan Royals,PP Shaw,RR Pant,OC McCoy,1,0,,,,,,,,,
1304080,2022,2022-04-22,"Wankhede Stadium, Mumbai",2,8.7,Delhi Capitals,Rajasthan Royals,RR Pant,PP Shaw,OC McCoy,4,0,,,,,,,,,
1304080,2022,2022-04-22,"Wankhede Stadium, Mumbai",2,8.8,Delhi Capitals,Rajasthan Royals,RR Pant,PP Shaw,OC McCoy,4,0,,,,,,,,,
1304080,2022,2022-04-22,"Wankhede Stadium, Mumbai",2,8.9,Delhi Capitals,Rajasthan Royals,RR Pant,PP Shaw,OC McCoy,0,0,,,,,,,,,
1304080,2022,2022-04-22,"Wankhede Stadium, Mumbai",2,9.1,Delhi Capitals,Rajasthan Royals,PP Shaw,RR Pant,R Ashwin,1,0,,,,,,,,,
1304080,2022,2022-04-22,"Wankhede Stadium, Mumbai",2,9.2,Delhi Capitals,Rajasthan Royals,RR Pant,PP Shaw,R Ashwin,0,0,,,,,,,,,
1304080,2022,2022-04-22,"Wankhede Stadium, Mumbai",2,9.3,Delhi Capitals,Rajasthan Royals,RR Pant,PP Shaw,R Ashwin,1,0,,,,,,,,,
1304080,2022,2022-04-22,"Wankhede Stadium, Mumbai",2,9.4,Delhi Capitals,Rajasthan Royals,PP Shaw,RR Pant,R Ashwin,1,0,,,,,,,,,
1304080,2022,2022-04-22,"Wankhede Stadium, Mumbai",2,9.5,Delhi Capitals,Rajasthan Royals,RR Pant,PP Shaw,R Ashwin,1,0,,,,,,,,,
1304080,2022,2022-04-22,"Wankhede Stadium, Mumbai",2,9.6,Delhi Capitals,Rajasthan Royals,PP Shaw,RR Pant,R Ashwin,0,0,,,,,,caught,PP Shaw,,
1304080,2022,2022-04-22,"Wankhede Stadium, Mumbai",2,10.1,Delhi Capitals,Rajasthan Royals,RR Pant,Lalit Yadav,R Parag,6,0,,,,,,,,,
1304080,2022,2022-04-22,"Wankhede Stadium, Mumbai",2,10.2,Delhi Capitals,Rajasthan Royals,RR Pant,Lalit Yadav,R Parag,1,0,,,,,,,,,
1304080,2022,2022-04-22,"Wankhede Stadium, Mumbai",2,10.3,Delhi Capitals,Rajasthan Royals,Lalit Yadav,RR Pant,R Parag,1,0,,,,,,,,,
1304080,2022,2022-04-22,"Wankhede Stadium, Mumbai",2,10.4,Delhi Capitals,Rajasthan Royals,RR Pant,Lalit Yadav,R Parag,6,0,,,,,,,,,
1304080,2022,2022-04-22,"Wankhede Stadium, Mumbai",2,10.5,Delhi Capitals,Rajasthan Royals,RR Pant,Lalit Yadav,R Parag,0,1,1,,,,,,,,
1304080,2022,2022-04-22,"Wankhede Stadium, Mumbai",2,10.6,Delhi Capitals,Rajasthan Royals,RR Pant,Lalit Yadav,R Parag,4,0,,,,,,,,,
1304080,2022,2022-04-22,"Wankhede Stadium, Mumbai",2,10.7,Delhi Capitals,Rajasthan Royals,RR Pant,Lalit Yadav,R Parag,0,1,1,,,,,,,,
1304080,2022,2022-04-22,"Wankhede Stadium, Mumbai",2,10.8,Delhi Capitals,Rajasthan Royals,RR Pant,Lalit Yadav,R Parag,2,0,,,,,,,,,
1304080,2022,2022-04-22,"Wankhede Stadium, Mumbai",2,11.1,Delhi Capitals,Rajasthan Royals,Lalit Yadav,RR Pant,M Prasidh Krishna,1,0,,,,,,,,,
1304080,2022,2022-04-22,"Wankhede Stadium, Mumbai",2,11.2,Delhi Capitals,Rajasthan Royals,RR Pant,Lalit Yadav,M Prasidh Krishna,1,0,,,,,,,,,
1304080,2022,2022-04-22,"Wankhede Stadium, Mumbai",2,11.3,Delhi Capitals,Rajasthan Royals,Lalit Yadav,RR Pant,M Prasidh Krishna,1,0,,,,,,,,,
1304080,2022,2022-04-22,"Wankhede Stadium, Mumbai",2,11.4,Delhi Capitals,Rajasthan Royals,RR Pant,Lalit Yadav,M Prasidh Krishna,0,0,,,,,,caught,RR Pant,,
1304080,2022,2022-04-22,"Wankhede Stadium, Mumbai",2,11.5,Delhi Capitals,Rajasthan Royals,AR Patel,Lalit Yadav,M Prasidh Krishna,0,0,,,,,,,,,
1304080,2022,2022-04-22,"Wankhede Stadium, Mumbai",2,11.6,Delhi Capitals,Rajasthan Royals,AR Patel,Lalit Yadav,M Prasidh Krishna,0,0,,,,,,,,,
1304080,2022,2022-04-22,"Wankhede Stadium, Mumbai",2,12.1,Delhi Capitals,Rajasthan Royals,Lalit Yadav,AR Patel,YS Chahal,1,0,,,,,,,,,
1304080,2022,2022-04-22,"Wankhede Stadium, Mumbai",2,12.2,Delhi Capitals,Rajasthan Royals,AR Patel,Lalit Yadav,YS Chahal,1,0,,,,,,,,,
1304080,2022,2022-04-22,"Wankhede Stadium, Mumbai",2,12.3,Delhi Capitals,Rajasthan Royals,Lalit Yadav,AR Patel,YS Chahal,0,0,,,,,,,,,
1304080,2022,2022-04-22,"Wankhede Stadium, Mumbai",2,12.4,Delhi Capitals,Rajasthan Royals,Lalit Yadav,AR Patel,YS Chahal,0,0,,,,,,,,,
1304080,2022,2022-04-22,"Wankhede Stadium, Mumbai",2,12.5,Delhi Capitals,Rajasthan Royals,Lalit Yadav,AR Patel,YS Chahal,1,0,,,,,,,,,
1304080,2022,2022-04-22,"Wankhede Stadium, Mumbai",2,12.6,Delhi Capitals,Rajasthan Royals,AR Patel,Lalit Yadav,YS Chahal,0,0,,,,,,bowled,AR Patel,,
1304080,2022,2022-04-22,"Wankhede Stadium, Mumbai",2,13.1,Delhi Capitals,Rajasthan Royals,Lalit Yadav,SN Thakur,R Ashwin,1,0,,,,,,,,,
1304080,2022,2022-04-22,"Wankhede Stadium, Mumbai",2,13.2,Delhi Capitals,Rajasthan Royals,SN Thakur,Lalit Yadav,R Ashwin,1,0,,,,,,,,,
1304080,2022,2022-04-22,"Wankhede Stadium, Mumbai",2,13.3,Delhi Capitals,Rajasthan Royals,Lalit Yadav,SN Thakur,R Ashwin,1,0,,,,,,,,,
1304080,2022,2022-04-22,"Wankhede Stadium, Mumbai",2,13.4,Delhi Capitals,Rajasthan Royals,SN Thakur,Lalit Yadav,R Ashwin,1,0,,,,,,,,,
1304080,2022,2022-04-22,"Wankhede Stadium, Mumbai",2,13.5,Delhi Capitals,Rajasthan Royals,Lalit Yadav,SN Thakur,R Ashwin,4,0,,,,,,,,,
1304080,2022,2022-04-22,"Wankhede Stadium, Mumbai",2,13.6,Delhi Capitals,Rajasthan Royals,Lalit Yadav,SN Thakur,R Ashwin,4,0,,,,,,,,,
1304080,2022,2022-04-22,"Wankhede Stadium, Mumbai",2,14.1,Delhi Capitals,Rajasthan Royals,SN Thakur,Lalit Yadav,YS Chahal,0,0,,,,,,,,,
1304080,2022,2022-04-22,"Wankhede Stadium, Mumbai",2,14.2,Delhi Capitals,Rajasthan Royals,SN Thakur,Lalit Yadav,YS Chahal,1,0,,,,,,,,,
1304080,2022,2022-04-22,"Wankhede Stadium, Mumbai",2,14.3,Delhi Capitals,Rajasthan Royals,Lalit Yadav,SN Thakur,YS Chahal,6,0,,,,,,,,,
1304080,2022,2022-04-22,"Wankhede Stadium, Mumbai",2,14.4,Delhi Capitals,Rajasthan Royals,Lalit Yadav,SN Thakur,YS Chahal,2,0,,,,,,,,,
1304080,2022,2022-04-22,"Wankhede Stadium, Mumbai",2,14.5,Delhi Capitals,Rajasthan Royals,Lalit Yadav,SN Thakur,YS Chahal,1,0,,,,,,,,,
1304080,2022,2022-04-22,"Wankhede Stadium, Mumbai",2,14.6,Delhi Capitals,Rajasthan Royals,SN Thakur,Lalit Yadav,YS Chahal,0,0,,,,,,,,,
1304080,2022,2022-04-22,"Wankhede Stadium, Mumbai",2,15.1,Delhi Capitals,Rajasthan Royals,Lalit Yadav,SN Thakur,TA Boult,1,0,,,,,,,,,
1304080,2022,2022-04-22,"Wankhede Stadium, Mumbai",2,15.2,Delhi Capitals,Rajasthan Royals,SN Thakur,Lalit Yadav,TA Boult,6,0,,,,,,,,,
1304080,2022,2022-04-22,"Wankhede Stadium, Mumbai",2,15.3,Delhi Capitals,Rajasthan Royals,SN Thakur,Lalit Yadav,TA Boult,1,0,,,,,,run out,SN Thakur,,
1304080,2022,2022-04-22,"Wankhede Stadium, Mumbai",2,15.4,Delhi Capitals,Rajasthan Royals,R Powell,Lalit Yadav,TA Boult,1,0,,,,,,,,,
1304080,2022,2022-04-22,"Wankhede Stadium, Mumbai",2,15.5,Delhi Capitals,Rajasthan Royals,Lalit Yadav,R Powell,TA Boult,4,0,,,,,,,,,
1304080,2022,2022-04-22,"Wankhede Stadium, Mumbai",2,15.6,Delhi Capitals,Rajasthan Royals,Lalit Yadav,R Powell,TA Boult,0,0,,,,,,,,,
1304080,2022,2022-04-22,"Wankhede Stadium, Mumbai",2,16.1,Delhi Capitals,Rajasthan Royals,R Powell,Lalit Yadav,YS Chahal,0,0,,,,,,,,,
1304080,2022,2022-04-22,"Wankhede Stadium, Mumbai",2,16.2,Delhi Capitals,Rajasthan Royals,R Powell,Lalit Yadav,YS Chahal,1,0,,,,,,,,,
1304080,2022,2022-04-22,"Wankhede Stadium, Mumbai",2,16.3,Delhi Capitals,Rajasthan Royals,Lalit Yadav,R Powell,YS Chahal,6,0,,,,,,,,,
1304080,2022,2022-04-22,"Wankhede Stadium, Mumbai",2,16.4,Delhi Capitals,Rajasthan Royals,Lalit Yadav,R Powell,YS Chahal,0,0,,,,,,,,,
1304080,2022,2022-04-22,"Wankhede Stadium, Mumbai",2,16.5,Delhi Capitals,Rajasthan Royals,Lalit Yadav,R Powell,YS Chahal,0,1,1,,,,,,,,
1304080,2022,2022-04-22,"Wankhede Stadium, Mumbai",2,16.6,Delhi Capitals,Rajasthan Royals,Lalit Yadav,R Powell,YS Chahal,1,0,,,,,,,,,
1304080,2022,2022-04-22,"Wankhede Stadium, Mumbai",2,16.7,Delhi Capitals,Rajasthan Royals,R Powell,Lalit Yadav,YS Chahal,1,0,,,,,,,,,
1304080,2022,2022-04-22,"Wankhede Stadium, Mumbai",2,17.1,Delhi Capitals,Rajasthan Royals,R Powell,Lalit Yadav,TA Boult,0,0,,,,,,,,,
1304080,2022,2022-04-22,"Wankhede Stadium, Mumbai",2,17.2,Delhi Capitals,Rajasthan Royals,R Powell,Lalit Yadav,TA Boult,1,0,,,,,,,,,
1304080,2022,2022-04-22,"Wankhede Stadium, Mumbai",2,17.3,Delhi Capitals,Rajasthan Royals,Lalit Yadav,R Powell,TA Boult,1,0,,,,,,,,,
1304080,2022,2022-04-22,"Wankhede Stadium, Mumbai",2,17.4,Delhi Capitals,Rajasthan Royals,R Powell,Lalit Yadav,TA Boult,0,1,1,,,,,,,,
1304080,2022,2022-04-22,"Wankhede Stadium, Mumbai",2,17.5,Delhi Capitals,Rajasthan Royals,R Powell,Lalit Yadav,TA Boult,6,0,,,,,,,,,
1304080,2022,2022-04-22,"Wankhede Stadium, Mumbai",2,17.6,Delhi Capitals,Rajasthan Royals,R Powell,Lalit Yadav,TA Boult,0,0,,,,,,,,,
1304080,2022,2022-04-22,"Wankhede Stadium, Mumbai",2,17.7,Delhi Capitals,Rajasthan Royals,R Powell,Lalit Yadav,TA Boult,6,0,,,,,,,,,
1304080,2022,2022-04-22,"Wankhede Stadium, Mumbai",2,18.1,Delhi Capitals,Rajasthan Royals,Lalit Yadav,R Powell,M Prasidh Krishna,0,0,,,,,,,,,
1304080,2022,2022-04-22,"Wankhede Stadium, Mumbai",2,18.2,Delhi Capitals,Rajasthan Royals,Lalit Yadav,R Powell,M Prasidh Krishna,0,0,,,,,,,,,
1304080,2022,2022-04-22,"Wankhede Stadium, Mumbai",2,18.3,Delhi Capitals,Rajasthan Royals,Lalit Yadav,R Powell,M Prasidh Krishna,0,0,,,,,,caught,Lalit Yadav,,
1304080,2022,2022-04-22,"Wankhede Stadium, Mumbai",2,18.4,Delhi Capitals,Rajasthan Royals,Kuldeep Yadav,R Powell,M Prasidh Krishna,0,0,,,,,,,,,
1304080,2022,2022-04-22,"Wankhede Stadium, Mumbai",2,18.5,Delhi Capitals,Rajasthan Royals,Kuldeep Yadav,R Powell,M Prasidh Krishna,0,0,,,,,,,,,
1304080,2022,2022-04-22,"Wankhede Stadium, Mumbai",2,18.6,Delhi Capitals,Rajasthan Royals,Kuldeep Yadav,R Powell,M Prasidh Krishna,0,0,,,,,,,,,
1304080,2022,2022-04-22,"Wankhede Stadium, Mumbai",2,19.1,Delhi Capitals,Rajasthan Royals,R Powell,Kuldeep Yadav,OC McCoy,6,0,,,,,,,,,
1304080,2022,2022-04-22,"Wankhede Stadium, Mumbai",2,19.2,Delhi Capitals,Rajasthan Royals,R Powell,Kuldeep Yadav,OC McCoy,6,0,,,,,,,,,
1304080,2022,2022-04-22,"Wankhede Stadium, Mumbai",2,19.3,Delhi Capitals,Rajasthan Royals,R Powell,Kuldeep Yadav,OC McCoy,6,0,,,,,,,,,
1304080,2022,2022-04-22,"Wankhede Stadium, Mumbai",2,19.4,Delhi Capitals,Rajasthan Royals,R Powell,Kuldeep Yadav,OC McCoy,0,0,,,,,,,,,
1304080,2022,2022-04-22,"Wankhede Stadium, Mumbai",2,19.5,Delhi Capitals,Rajasthan Royals,R Powell,Kuldeep Yadav,OC McCoy,2,0,,,,,,,,,
1304080,2022,2022-04-22,"Wankhede Stadium, Mumbai",2,19.6,Delhi Capitals,Rajasthan Royals,R Powell,Kuldeep Yadav,OC McCoy,0,0,,,,,,caught,R Powell,,
