match_id,season,start_date,venue,innings,ball,batting_team,bowling_team,striker,non_striker,bowler,runs_off_bat,extras,wides,noballs,byes,legbyes,penalty,wicket_type,player_dismissed,other_wicket_type,other_player_dismissed
1304088,2022,2022-04-29,"Maharashtra Cricket Association Stadium, Pune",1,0.1,Lucknow Super Giants,Punjab Kings,Q de Kock,KL Rahul,Arshdeep Singh,1,0,,,,,,,,,
1304088,2022,2022-04-29,"Maharashtra Cricket Association Stadium, Pune",1,0.2,Lucknow Super Giants,Punjab Kings,KL Rahul,Q de Kock,Arshdeep Singh,0,0,,,,,,,,,
1304088,2022,2022-04-29,"Maharashtra Cricket Association Stadium, Pune",1,0.3,Lucknow Super Giants,Punjab Kings,KL Rahul,Q de Kock,Arshdeep Singh,0,0,,,,,,,,,
1304088,2022,2022-04-29,"Maharashtra Cricket Association Stadium, Pune",1,0.4,Lucknow Super Giants,Punjab Kings,KL Rahul,Q de Kock,Arshdeep Singh,0,0,,,,,,,,,
1304088,2022,2022-04-29,"Maharashtra Cricket Association Stadium, Pune",1,0.5,Lucknow Super Giants,Punjab Kings,KL Rahul,Q de Kock,Arshdeep Singh,0,0,,,,,,,,,
1304088,2022,2022-04-29,"Maharashtra Cricket Association Stadium, Pune",1,0.6,Lucknow Super Giants,Punjab Kings,KL Rahul,Q de Kock,Arshdeep Singh,0,4,,,,4,,,,,
1304088,2022,2022-04-29,"Maharashtra Cricket Association Stadium, Pune",1,1.1,Lucknow Super Giants,Punjab Kings,Q de Kock,KL Rahul,Sandeep Sharma,1,0,,,,,,,,,
1304088,2022,2022-04-29,"Maharashtra Cricket Association Stadium, Pune",1,1.2,Lucknow Super Giants,Punjab Kings,KL Rahul,Q de Kock,Sandeep Sharma,0,0,,,,,,,,,
1304088,2022,2022-04-29,"Maharashtra Cricket Association Stadium, Pune",1,1.3,Lucknow Super Giants,Punjab Kings,KL Rahul,Q de Kock,Sandeep Sharma,1,0,,,,,,,,,
1304088,2022,2022-04-29,"Maharashtra Cricket Association Stadium, Pune",1,1.4,Lucknow Super Giants,Punjab Kings,Q de Kock,KL Rahul,Sandeep Sharma,0,0,,,,,,,,,
1304088,2022,2022-04-29,"Maharashtra Cricket Association Stadium, Pune",1,1.5,Lucknow Super Giants,Punjab Kings,Q de Kock,KL Rahul,Sandeep Sharma,0,0,,,,,,,,,
1304088,2022,2022-04-29,"Maharashtra Cricket Association Stadium, Pune",1,1.6,Lucknow Super Giants,Punjab Kings,Q de Kock,KL Rahul,Sandeep Sharma,0,0,,,,,,,,,
1304088,2022,2022-04-29,"Maharashtra Cricket Association Stadium, Pune",1,2.1,Lucknow Super Giants,Punjab Kings,KL Rahul,Q de Kock,K Rabada,1,0,,,,,,,,,
1304088,2022,2022-04-29,"Maharashtra Cricket Association Stadium, Pune",1,2.2,Lucknow Super Giants,Punjab Kings,Q de Kock,KL Rahul,K Rabada,1,0,,,,,,,,,
1304088,2022,2022-04-29,"Maharashtra Cricket Association Stadium, Pune",1,2.3,Lucknow Super Giants,Punjab Kings,KL Rahul,Q de Kock,K Rabada,4,0,,,,,,,,,
1304088,2022,2022-04-29,"Maharashtra Cricket Association Stadium, Pune",1,2.4,Lucknow Super Giants,Punjab Kings,KL Rahul,Q de Kock,K Rabada,0,0,,,,,,,,,
1304088,2022,2022-04-29,"Maharashtra Cricket Association Stadium, Pune",1,2.5,Lucknow Super Giants,Punjab Kings,KL Rahul,Q de Kock,K Rabada,0,0,,,,,,caught,KL Rahul,,
1304088,2022,2022-04-29,"Maharashtra Cricket Association Stadium, Pune",1,2.6,Lucknow Super Giants,Punjab Kings,DJ Hooda,Q de Kock,K Rabada,0,0,,,,,,,,,
1304088,2022,2022-04-29,"Maharashtra Cricket Association Stadium, Pune",1,3.1,Lucknow Super Giants,Punjab Kings,Q de Kock,DJ Hooda,Sandeep Sharma,0,0,,,,,,,,,
1304088,2022,2022-04-29,"Maharashtra Cricket Association Stadium, Pune",1,3.2,Lucknow Super Giants,Punjab Kings,Q de Kock,DJ Hooda,Sandeep Sharma,0,0,,,,,,,,,
1304088,2022,2022-04-29,"Maharashtra Cricket Association Stadium, Pune",1,3.3,Lucknow Super Giants,Punjab Kings,Q de Kock,DJ Hooda,Sandeep Sharma,1,0,,,,,,,,,
1304088,2022,2022-04-29,"Maharashtra Cricket Association Stadium, Pune",1,3.4,Lucknow Super Giants,Punjab Kings,DJ Hooda,Q de Kock,Sandeep Sharma,1,0,,,,,,,,,
1304088,2022,2022-04-29,"Maharashtra Cricket Association Stadium, Pune",1,3.5,Lucknow Super Giants,Punjab Kings,Q de Kock,DJ Hooda,Sandeep Sharma,1,0,,,,,,,,,
1304088,2022,2022-04-29,"Maharashtra Cricket Association Stadium, Pune",1,3.6,Lucknow Super Giants,Punjab Kings,DJ Hooda,Q de Kock,Sandeep Sharma,0,0,,,,,,,,,
1304088,2022,2022-04-29,"Maharashtra Cricket Association Stadium, Pune",1,4.1,Lucknow Super Giants,Punjab Kings,Q de Kock,DJ Hooda,K Rabada,0,1,1,,,,,,,,
1304088,2022,2022-04-29,"Maharashtra Cricket Association Stadium, Pune",1,4.2,Lucknow Super Giants,Punjab Kings,Q de Kock,DJ Hooda,K Rabada,0,0,,,,,,,,,
1304088,2022,2022-04-29,"Maharashtra Cricket Association Stadium, Pune",1,4.3,Lucknow Super Giants,Punjab Kings,Q de Kock,DJ Hooda,K Rabada,6,0,,,,,,,,,
1304088,2022,2022-04-29,"Maharashtra Cricket Association Stadium, Pune",1,4.4,Lucknow Super Giants,Punjab Kings,Q de Kock,DJ Hooda,K Rabada,6,0,,,,,,,,,
1304088,2022,2022-04-29,"Maharashtra Cricket Association Stadium, Pune",1,4.5,Lucknow Super Giants,Punjab Kings,Q de Kock,DJ Hooda,K Rabada,1,0,,,,,,,,,
1304088,2022,2022-04-29,"Maharashtra Cricket Association Stadium, Pune",1,4.6,Lucknow Super Giants,Punjab Kings,DJ Hooda,Q de Kock,K Rabada,1,0,,,,,,,,,
1304088,2022,2022-04-29,"Maharashtra Cricket Association Stadium, Pune",1,4.7,Lucknow Super Giants,Punjab Kings,Q de Kock,DJ Hooda,K Rabada,1,0,,,,,,,,,
1304088,2022,2022-04-29,"Maharashtra Cricket Association Stadium, Pune",1,5.1,Lucknow Super Giants,Punjab Kings,Q de Kock,DJ Hooda,R Dhawan,2,0,,,,,,,,,
1304088,2022,2022-04-29,"Maharashtra Cricket Association Stadium, Pune",1,5.2,Lucknow Super Giants,Punjab Kings,Q de Kock,DJ Hooda,R Dhawan,1,0,,,,,,,,,
1304088,2022,2022-04-29,"Maharashtra Cricket Association Stadium, Pune",1,5.3,Lucknow Super Giants,Punjab Kings,DJ Hooda,Q de Kock,R Dhawan,0,0,,,,,,,,,
1304088,2022,2022-04-29,"Maharashtra Cricket Association Stadium, Pune",1,5.4,Lucknow Super Giants,Punjab Kings,DJ Hooda,Q de Kock,R Dhawan,0,0,,,,,,,,,
1304088,2022,2022-04-29,"Maharashtra Cricket Association Stadium, Pune",1,5.5,Lucknow Super Giants,Punjab Kings,DJ Hooda,Q de Kock,R Dhawan,0,0,,,,,,,,,
1304088,2022,2022-04-29,"Maharashtra Cricket Association Stadium, Pune",1,5.6,Lucknow Super Giants,Punjab Kings,DJ Hooda,Q de Kock,R Dhawan,0,4,,,,4,,,,,
1304088,2022,2022-04-29,"Maharashtra Cricket Association Stadium, Pune",1,6.1,Lucknow Super Giants,Punjab Kings,Q de Kock,DJ Hooda,Sandeep Sharma,0,0,,,,,,,,,
1304088,2022,2022-04-29,"Maharashtra Cricket Association Stadium, Pune",1,6.2,Lucknow Super Giants,Punjab Kings,Q de Kock,DJ Hooda,Sandeep Sharma,1,0,,,,,,,,,
1304088,2022,2022-04-29,"Maharashtra Cricket Association Stadium, Pune",1,6.3,Lucknow Super Giants,Punjab Kings,DJ Hooda,Q de Kock,Sandeep Sharma,0,0,,,,,,,,,
1304088,2022,2022-04-29,"Maharashtra Cricket Association Stadium, Pune",1,6.4,Lucknow Super Giants,Punjab Kings,DJ Hooda,Q de Kock,Sandeep Sharma,0,0,,,,,,,,,
1304088,2022,2022-04-29,"Maharashtra Cricket Association Stadium, Pune",1,6.5,Lucknow Super Giants,Punjab Kings,DJ Hooda,Q de Kock,Sandeep Sharma,0,0,,,,,,,,,
1304088,2022,2022-04-29,"Maharashtra Cricket Association Stadium, Pune",1,6.6,Lucknow Super Giants,Punjab Kings,DJ Hooda,Q de Kock,Sandeep Sharma,0,1,1,,,,,,,,
1304088,2022,2022-04-29,"Maharashtra Cricket Association Stadium, Pune",1,6.7,Lucknow Super Giants,Punjab Kings,DJ Hooda,Q de Kock,Sandeep Sharma,1,0,,,,,,,,,
1304088,2022,2022-04-29,"Maharashtra Cricket Association Stadium, Pune",1,7.1,Lucknow Super Giants,Punjab Kings,DJ Hooda,Q de Kock,R Dhawan,6,0,,,,,,,,,
1304088,2022,2022-04-29,"Maharashtra Cricket Association Stadium, Pune",1,7.2,Lucknow Super Giants,Punjab Kings,DJ Hooda,Q de Kock,R Dhawan,1,0,,,,,,,,,
1304088,2022,2022-04-29,"Maharashtra Cricket Association Stadium, Pune",1,7.3,Lucknow Super Giants,Punjab Kings,Q de Kock,DJ Hooda,R Dhawan,0,0,,,,,,,,,
1304088,2022,2022-04-29,"Maharashtra Cricket Association Stadium, Pune",1,7.4,Lucknow Super Giants,Punjab Kings,Q de Kock,DJ Hooda,R Dhawan,1,0,,,,,,,,,
1304088,2022,2022-04-29,"Maharashtra Cricket Association Stadium, Pune",1,7.5,Lucknow Super Giants,Punjab Kings,DJ Hooda,Q de Kock,R Dhawan,0,0,,,,,,,,,
1304088,2022,2022-04-29,"Maharashtra Cricket Association Stadium, Pune",1,7.6,Lucknow Super Giants,Punjab Kings,DJ Hooda,Q de Kock,R Dhawan,2,0,,,,,,,,,
1304088,2022,2022-04-29,"Maharashtra Cricket Association Stadium, Pune",1,8.1,Lucknow Super Giants,Punjab Kings,Q de Kock,DJ Hooda,LS Livingstone,4,0,,,,,,,,,
1304088,2022,2022-04-29,"Maharashtra Cricket Association Stadium, Pune",1,8.2,Lucknow Super Giants,Punjab Kings,Q de Kock,DJ Hooda,LS Livingstone,1,0,,,,,,,,,
1304088,2022,2022-04-29,"Maharashtra Cricket Association Stadium, Pune",1,8.3,Lucknow Super Giants,Punjab Kings,DJ Hooda,Q de Kock,LS Livingstone,1,0,,,,,,,,,
1304088,2022,2022-04-29,"Maharashtra Cricket Association Stadium, Pune",1,8.4,Lucknow Super Giants,Punjab Kings,Q de Kock,DJ Hooda,LS Livingstone,0,0,,,,,,,,,
1304088,2022,2022-04-29,"Maharashtra Cricket Association Stadium, Pune",1,8.5,Lucknow Super Giants,Punjab Kings,Q de Kock,DJ Hooda,LS Livingstone,1,0,,,,,,,,,
1304088,2022,2022-04-29,"Maharashtra Cricket Association Stadium, Pune",1,8.6,Lucknow Super Giants,Punjab Kings,DJ Hooda,Q de Kock,LS Livingstone,1,0,,,,,,,,,
1304088,2022,2022-04-29,"Maharashtra Cricket Association Stadium, Pune",1,9.1,Lucknow Super Giants,Punjab Kings,DJ Hooda,Q de Kock,RD Chahar,1,0,,,,,,,,,
1304088,2022,2022-04-29,"Maharashtra Cricket Association Stadium, Pune",1,9.2,Lucknow Super Giants,Punjab Kings,Q de Kock,DJ Hooda,RD Chahar,1,0,,,,,,,,,
1304088,2022,2022-04-29,"Maharashtra Cricket Association Stadium, Pune",1,9.3,Lucknow Super Giants,Punjab Kings,DJ Hooda,Q de Kock,RD Chahar,1,0,,,,,,,,,
1304088,2022,2022-04-29,"Maharashtra Cricket Association Stadium, Pune",1,9.4,Lucknow Super Giants,Punjab Kings,Q de Kock,DJ Hooda,RD Chahar,0,0,,,,,,,,,
1304088,2022,2022-04-29,"Maharashtra Cricket Association Stadium, Pune",1,9.5,Lucknow Super Giants,Punjab Kings,Q de Kock,DJ Hooda,RD Chahar,4,0,,,,,,,,,
1304088,2022,2022-04-29,"Maharashtra Cricket Association Stadium, Pune",1,9.6,Lucknow Super Giants,Punjab Kings,Q de Kock,DJ Hooda,RD Chahar,0,0,,,,,,,,,
1304088,2022,2022-04-29,"Maharashtra Cricket Association Stadium, Pune",1,10.1,Lucknow Super Giants,Punjab Kings,DJ Hooda,Q de Kock,LS Livingstone,6,0,,,,,,,,,
1304088,2022,2022-04-29,"Maharashtra Cricket Association Stadium, Pune",1,10.2,Lucknow Super Giants,Punjab Kings,DJ Hooda,Q de Kock,LS Livingstone,0,1,1,,,,,,,,
1304088,2022,2022-04-29,"Maharashtra Cricket Association Stadium, Pune",1,10.3,Lucknow Super Giants,Punjab Kings,DJ Hooda,Q de Kock,LS Livingstone,2,0,,,,,,,,,
1304088,2022,2022-04-29,"Maharashtra Cricket Association Stadium, Pune",1,10.4,Lucknow Super Giants,Punjab Kings,DJ Hooda,Q de Kock,LS Livingstone,2,0,,,,,,,,,
1304088,2022,2022-04-29,"Maharashtra Cricket Association Stadium, Pune",1,10.5,Lucknow Super Giants,Punjab Kings,DJ Hooda,Q de Kock,LS Livingstone,1,0,,,,,,,,,
1304088,2022,2022-04-29,"Maharashtra Cricket Association Stadium, Pune",1,10.6,Lucknow Super Giants,Punjab Kings,Q de Kock,DJ Hooda,LS Livingstone,1,0,,,,,,,,,
1304088,2022,2022-04-29,"Maharashtra Cricket Association Stadium, Pune",1,10.7,Lucknow Super Giants,Punjab Kings,DJ Hooda,Q de Kock,LS Livingstone,2,0,,,,,,,,,
1304088,2022,2022-04-29,"Maharashtra Cricket Association Stadium, Pune",1,11.1,Lucknow Super Giants,Punjab Kings,Q de Kock,DJ Hooda,RD Chahar,1,0,,,,,,,,,
1304088,2022,2022-04-29,"Maharashtra Cricket Association Stadium, Pune",1,11.2,Lucknow Super Giants,Punjab Kings,DJ Hooda,Q de Kock,RD Chahar,1,0,,,,,,,,,
1304088,2022,2022-04-29,"Maharashtra Cricket Association Stadium, Pune",1,11.3,Lucknow Super Giants,Punjab Kings,Q de Kock,DJ Hooda,RD Chahar,0,0,,,,,,,,,
1304088,2022,2022-04-29,"Maharashtra Cricket Association Stadium, Pune",1,11.4,Lucknow Super Giants,Punjab Kings,Q de Kock,DJ Hooda,RD Chahar,1,0,,,,,,,,,
1304088,2022,2022-04-29,"Maharashtra Cricket Association Stadium, Pune",1,11.5,Lucknow Super Giants,Punjab Kings,DJ Hooda,Q de Kock,RD Chahar,0,0,,,,,,,,,
1304088,2022,2022-04-29,"Maharashtra Cricket Association Stadium, Pune",1,11.6,Lucknow Super Giants,Punjab Kings,DJ Hooda,Q de Kock,RD Chahar,4,0,,,,,,,,,
1304088,2022,2022-04-29,"Maharashtra Cricket Association Stadium, Pune",1,12.1,Lucknow Super Giants,Punjab Kings,Q de Kock,DJ Hooda,Sandeep Sharma,4,0,,,,,,,,,
1304088,2022,2022-04-29,"Maharashtra Cricket Association Stadium, Pune",1,12.2,Lucknow Super Giants,Punjab Kings,Q de Kock,DJ Hooda,Sandeep Sharma,0,1,1,,,,,,,,
1304088,2022,2022-04-29,"Maharashtra Cricket Association Stadium, Pune",1,12.3,Lucknow Super Giants,Punjab Kings,Q de Kock,DJ Hooda,Sandeep Sharma,0,0,,,,,,,,,
1304088,2022,2022-04-29,"Maharashtra Cricket Association Stadium, Pune",1,12.4,Lucknow Super Giants,Punjab Kings,Q de Kock,DJ Hooda,Sandeep Sharma,4,0,,,,,,,,,
1304088,2022,2022-04-29,"Maharashtra Cricket Association Stadium, Pune",1,12.5,Lucknow Super Giants,Punjab Kings,Q de Kock,DJ Hooda,Sandeep Sharma,0,0,,,,,,caught,Q de Kock,,
1304088,2022,2022-04-29,"Maharashtra Cricket Association Stadium, Pune",1,12.6,Lucknow Super Giants,Punjab Kings,KH Pandya,DJ Hooda,Sandeep Sharma,0,0,,,,,,,,,
1304088,2022,2022-04-29,"Maharashtra Cricket Association Stadium, Pune",1,12.7,Lucknow Super Giants,Punjab Kings,KH Pandya,DJ Hooda,Sandeep Sharma,1,0,,,,,,,,,
1304088,2022,2022-04-29,"Maharashtra Cricket Association Stadium, Pune",1,13.1,Lucknow Super Giants,Punjab Kings,KH Pandya,DJ Hooda,Arshdeep Singh,4,0,,,,,,,,,
1304088,2022,2022-04-29,"Maharashtra Cricket Association Stadium, Pune",1,13.2,Lucknow Super Giants,Punjab Kings,KH Pandya,DJ Hooda,Arshdeep Singh,0,0,,,,,,,,,
1304088,2022,2022-04-29,"Maharashtra Cricket Association Stadium, Pune",1,13.3,Lucknow Super Giants,Punjab Kings,KH Pandya,DJ Hooda,Arshdeep Singh,1,0,,,,,,run out,DJ Hooda,,
1304088,2022,2022-04-29,"Maharashtra Cricket Association Stadium, Pune",1,13.4,Lucknow Super Giants,Punjab Kings,KH Pandya,MP Stoinis,Arshdeep Singh,1,0,,,,,,,,,
1304088,2022,2022-04-29,"Maharashtra Cricket Association Stadium, Pune",1,13.5,Lucknow Super Giants,Punjab Kings,MP Stoinis,KH Pandya,Arshdeep Singh,0,0,,,,,,,,,
1304088,2022,2022-04-29,"Maharashtra Cricket Association Stadium, Pune",1,13.6,Lucknow Super Giants,Punjab Kings,MP Stoinis,KH Pandya,Arshdeep Singh,0,0,,,,,,,,,
1304088,2022,2022-04-29,"Maharashtra Cricket Association Stadium, Pune",1,14.1,Lucknow Super Giants,Punjab Kings,KH Pandya,MP Stoinis,K Rabada,0,0,,,,,,caught,KH Pandya,,
1304088,2022,2022-04-29,"Maharashtra Cricket Association Stadium, Pune",1,14.2,Lucknow Super Giants,Punjab Kings,A Badoni,MP Stoinis,K Rabada,2,0,,,,,,,,,
1304088,2022,2022-04-29,"Maharashtra Cricket Association Stadium, Pune",1,14.3,Lucknow Super Giants,Punjab Kings,A Badoni,MP Stoinis,K Rabada,2,0,,,,,,,,,
1304088,2022,2022-04-29,"Maharashtra Cricket Association Stadium, Pune",1,14.4,Lucknow Super Giants,Punjab Kings,A Badoni,MP Stoinis,K Rabada,0,0,,,,,,,,,
1304088,2022,2022-04-29,"Maharashtra Cricket Association Stadium, Pune",1,14.5,Lucknow Super Giants,Punjab Kings,A Badoni,MP Stoinis,K Rabada,0,0,,,,,,caught,A Badoni,,
1304088,2022,2022-04-29,"Maharashtra Cricket Association Stadium, Pune",1,14.6,Lucknow Super Giants,Punjab Kings,JO Holder,MP Stoinis,K Rabada,0,0,,,,,,,,,
1304088,2022,2022-04-29,"Maharashtra Cricket Association Stadium, Pune",1,15.1,Lucknow Super Giants,Punjab Kings,MP Stoinis,JO Holder,RD Chahar,1,0,,,,,,,,,
1304088,2022,2022-04-29,"Maharashtra Cricket Association Stadium, Pune",1,15.2,Lucknow Super Giants,Punjab Kings,JO Holder,MP Stoinis,RD Chahar,1,0,,,,,,,,,
1304088,2022,2022-04-29,"Maharashtra Cricket Association Stadium, Pune",1,15.3,Lucknow Super Giants,Punjab Kings,MP Stoinis,JO Holder,RD Chahar,0,0,,,,,,caught and bowled,MP Stoinis,,
1304088,2022,2022-04-29,"Maharashtra Cricket Association Stadium, Pune",1,15.4,Lucknow Super Giants,Punjab Kings,PVD Chameera,JO Holder,RD Chahar,0,0,,,,,,,,,
1304088,2022,2022-04-29,"Maharashtra Cricket Association Stadium, Pune",1,15.5,Lucknow Super Giants,Punjab Kings,PVD Chameera,JO Holder,RD Chahar,0,0,,,,,,,,,
1304088,2022,2022-04-29,"Maharashtra Cricket Association Stadium, Pune",1,15.6,Lucknow Super Giants,Punjab Kings,PVD Chameera,JO Holder,RD Chahar,0,0,,,,,,,,,
1304088,2022,2022-04-29,"Maharashtra Cricket Association Stadium, Pune",1,16.1,Lucknow Super Giants,Punjab Kings,JO Holder,PVD Chameera,Arshdeep Singh,1,0,,,,,,,,,
1304088,2022,2022-04-29,"Maharashtra Cricket Association Stadium, Pune",1,16.2,Lucknow Super Giants,Punjab Kings,PVD Chameera,JO Holder,Arshdeep Singh,1,0,,,,,,,,,
1304088,2022,2022-04-29,"Maharashtra Cricket Association Stadium, Pune",1,16.3,Lucknow Super Giants,Punjab Kings,JO Holder,PVD Chameera,Arshdeep Singh,1,0,,,,,,,,,
1304088,2022,2022-04-29,"Maharashtra Cricket Association Stadium, Pune",1,16.4,Lucknow Super Giants,Punjab Kings,PVD Chameera,JO Holder,Arshdeep Singh,2,0,,,,,,,,,
1304088,2022,2022-04-29,"Maharashtra Cricket Association Stadium, Pune",1,16.5,Lucknow Super Giants,Punjab Kings,PVD Chameera,JO Holder,Arshdeep Singh,1,0,,,,,,,,,
1304088,2022,2022-04-29,"Maharashtra Cricket Association Stadium, Pune",1,16.6,Lucknow Super Giants,Punjab Kings,JO Holder,PVD Chameera,Arshdeep Singh,1,0,,,,,,,,,
1304088,2022,2022-04-29,"Maharashtra Cricket Association Stadium, Pune",1,17.1,Lucknow Super Giants,Punjab Kings,JO Holder,PVD Chameera,RD Chahar,1,0,,,,,,,,,
1304088,2022,2022-04-29,"Maharashtra Cricket Association Stadium, Pune",1,17.2,Lucknow Super Giants,Punjab Kings,PVD Chameera,JO Holder,RD Chahar,1,0,,,,,,,,,
1304088,2022,2022-04-29,"Maharashtra Cricket Association Stadium, Pune",1,17.3,Lucknow Super Giants,Punjab Kings,JO Holder,PVD Chameera,RD Chahar,6,0,,,,,,,,,
1304088,2022,2022-04-29,"Maharashtra Cricket Association Stadium, Pune",1,17.4,Lucknow Super Giants,Punjab Kings,JO Holder,PVD Chameera,RD Chahar,0,0,,,,,,caught,JO Holder,,
1304088,2022,2022-04-29,"Maharashtra Cricket Association Stadium, Pune",1,17.5,Lucknow Super Giants,Punjab Kings,Mohsin Khan,PVD Chameera,RD Chahar,0,0,,,,,,,,,
1304088,2022,2022-04-29,"Maharashtra Cricket Association Stadium, Pune",1,17.6,Lucknow Super Giants,Punjab Kings,Mohsin Khan,PVD Chameera,RD Chahar,6,0,,,,,,,,,
1304088,2022,2022-04-29,"Maharashtra Cricket Association Stadium, Pune",1,18.1,Lucknow Super Giants,Punjab Kings,PVD Chameera,Mohsin Khan,K Rabada,6,0,,,,,,,,,
1304088,2022,2022-04-29,"Maharashtra Cricket Association Stadium, Pune",1,18.2,Lucknow Super Giants,Punjab Kings,PVD Chameera,Mohsin Khan,K Rabada,6,0,,,,,,,,,
1304088,2022,2022-04-29,"Maharashtra Cricket Association Stadium, Pune",1,18.3,Lucknow Super Giants,Punjab Kings,PVD Chameera,Mohsin Khan,K Rabada,0,0,,,,,,caught,PVD Chameera,,
1304088,2022,2022-04-29,"Maharashtra Cricket Association Stadium, Pune",1,18.4,Lucknow Super Giants,Punjab Kings,Avesh Khan,Mohsin Khan,K Rabada,0,0,,,,,,,,,
1304088,2022,2022-04-29,"Maharashtra Cricket Association Stadium, Pune",1,18.5,Lucknow Super Giants,Punjab Kings,Avesh Khan,Mohsin Khan,K Rabada,0,0,,,,,,,,,
1304088,2022,2022-04-29,"Maharashtra Cricket Association Stadium, Pune",1,18.6,Lucknow Super Giants,Punjab Kings,Avesh Khan,Mohsin Khan,K Rabada,0,0,,,,,,,,,
1304088,2022,2022-04-29,"Maharashtra Cricket Association Stadium, Pune",1,19.1,Lucknow Super Giants,Punjab Kings,Mohsin Khan,Avesh Khan,Arshdeep Singh,1,0,,,,,,,,,
1304088,2022,2022-04-29,"Maharashtra Cricket Association Stadium, Pune",1,19.2,Lucknow Super Giants,Punjab Kings,Avesh Khan,Mohsin Khan,Arshdeep Singh,1,0,,,,,,,,,
1304088,2022,2022-04-29,"Maharashtra Cricket Association Stadium, Pune",1,19.3,Lucknow Super Giants,Punjab Kings,Mohsin Khan,Avesh Khan,Arshdeep Singh,1,0,,,,,,,,,
1304088,2022,2022-04-29,"Maharashtra Cricket Association Stadium, Pune",1,19.4,Lucknow Super Giants,Punjab Kings,Avesh Khan,Mohsin Khan,Arshdeep Singh,1,0,,,,,,,,,
1304088,2022,2022-04-29,"Maharashtra Cricket Association Stadium, Pune",1,19.5,Lucknow Super Giants,Punjab Kings,Mohsin Khan,Avesh Khan,Arshdeep Singh,1,0,,,,,,,,,
1304088,2022,2022-04-29,"Maharashtra Cricket Association Stadium, Pune",1,19.6,Lucknow Super Giants,Punjab Kings,Mohsin Khan,Avesh Khan,Arshdeep Singh,4,0,,,,,,,,,
1304088,2022,2022-04-29,"Maharashtra Cricket Association Stadium, Pune",2,0.1,Punjab Kings,Lucknow Super Giants,MA Agarwal,S Dhawan,Mohsin Khan,0,0,,,,,,,,,
1304088,2022,2022-04-29,"Maharashtra Cricket Association Stadium, Pune",2,0.2,Punjab Kings,Lucknow Super Giants,MA Agarwal,S Dhawan,Mohsin Khan,0,4,,,4,,,,,,
1304088,2022,2022-04-29,"Maharashtra Cricket Association Stadium, Pune",2,0.3,Punjab Kings,Lucknow Super Giants,MA Agarwal,S Dhawan,Mohsin Khan,0,0,,,,,,,,,
1304088,2022,2022-04-29,"Maharashtra Cricket Association Stadium, Pune",2,0.4,Punjab Kings,Lucknow Super Giants,MA Agarwal,S Dhawan,Mohsin Khan,0,0,,,,,,,,,
1304088,2022,2022-04-29,"Maharashtra Cricket Association Stadium, Pune",2,0.5,Punjab Kings,Lucknow Super Giants,MA Agarwal,S Dhawan,Mohsin Khan,0,0,,,,,,,,,
1304088,2022,2022-04-29,"Maharashtra Cricket Association Stadium, Pune",2,0.6,Punjab Kings,Lucknow Super Giants,MA Agarwal,S Dhawan,Mohsin Khan,0,0,,,,,,,,,
1304088,2022,2022-04-29,"Maharashtra Cricket Association Stadium, Pune",2,1.1,Punjab Kings,Lucknow Super Giants,S Dhawan,MA Agarwal,PVD Chameera,0,0,,,,,,,,,
1304088,2022,2022-04-29,"Maharashtra Cricket Association Stadium, Pune",2,1.2,Punjab Kings,Lucknow Super Giants,S Dhawan,MA Agarwal,PVD Chameera,0,0,,,,,,,,,
1304088,2022,2022-04-29,"Maharashtra Cricket Association Stadium, Pune",2,1.3,Punjab Kings,Lucknow Super Giants,S Dhawan,MA Agarwal,PVD Chameera,0,1,1,,,,,,,,
1304088,2022,2022-04-29,"Maharashtra Cricket Association Stadium, Pune",2,1.4,Punjab Kings,Lucknow Super Giants,S Dhawan,MA Agarwal,PVD Chameera,0,0,,,,,,,,,
1304088,2022,2022-04-29,"Maharashtra Cricket Association Stadium, Pune",2,1.5,Punjab Kings,Lucknow Super Giants,S Dhawan,MA Agarwal,PVD Chameera,0,0,,,,,,,,,
1304088,2022,2022-04-29,"Maharashtra Cricket Association Stadium, Pune",2,1.6,Punjab Kings,Lucknow Super Giants,S Dhawan,MA Agarwal,PVD Chameera,0,0,,,,,,,,,
1304088,2022,2022-04-29,"Maharashtra Cricket Association Stadium, Pune",2,1.7,Punjab Kings,Lucknow Super Giants,S Dhawan,MA Agarwal,PVD Chameera,1,0,,,,,,,,,
1304088,2022,2022-04-29,"Maharashtra Cricket Association Stadium, Pune",2,2.1,Punjab Kings,Lucknow Super Giants,S Dhawan,MA Agarwal,Mohsin Khan,1,0,,,,,,,,,
1304088,2022,2022-04-29,"Maharashtra Cricket Association Stadium, Pune",2,2.2,Punjab Kings,Lucknow Super Giants,MA Agarwal,S Dhawan,Mohsin Khan,1,0,,,,,,,,,
1304088,2022,2022-04-29,"Maharashtra Cricket Association Stadium, Pune",2,2.3,Punjab Kings,Lucknow Super Giants,S Dhawan,MA Agarwal,Mohsin Khan,1,0,,,,,,,,,
1304088,2022,2022-04-29,"Maharashtra Cricket Association Stadium, Pune",2,2.4,Punjab Kings,Lucknow Super Giants,MA Agarwal,S Dhawan,Mohsin Khan,6,0,,,,,,,,,
1304088,2022,2022-04-29,"Maharashtra Cricket Association Stadium, Pune",2,2.5,Punjab Kings,Lucknow Super Giants,MA Agarwal,S Dhawan,Mohsin Khan,2,0,,,,,,,,,
1304088,2022,2022-04-29,"Maharashtra Cricket Association Stadium, Pune",2,2.6,Punjab Kings,Lucknow Super Giants,MA Agarwal,S Dhawan,Mohsin Khan,4,0,,,,,,,,,
1304088,2022,2022-04-29,"Maharashtra Cricket Association Stadium, Pune",2,3.1,Punjab Kings,Lucknow Super Giants,S Dhawan,MA Agarwal,JO Holder,1,0,,,,,,,,,
1304088,2022,2022-04-29,"Maharashtra Cricket Association Stadium, Pune",2,3.2,Punjab Kings,Lucknow Super Giants,MA Agarwal,S Dhawan,JO Holder,1,0,,,,,,,,,
1304088,2022,2022-04-29,"Maharashtra Cricket Association Stadium, Pune",2,3.3,Punjab Kings,Lucknow Super Giants,S Dhawan,MA Agarwal,JO Holder,1,0,,,,,,,,,
1304088,2022,2022-04-29,"Maharashtra Cricket Association Stadium, Pune",2,3.4,Punjab Kings,Lucknow Super Giants,MA Agarwal,S Dhawan,JO Holder,4,0,,,,,,,,,
1304088,2022,2022-04-29,"Maharashtra Cricket Association Stadium, Pune",2,3.5,Punjab Kings,Lucknow Super Giants,MA Agarwal,S Dhawan,JO Holder,1,0,,,,,,,,,
1304088,2022,2022-04-29,"Maharashtra Cricket Association Stadium, Pune",2,3.6,Punjab Kings,Lucknow Super Giants,S Dhawan,MA Agarwal,JO Holder,0,0,,,,,,,,,
1304088,2022,2022-04-29,"Maharashtra Cricket Association Stadium, Pune",2,4.1,Punjab Kings,Lucknow Super Giants,MA Agarwal,S Dhawan,PVD Chameera,6,0,,,,,,,,,
1304088,2022,2022-04-29,"Maharashtra Cricket Association Stadium, Pune",2,4.2,Punjab Kings,Lucknow Super Giants,MA Agarwal,S Dhawan,PVD Chameera,0,0,,,,,,,,,
1304088,2022,2022-04-29,"Maharashtra Cricket Association Stadium, Pune",2,4.3,Punjab Kings,Lucknow Super Giants,MA Agarwal,S Dhawan,PVD Chameera,0,0,,,,,,,,,
1304088,2022,2022-04-29,"Maharashtra Cricket Association Stadium, Pune",2,4.4,Punjab Kings,Lucknow Super Giants,MA Agarwal,S Dhawan,PVD Chameera,0,0,,,,,,caught,MA Agarwal,,
1304088,2022,2022-04-29,"Maharashtra Cricket Association Stadium, Pune",2,4.5,Punjab Kings,Lucknow Super Giants,JM Bairstow,S Dhawan,PVD Chameera,0,0,,,,,,,,,
1304088,2022,2022-04-29,"Maharashtra Cricket Association Stadium, Pune",2,4.6,Punjab Kings,Lucknow Super Giants,JM Bairstow,S Dhawan,PVD Chameera,1,0,,,,,,,,,
1304088,2022,2022-04-29,"Maharashtra Cricket Association Stadium, Pune",2,5.1,Punjab Kings,Lucknow Super Giants,JM Bairstow,S Dhawan,Avesh Khan,4,0,,,,,,,,,
1304088,2022,2022-04-29,"Maharashtra Cricket Association Stadium, Pune",2,5.2,Punjab Kings,Lucknow Super Giants,JM Bairstow,S Dhawan,Avesh Khan,0,0,,,,,,,,,
1304088,2022,2022-04-29,"Maharashtra Cricket Association Stadium, Pune",2,5.3,Punjab Kings,Lucknow Super Giants,JM Bairstow,S Dhawan,Avesh Khan,1,0,,,,,,,,,
1304088,2022,2022-04-29,"Maharashtra Cricket Association Stadium, Pune",2,5.4,Punjab Kings,Lucknow Super Giants,S Dhawan,JM Bairstow,Avesh Khan,0,1,,,,1,,,,,
1304088,2022,2022-04-29,"Maharashtra Cricket Association Stadium, Pune",2,5.5,Punjab Kings,Lucknow Super Giants,JM Bairstow,S Dhawan,Avesh Khan,0,0,,,,,,,,,
1304088,2022,2022-04-29,"Maharashtra Cricket Association Stadium, Pune",2,5.6,Punjab Kings,Lucknow Super Giants,JM Bairstow,S Dhawan,Avesh Khan,4,0,,,,,,,,,
1304088,2022,2022-04-29,"Maharashtra Cricket Association Stadium, Pune",2,6.1,Punjab Kings,Lucknow Super Giants,S Dhawan,JM Bairstow,Ravi Bishnoi,0,0,,,,,,,,,
1304088,2022,2022-04-29,"Maharashtra Cricket Association Stadium, Pune",2,6.2,Punjab Kings,Lucknow Super Giants,S Dhawan,JM Bairstow,Ravi Bishnoi,0,0,,,,,,,,,
1304088,2022,2022-04-29,"Maharashtra Cricket Association Stadium, Pune",2,6.3,Punjab Kings,Lucknow Super Giants,S Dhawan,JM Bairstow,Ravi Bishnoi,0,0,,,,,,bowled,S Dhawan,,
1304088,2022,2022-04-29,"Maharashtra Cricket Association Stadium, Pune",2,6.4,Punjab Kings,Lucknow Super Giants,PBB Rajapaksa,JM Bairstow,Ravi Bishnoi,0,0,,,,,,,,,
1304088,2022,2022-04-29,"Maharashtra Cricket Association Stadium, Pune",2,6.5,Punjab Kings,Lucknow Super Giants,PBB Rajapaksa,JM Bairstow,Ravi Bishnoi,4,0,,,,,,,,,
1304088,2022,2022-04-29,"Maharashtra Cricket Association Stadium, Pune",2,6.6,Punjab Kings,Lucknow Super Giants,PBB Rajapaksa,JM Bairstow,Ravi Bishnoi,1,0,,,,,,,,,
1304088,2022,2022-04-29,"Maharashtra Cricket Association Stadium, Pune",2,7.1,Punjab Kings,Lucknow Super Giants,PBB Rajapaksa,JM Bairstow,KH Pandya,0,1,1,,,,,,,,
1304088,2022,2022-04-29,"Maharashtra Cricket Association Stadium, Pune",2,7.2,Punjab Kings,Lucknow Super Giants,PBB Rajapaksa,JM Bairstow,KH Pandya,1,0,,,,,,,,,
1304088,2022,2022-04-29,"Maharashtra Cricket Association Stadium, Pune",2,7.3,Punjab Kings,Lucknow Super Giants,JM Bairstow,PBB Rajapaksa,KH Pandya,1,0,,,,,,,,,
1304088,2022,2022-04-29,"Maharashtra Cricket Association Stadium, Pune",2,7.4,Punjab Kings,Lucknow Super Giants,PBB Rajapaksa,JM Bairstow,KH Pandya,1,0,,,,,,,,,
1304088,2022,2022-04-29,"Maharashtra Cricket Association Stadium, Pune",2,7.5,Punjab Kings,Lucknow Super Giants,JM Bairstow,PBB Rajapaksa,KH Pandya,1,0,,,,,,,,,
1304088,2022,2022-04-29,"Maharashtra Cricket Association Stadium, Pune",2,7.6,Punjab Kings,Lucknow Super Giants,PBB Rajapaksa,JM Bairstow,KH Pandya,2,0,,,,,,,,,
1304088,2022,2022-04-29,"Maharashtra Cricket Association Stadium, Pune",2,7.7,Punjab Kings,Lucknow Super Giants,PBB Rajapaksa,JM Bairstow,KH Pandya,0,0,,,,,,caught,PBB Rajapaksa,,
1304088,2022,2022-04-29,"Maharashtra Cricket Association Stadium, Pune",2,8.1,Punjab Kings,Lucknow Super Giants,JM Bairstow,LS Livingstone,Ravi Bishnoi,0,0,,,,,,,,,
1304088,2022,2022-04-29,"Maharashtra Cricket Association Stadium, Pune",2,8.2,Punjab Kings,Lucknow Super Giants,JM Bairstow,LS Livingstone,Ravi Bishnoi,0,1,1,,,,,,,,
1304088,2022,2022-04-29,"Maharashtra Cricket Association Stadium, Pune",2,8.3,Punjab Kings,Lucknow Super Giants,JM Bairstow,LS Livingstone,Ravi Bishnoi,1,1,,1,,,,,,,
1304088,2022,2022-04-29,"Maharashtra Cricket Association Stadium, Pune",2,8.4,Punjab Kings,Lucknow Super Giants,LS Livingstone,JM Bairstow,Ravi Bishnoi,0,0,,,,,,,,,
1304088,2022,2022-04-29,"Maharashtra Cricket Association Stadium, Pune",2,8.5,Punjab Kings,Lucknow Super Giants,LS Livingstone,JM Bairstow,Ravi Bishnoi,1,0,,,,,,,,,
1304088,2022,2022-04-29,"Maharashtra Cricket Association Stadium, Pune",2,8.6,Punjab Kings,Lucknow Super Giants,JM Bairstow,LS Livingstone,Ravi Bishnoi,0,1,1,,,,,,,,
1304088,2022,2022-04-29,"Maharashtra Cricket Association Stadium, Pune",2,8.7,Punjab Kings,Lucknow Super Giants,JM Bairstow,LS Livingstone,Ravi Bishnoi,1,0,,,,,,,,,
1304088,2022,2022-04-29,"Maharashtra Cricket Association Stadium, Pune",2,8.8,Punjab Kings,Lucknow Super Giants,LS Livingstone,JM Bairstow,Ravi Bishnoi,0,0,,,,,,,,,
1304088,2022,2022-04-29,"Maharashtra Cricket Association Stadium, Pune",2,8.9,Punjab Kings,Lucknow Super Giants,LS Livingstone,JM Bairstow,Ravi Bishnoi,1,0,,,,,,,,,
1304088,2022,2022-04-29,"Maharashtra Cricket Association Stadium, Pune",2,9.1,Punjab Kings,Lucknow Super Giants,LS Livingstone,JM Bairstow,KH Pandya,0,0,,,,,,,,,
1304088,2022,2022-04-29,"Maharashtra Cricket Association Stadium, Pune",2,9.2,Punjab Kings,Lucknow Super Giants,LS Livingstone,JM Bairstow,KH Pandya,0,0,,,,,,,,,
1304088,2022,2022-04-29,"Maharashtra Cricket Association Stadium, Pune",2,9.3,Punjab Kings,Lucknow Super Giants,LS Livingstone,JM Bairstow,KH Pandya,0,0,,,,,,,,,
1304088,2022,2022-04-29,"Maharashtra Cricket Association Stadium, Pune",2,9.4,Punjab Kings,Lucknow Super Giants,LS Livingstone,JM Bairstow,KH Pandya,1,0,,,,,,,,,
1304088,2022,2022-04-29,"Maharashtra Cricket Association Stadium, Pune",2,9.5,Punjab Kings,Lucknow Super Giants,JM Bairstow,LS Livingstone,KH Pandya,0,1,,,,1,,,,,
1304088,2022,2022-04-29,"Maharashtra Cricket Association Stadium, Pune",2,9.6,Punjab Kings,Lucknow Super Giants,LS Livingstone,JM Bairstow,KH Pandya,0,0,,,,,,,,,
1304088,2022,2022-04-29,"Maharashtra Cricket Association Stadium, Pune",2,10.1,Punjab Kings,Lucknow Super Giants,JM Bairstow,LS Livingstone,Ravi Bishnoi,1,0,,,,,,,,,
1304088,2022,2022-04-29,"Maharashtra Cricket Association Stadium, Pune",2,10.2,Punjab Kings,Lucknow Super Giants,LS Livingstone,JM Bairstow,Ravi Bishnoi,6,0,,,,,,,,,
1304088,2022,2022-04-29,"Maharashtra Cricket Association Stadium, Pune",2,10.3,Punjab Kings,Lucknow Super Giants,LS Livingstone,JM Bairstow,Ravi Bishnoi,6,0,,,,,,,,,
1304088,2022,2022-04-29,"Maharashtra Cricket Association Stadium, Pune",2,10.4,Punjab Kings,Lucknow Super Giants,LS Livingstone,JM Bairstow,Ravi Bishnoi,1,0,,,,,,,,,
1304088,2022,2022-04-29,"Maharashtra Cricket Association Stadium, Pune",2,10.5,Punjab Kings,Lucknow Super Giants,JM Bairstow,LS Livingstone,Ravi Bishnoi,4,0,,,,,,,,,
1304088,2022,2022-04-29,"Maharashtra Cricket Association Stadium, Pune",2,10.6,Punjab Kings,Lucknow Super Giants,JM Bairstow,LS Livingstone,Ravi Bishnoi,0,0,,,,,,,,,
1304088,2022,2022-04-29,"Maharashtra Cricket Association Stadium, Pune",2,11.1,Punjab Kings,Lucknow Super Giants,LS Livingstone,JM Bairstow,KH Pandya,1,0,,,,,,,,,
1304088,2022,2022-04-29,"Maharashtra Cricket Association Stadium, Pune",2,11.2,Punjab Kings,Lucknow Super Giants,JM Bairstow,LS Livingstone,KH Pandya,0,0,,,,,,,,,
1304088,2022,2022-04-29,"Maharashtra Cricket Association Stadium, Pune",2,11.3,Punjab Kings,Lucknow Super Giants,JM Bairstow,LS Livingstone,KH Pandya,1,0,,,,,,,,,
1304088,2022,2022-04-29,"Maharashtra Cricket Association Stadium, Pune",2,11.4,Punjab Kings,Lucknow Super Giants,LS Livingstone,JM Bairstow,KH Pandya,0,0,,,,,,,,,
1304088,2022,2022-04-29,"Maharashtra Cricket Association Stadium, Pune",2,11.5,Punjab Kings,Lucknow Super Giants,LS Livingstone,JM Bairstow,KH Pandya,1,0,,,,,,,,,
1304088,2022,2022-04-29,"Maharashtra Cricket Association Stadium, Pune",2,11.6,Punjab Kings,Lucknow Super Giants,JM Bairstow,LS Livingstone,KH Pandya,0,0,,,,,,,,,
1304088,2022,2022-04-29,"Maharashtra Cricket Association Stadium, Pune",2,12.1,Punjab Kings,Lucknow Super Giants,LS Livingstone,JM Bairstow,Mohsin Khan,0,0,,,,,,caught,LS Livingstone,,
1304088,2022,2022-04-29,"Maharashtra Cricket Association Stadium, Pune",2,12.2,Punjab Kings,Lucknow Super Giants,JM Sharma,JM Bairstow,Mohsin Khan,1,0,,,,,,,,,
1304088,2022,2022-04-29,"Maharashtra Cricket Association Stadium, Pune",2,12.3,Punjab Kings,Lucknow Super Giants,JM Bairstow,JM Sharma,Mohsin Khan,0,0,,,,,,,,,
1304088,2022,2022-04-29,"Maharashtra Cricket Association Stadium, Pune",2,12.4,Punjab Kings,Lucknow Super Giants,JM Bairstow,JM Sharma,Mohsin Khan,1,0,,,,,,,,,
1304088,2022,2022-04-29,"Maharashtra Cricket Association Stadium, Pune",2,12.5,Punjab Kings,Lucknow Super Giants,JM Sharma,JM Bairstow,Mohsin Khan,0,1,1,,,,,,,,
1304088,2022,2022-04-29,"Maharashtra Cricket Association Stadium, Pune",2,12.6,Punjab Kings,Lucknow Super Giants,JM Sharma,JM Bairstow,Mohsin Khan,0,0,,,,,,,,,
1304088,2022,2022-04-29,"Maharashtra Cricket Association Stadium, Pune",2,12.7,Punjab Kings,Lucknow Super Giants,JM Sharma,JM Bairstow,Mohsin Khan,1,0,,,,,,,,,
1304088,2022,2022-04-29,"Maharashtra Cricket Association Stadium, Pune",2,13.1,Punjab Kings,Lucknow Super Giants,JM Sharma,JM Bairstow,KH Pandya,0,0,,,,,,,,,
1304088,2022,2022-04-29,"Maharashtra Cricket Association Stadium, Pune",2,13.2,Punjab Kings,Lucknow Super Giants,JM Sharma,JM Bairstow,KH Pandya,0,0,,,,,,lbw,JM Sharma,,
1304088,2022,2022-04-29,"Maharashtra Cricket Association Stadium, Pune",2,13.3,Punjab Kings,Lucknow Super Giants,R Dhawan,JM Bairstow,KH Pandya,0,0,,,,,,,,,
1304088,2022,2022-04-29,"Maharashtra Cricket Association Stadium, Pune",2,13.4,Punjab Kings,Lucknow Super Giants,R Dhawan,JM Bairstow,KH Pandya,0,0,,,,,,,,,
1304088,2022,2022-04-29,"Maharashtra Cricket Association Stadium, Pune",2,13.5,Punjab Kings,Lucknow Super Giants,R Dhawan,JM Bairstow,KH Pandya,0,0,,,,,,,,,
1304088,2022,2022-04-29,"Maharashtra Cricket Association Stadium, Pune",2,13.6,Punjab Kings,Lucknow Super Giants,R Dhawan,JM Bairstow,KH Pandya,0,0,,,,,,,,,
1304088,2022,2022-04-29,"Maharashtra Cricket Association Stadium, Pune",2,14.1,Punjab Kings,Lucknow Super Giants,JM Bairstow,R Dhawan,Ravi Bishnoi,0,0,,,,,,,,,
1304088,2022,2022-04-29,"Maharashtra Cricket Association Stadium, Pune",2,14.2,Punjab Kings,Lucknow Super Giants,JM Bairstow,R Dhawan,Ravi Bishnoi,4,0,,,,,,,,,
1304088,2022,2022-04-29,"Maharashtra Cricket Association Stadium, Pune",2,14.3,Punjab Kings,Lucknow Super Giants,JM Bairstow,R Dhawan,Ravi Bishnoi,2,0,,,,,,,,,
1304088,2022,2022-04-29,"Maharashtra Cricket Association Stadium, Pune",2,14.4,Punjab Kings,Lucknow Super Giants,JM Bairstow,R Dhawan,Ravi Bishnoi,4,0,,,,,,,,,
1304088,2022,2022-04-29,"Maharashtra Cricket Association Stadium, Pune",2,14.5,Punjab Kings,Lucknow Super Giants,JM Bairstow,R Dhawan,Ravi Bishnoi,1,0,,,,,,,,,
1304088,2022,2022-04-29,"Maharashtra Cricket Association Stadium, Pune",2,14.6,Punjab Kings,Lucknow Super Giants,R Dhawan,JM Bairstow,Ravi Bishnoi,0,0,,,,,,,,,
1304088,2022,2022-04-29,"Maharashtra Cricket Association Stadium, Pune",2,15.1,Punjab Kings,Lucknow Super Giants,JM Bairstow,R Dhawan,PVD Chameera,0,0,,,,,,,,,
1304088,2022,2022-04-29,"Maharashtra Cricket Association Stadium, Pune",2,15.2,Punjab Kings,Lucknow Super Giants,JM Bairstow,R Dhawan,PVD Chameera,0,0,,,,,,caught,JM Bairstow,,
1304088,2022,2022-04-29,"Maharashtra Cricket Association Stadium, Pune",2,15.3,Punjab Kings,Lucknow Super Giants,K Rabada,R Dhawan,PVD Chameera,1,0,,,,,,,,,
1304088,2022,2022-04-29,"Maharashtra Cricket Association Stadium, Pune",2,15.4,Punjab Kings,Lucknow Super Giants,R Dhawan,K Rabada,PVD Chameera,0,0,,,,,,,,,
1304088,2022,2022-04-29,"Maharashtra Cricket Association Stadium, Pune",2,15.5,Punjab Kings,Lucknow Super Giants,R Dhawan,K Rabada,PVD Chameera,0,0,,,,,,,,,
1304088,2022,2022-04-29,"Maharashtra Cricket Association Stadium, Pune",2,15.6,Punjab Kings,Lucknow Super Giants,R Dhawan,K Rabada,PVD Chameera,1,0,,,,,,,,,
1304088,2022,2022-04-29,"Maharashtra Cricket Association Stadium, Pune",2,16.1,Punjab Kings,Lucknow Super Giants,R Dhawan,K Rabada,Avesh Khan,0,1,1,,,,,,,,
1304088,2022,2022-04-29,"Maharashtra Cricket Association Stadium, Pune",2,16.2,Punjab Kings,Lucknow Super Giants,R Dhawan,K Rabada,Avesh Khan,0,0,,,,,,,,,
1304088,2022,2022-04-29,"Maharashtra Cricket Association Stadium, Pune",2,16.3,Punjab Kings,Lucknow Super Giants,R Dhawan,K Rabada,Avesh Khan,4,0,,,,,,,,,
1304088,2022,2022-04-29,"Maharashtra Cricket Association Stadium, Pune",2,16.4,Punjab Kings,Lucknow Super Giants,R Dhawan,K Rabada,Avesh Khan,0,0,,,,,,,,,
1304088,2022,2022-04-29,"Maharashtra Cricket Association Stadium, Pune",2,16.5,Punjab Kings,Lucknow Super Giants,R Dhawan,K Rabada,Avesh Khan,1,0,,,,,,,,,
1304088,2022,2022-04-29,"Maharashtra Cricket Association Stadium, Pune",2,16.6,Punjab Kings,Lucknow Super Giants,K Rabada,R Dhawan,Avesh Khan,0,0,,,,,,,,,
1304088,2022,2022-04-29,"Maharashtra Cricket Association Stadium, Pune",2,16.7,Punjab Kings,Lucknow Super Giants,K Rabada,R Dhawan,Avesh Khan,1,0,,,,,,,,,
1304088,2022,2022-04-29,"Maharashtra Cricket Association Stadium, Pune",2,17.1,Punjab Kings,Lucknow Super Giants,K Rabada,R Dhawan,Mohsin Khan,0,0,,,,,,,,,
1304088,2022,2022-04-29,"Maharashtra Cricket Association Stadium, Pune",2,17.2,Punjab Kings,Lucknow Super Giants,K Rabada,R Dhawan,Mohsin Khan,0,0,,,,,,caught,K Rabada,,
1304088,2022,2022-04-29,"Maharashtra Cricket Association Stadium, Pune",2,17.3,Punjab Kings,Lucknow Super Giants,RD Chahar,R Dhawan,Mohsin Khan,0,0,,,,,,,,,
1304088,2022,2022-04-29,"Maharashtra Cricket Association Stadium, Pune",2,17.4,Punjab Kings,Lucknow Super Giants,RD Chahar,R Dhawan,Mohsin Khan,4,0,,,,,,,,,
1304088,2022,2022-04-29,"Maharashtra Cricket Association Stadium, Pune",2,17.5,Punjab Kings,Lucknow Super Giants,RD Chahar,R Dhawan,Mohsin Khan,0,1,1,,,,,,,,
1304088,2022,2022-04-29,"Maharashtra Cricket Association Stadium, Pune",2,17.6,Punjab Kings,Lucknow Super Giants,RD Chahar,R Dhawan,Mohsin Khan,0,0,,,,,,,,,
1304088,2022,2022-04-29,"Maharashtra Cricket Association Stadium, Pune",2,17.7,Punjab Kings,Lucknow Super Giants,RD Chahar,R Dhawan,Mohsin Khan,0,0,,,,,,caught,RD Chahar,,
1304088,2022,2022-04-29,"Maharashtra Cricket Association Stadium, Pune",2,18.1,Punjab Kings,Lucknow Super Giants,R Dhawan,Arshdeep Singh,PVD Chameera,0,0,,,,,,,,,
1304088,2022,2022-04-29,"Maharashtra Cricket Association Stadium, Pune",2,18.2,Punjab Kings,Lucknow Super Giants,R Dhawan,Arshdeep Singh,PVD Chameera,4,0,,,,,,,,,
1304088,2022,2022-04-29,"Maharashtra Cricket Association Stadium, Pune",2,18.3,Punjab Kings,Lucknow Super Giants,R Dhawan,Arshdeep Singh,PVD Chameera,0,0,,,,,,,,,
1304088,2022,2022-04-29,"Maharashtra Cricket Association Stadium, Pune",2,18.4,Punjab Kings,Lucknow Super Giants,R Dhawan,Arshdeep Singh,PVD Chameera,1,0,,,,,,,,,
1304088,2022,2022-04-29,"Maharashtra Cricket Association Stadium, Pune",2,18.5,Punjab Kings,Lucknow Super Giants,Arshdeep Singh,R Dhawan,PVD Chameera,0,1,1,,,,,,,,
1304088,2022,2022-04-29,"Maharashtra Cricket Association Stadium, Pune",2,18.6,Punjab Kings,Lucknow Super Giants,Arshdeep Singh,R Dhawan,PVD Chameera,0,0,,,,,,,,,
1304088,2022,2022-04-29,"Maharashtra Cricket Association Stadium, Pune",2,18.7,Punjab Kings,Lucknow Super Giants,Arshdeep Singh,R Dhawan,PVD Chameera,0,0,,,,,,,,,
1304088,2022,2022-04-29,"Maharashtra Cricket Association Stadium, Pune",2,19.1,Punjab Kings,Lucknow Super Giants,R Dhawan,Arshdeep Singh,Avesh Khan,6,0,,,,,,,,,
1304088,2022,2022-04-29,"Maharashtra Cricket Association Stadium, Pune",2,19.2,Punjab Kings,Lucknow Super Giants,R Dhawan,Arshdeep Singh,Avesh Khan,4,0,,,,,,,,,
1304088,2022,2022-04-29,"Maharashtra Cricket Association Stadium, Pune",2,19.3,Punjab Kings,Lucknow Super Giants,R Dhawan,Arshdeep Singh,Avesh Khan,0,0,,,,,,,,,
1304088,2022,2022-04-29,"Maharashtra Cricket Association Stadium, Pune",2,19.4,Punjab Kings,Lucknow Super Giants,R Dhawan,Arshdeep Singh,Avesh Khan,0,0,,,,,,,,,
1304088,2022,2022-04-29,"Maharashtra Cricket Association Stadium, Pune",2,19.5,Punjab Kings,Lucknow Super Giants,R Dhawan,Arshdeep Singh,Avesh Khan,0,0,,,,,,,,,
1304088,2022,2022-04-29,"Maharashtra Cricket Association Stadium, Pune",2,19.6,Punjab Kings,Lucknow Super Giants,R Dhawan,Arshdeep Singh,Avesh Khan,0,0,,,,,,,,,
