match_id,season,start_date,venue,innings,ball,batting_team,bowling_team,striker,non_striker,bowler,runs_off_bat,extras,wides,noballs,byes,legbyes,penalty,wicket_type,player_dismissed,other_wicket_type,other_player_dismissed
1304115,2022,2022-05-21,"Wankhede Stadium, Mumbai",1,0.1,Delhi Capitals,Mumbai Indians,PP Shaw,DA Warner,DR Sams,0,0,,,,,,,,,
1304115,2022,2022-05-21,"Wankhede Stadium, Mumbai",1,0.2,Delhi Capitals,Mumbai Indians,PP Shaw,DA Warner,DR Sams,0,0,,,,,,,,,
1304115,2022,2022-05-21,"Wankhede Stadium, Mumbai",1,0.3,Delhi Capitals,Mumbai Indians,PP Shaw,DA Warner,DR Sams,0,0,,,,,,,,,
1304115,2022,2022-05-21,"Wankhede Stadium, Mumbai",1,0.4,Delhi Capitals,Mumbai Indians,PP Shaw,DA Warner,DR Sams,0,0,,,,,,,,,
1304115,2022,2022-05-21,"Wankhede Stadium, Mumbai",1,0.5,Delhi Capitals,Mumbai Indians,PP Shaw,DA Warner,DR Sams,4,0,,,,,,,,,
1304115,2022,2022-05-21,"Wankhede Stadium, Mumbai",1,0.6,Delhi Capitals,Mumbai Indians,PP Shaw,DA Warner,DR Sams,2,0,,,,,,,,,
1304115,2022,2022-05-21,"Wankhede Stadium, Mumbai",1,1.1,Delhi Capitals,Mumbai Indians,DA Warner,PP Shaw,HR Shokeen,1,0,,,,,,,,,
1304115,2022,2022-05-21,"Wankhede Stadium, Mumbai",1,1.2,Delhi Capitals,Mumbai Indians,PP Shaw,DA Warner,HR Shokeen,0,0,,,,,,,,,
1304115,2022,2022-05-21,"Wankhede Stadium, Mumbai",1,1.3,Delhi Capitals,Mumbai Indians,PP Shaw,DA Warner,HR Shokeen,1,0,,,,,,,,,
1304115,2022,2022-05-21,"Wankhede Stadium, Mumbai",1,1.4,Delhi Capitals,Mumbai Indians,DA Warner,PP Shaw,HR Shokeen,0,0,,,,,,,,,
1304115,2022,2022-05-21,"Wankhede Stadium, Mumbai",1,1.5,Delhi Capitals,Mumbai Indians,DA Warner,PP Shaw,HR Shokeen,4,0,,,,,,,,,
1304115,2022,2022-05-21,"Wankhede Stadium, Mumbai",1,1.6,Delhi Capitals,Mumbai Indians,DA Warner,PP Shaw,HR Shokeen,0,0,,,,,,,,,
1304115,2022,2022-05-21,"Wankhede Stadium, Mumbai",1,2.1,Delhi Capitals,Mumbai Indians,PP Shaw,DA Warner,DR Sams,0,0,,,,,,,,,
1304115,2022,2022-05-21,"Wankhede Stadium, Mumbai",1,2.2,Delhi Capitals,Mumbai Indians,PP Shaw,DA Warner,DR Sams,6,0,,,,,,,,,
1304115,2022,2022-05-21,"Wankhede Stadium, Mumbai",1,2.3,Delhi Capitals,Mumbai Indians,PP Shaw,DA Warner,DR Sams,1,0,,,,,,,,,
1304115,2022,2022-05-21,"Wankhede Stadium, Mumbai",1,2.4,Delhi Capitals,Mumbai Indians,DA Warner,PP Shaw,DR Sams,0,1,,,,1,,,,,
1304115,2022,2022-05-21,"Wankhede Stadium, Mumbai",1,2.5,Delhi Capitals,Mumbai Indians,PP Shaw,DA Warner,DR Sams,1,0,,,,,,,,,
1304115,2022,2022-05-21,"Wankhede Stadium, Mumbai",1,2.6,Delhi Capitals,Mumbai Indians,DA Warner,PP Shaw,DR Sams,0,0,,,,,,caught,DA Warner,,
1304115,2022,2022-05-21,"Wankhede Stadium, Mumbai",1,3.1,Delhi Capitals,Mumbai Indians,PP Shaw,MR Marsh,JJ Bumrah,1,0,,,,,,,,,
1304115,2022,2022-05-21,"Wankhede Stadium, Mumbai",1,3.2,Delhi Capitals,Mumbai Indians,MR Marsh,PP Shaw,JJ Bumrah,0,0,,,,,,caught,MR Marsh,,
1304115,2022,2022-05-21,"Wankhede Stadium, Mumbai",1,3.3,Delhi Capitals,Mumbai Indians,RR Pant,PP Shaw,JJ Bumrah,1,0,,,,,,,,,
1304115,2022,2022-05-21,"Wankhede Stadium, Mumbai",1,3.4,Delhi Capitals,Mumbai Indians,PP Shaw,RR Pant,JJ Bumrah,0,0,,,,,,,,,
1304115,2022,2022-05-21,"Wankhede Stadium, Mumbai",1,3.5,Delhi Capitals,Mumbai Indians,PP Shaw,RR Pant,JJ Bumrah,0,0,,,,,,,,,
1304115,2022,2022-05-21,"Wankhede Stadium, Mumbai",1,3.6,Delhi Capitals,Mumbai Indians,PP Shaw,RR Pant,JJ Bumrah,1,0,,,,,,,,,
1304115,2022,2022-05-21,"Wankhede Stadium, Mumbai",1,4.1,Delhi Capitals,Mumbai Indians,PP Shaw,RR Pant,HR Shokeen,4,0,,,,,,,,,
1304115,2022,2022-05-21,"Wankhede Stadium, Mumbai",1,4.2,Delhi Capitals,Mumbai Indians,PP Shaw,RR Pant,HR Shokeen,0,0,,,,,,,,,
1304115,2022,2022-05-21,"Wankhede Stadium, Mumbai",1,4.3,Delhi Capitals,Mumbai Indians,PP Shaw,RR Pant,HR Shokeen,1,0,,,,,,,,,
1304115,2022,2022-05-21,"Wankhede Stadium, Mumbai",1,4.4,Delhi Capitals,Mumbai Indians,RR Pant,PP Shaw,HR Shokeen,0,0,,,,,,,,,
1304115,2022,2022-05-21,"Wankhede Stadium, Mumbai",1,4.5,Delhi Capitals,Mumbai Indians,RR Pant,PP Shaw,HR Shokeen,0,0,,,,,,,,,
1304115,2022,2022-05-21,"Wankhede Stadium, Mumbai",1,4.6,Delhi Capitals,Mumbai Indians,RR Pant,PP Shaw,HR Shokeen,0,0,,,,,,,,,
1304115,2022,2022-05-21,"Wankhede Stadium, Mumbai",1,5.1,Delhi Capitals,Mumbai Indians,PP Shaw,RR Pant,JJ Bumrah,0,0,,,,,,,,,
1304115,2022,2022-05-21,"Wankhede Stadium, Mumbai",1,5.2,Delhi Capitals,Mumbai Indians,PP Shaw,RR Pant,JJ Bumrah,2,0,,,,,,,,,
1304115,2022,2022-05-21,"Wankhede Stadium, Mumbai",1,5.3,Delhi Capitals,Mumbai Indians,PP Shaw,RR Pant,JJ Bumrah,0,0,,,,,,,,,
1304115,2022,2022-05-21,"Wankhede Stadium, Mumbai",1,5.4,Delhi Capitals,Mumbai Indians,PP Shaw,RR Pant,JJ Bumrah,0,0,,,,,,caught,PP Shaw,,
1304115,2022,2022-05-21,"Wankhede Stadium, Mumbai",1,5.5,Delhi Capitals,Mumbai Indians,SN Khan,RR Pant,JJ Bumrah,0,0,,,,,,,,,
1304115,2022,2022-05-21,"Wankhede Stadium, Mumbai",1,5.6,Delhi Capitals,Mumbai Indians,SN Khan,RR Pant,JJ Bumrah,6,0,,,,,,,,,
1304115,2022,2022-05-21,"Wankhede Stadium, Mumbai",1,6.1,Delhi Capitals,Mumbai Indians,RR Pant,SN Khan,M Markande,0,0,,,,,,,,,
1304115,2022,2022-05-21,"Wankhede Stadium, Mumbai",1,6.2,Delhi Capitals,Mumbai Indians,RR Pant,SN Khan,M Markande,0,0,,,,,,,,,
1304115,2022,2022-05-21,"Wankhede Stadium, Mumbai",1,6.3,Delhi Capitals,Mumbai Indians,RR Pant,SN Khan,M Markande,1,0,,,,,,,,,
1304115,2022,2022-05-21,"Wankhede Stadium, Mumbai",1,6.4,Delhi Capitals,Mumbai Indians,SN Khan,RR Pant,M Markande,1,0,,,,,,,,,
1304115,2022,2022-05-21,"Wankhede Stadium, Mumbai",1,6.5,Delhi Capitals,Mumbai Indians,RR Pant,SN Khan,M Markande,2,0,,,,,,,,,
1304115,2022,2022-05-21,"Wankhede Stadium, Mumbai",1,6.6,Delhi Capitals,Mumbai Indians,RR Pant,SN Khan,M Markande,0,0,,,,,,,,,
1304115,2022,2022-05-21,"Wankhede Stadium, Mumbai",1,7.1,Delhi Capitals,Mumbai Indians,SN Khan,RR Pant,RP Meredith,1,0,,,,,,,,,
1304115,2022,2022-05-21,"Wankhede Stadium, Mumbai",1,7.2,Delhi Capitals,Mumbai Indians,RR Pant,SN Khan,RP Meredith,1,0,,,,,,,,,
1304115,2022,2022-05-21,"Wankhede Stadium, Mumbai",1,7.3,Delhi Capitals,Mumbai Indians,SN Khan,RR Pant,RP Meredith,1,0,,,,,,,,,
1304115,2022,2022-05-21,"Wankhede Stadium, Mumbai",1,7.4,Delhi Capitals,Mumbai Indians,RR Pant,SN Khan,RP Meredith,0,0,,,,,,,,,
1304115,2022,2022-05-21,"Wankhede Stadium, Mumbai",1,7.5,Delhi Capitals,Mumbai Indians,RR Pant,SN Khan,RP Meredith,0,0,,,,,,,,,
1304115,2022,2022-05-21,"Wankhede Stadium, Mumbai",1,7.6,Delhi Capitals,Mumbai Indians,RR Pant,SN Khan,RP Meredith,4,0,,,,,,,,,
1304115,2022,2022-05-21,"Wankhede Stadium, Mumbai",1,8.1,Delhi Capitals,Mumbai Indians,SN Khan,RR Pant,M Markande,1,0,,,,,,,,,
1304115,2022,2022-05-21,"Wankhede Stadium, Mumbai",1,8.2,Delhi Capitals,Mumbai Indians,RR Pant,SN Khan,M Markande,0,0,,,,,,,,,
1304115,2022,2022-05-21,"Wankhede Stadium, Mumbai",1,8.3,Delhi Capitals,Mumbai Indians,RR Pant,SN Khan,M Markande,1,0,,,,,,,,,
1304115,2022,2022-05-21,"Wankhede Stadium, Mumbai",1,8.4,Delhi Capitals,Mumbai Indians,SN Khan,RR Pant,M Markande,0,0,,,,,,caught,SN Khan,,
1304115,2022,2022-05-21,"Wankhede Stadium, Mumbai",1,8.5,Delhi Capitals,Mumbai Indians,R Powell,RR Pant,M Markande,0,0,,,,,,,,,
1304115,2022,2022-05-21,"Wankhede Stadium, Mumbai",1,8.6,Delhi Capitals,Mumbai Indians,R Powell,RR Pant,M Markande,2,0,,,,,,,,,
1304115,2022,2022-05-21,"Wankhede Stadium, Mumbai",1,9.1,Delhi Capitals,Mumbai Indians,RR Pant,R Powell,HR Shokeen,1,0,,,,,,,,,
1304115,2022,2022-05-21,"Wankhede Stadium, Mumbai",1,9.2,Delhi Capitals,Mumbai Indians,R Powell,RR Pant,HR Shokeen,0,0,,,,,,,,,
1304115,2022,2022-05-21,"Wankhede Stadium, Mumbai",1,9.3,Delhi Capitals,Mumbai Indians,R Powell,RR Pant,HR Shokeen,0,0,,,,,,,,,
1304115,2022,2022-05-21,"Wankhede Stadium, Mumbai",1,9.4,Delhi Capitals,Mumbai Indians,R Powell,RR Pant,HR Shokeen,1,0,,,,,,,,,
1304115,2022,2022-05-21,"Wankhede Stadium, Mumbai",1,9.5,Delhi Capitals,Mumbai Indians,RR Pant,R Powell,HR Shokeen,1,0,,,,,,,,,
1304115,2022,2022-05-21,"Wankhede Stadium, Mumbai",1,9.6,Delhi Capitals,Mumbai Indians,R Powell,RR Pant,HR Shokeen,0,0,,,,,,,,,
1304115,2022,2022-05-21,"Wankhede Stadium, Mumbai",1,10.1,Delhi Capitals,Mumbai Indians,RR Pant,R Powell,M Markande,1,0,,,,,,,,,
1304115,2022,2022-05-21,"Wankhede Stadium, Mumbai",1,10.2,Delhi Capitals,Mumbai Indians,R Powell,RR Pant,M Markande,0,0,,,,,,,,,
1304115,2022,2022-05-21,"Wankhede Stadium, Mumbai",1,10.3,Delhi Capitals,Mumbai Indians,R Powell,RR Pant,M Markande,1,0,,,,,,,,,
1304115,2022,2022-05-21,"Wankhede Stadium, Mumbai",1,10.4,Delhi Capitals,Mumbai Indians,RR Pant,R Powell,M Markande,2,0,,,,,,,,,
1304115,2022,2022-05-21,"Wankhede Stadium, Mumbai",1,10.5,Delhi Capitals,Mumbai Indians,RR Pant,R Powell,M Markande,4,0,,,,,,,,,
1304115,2022,2022-05-21,"Wankhede Stadium, Mumbai",1,10.6,Delhi Capitals,Mumbai Indians,RR Pant,R Powell,M Markande,1,0,,,,,,,,,
1304115,2022,2022-05-21,"Wankhede Stadium, Mumbai",1,11.1,Delhi Capitals,Mumbai Indians,RR Pant,R Powell,HR Shokeen,1,0,,,,,,,,,
1304115,2022,2022-05-21,"Wankhede Stadium, Mumbai",1,11.2,Delhi Capitals,Mumbai Indians,R Powell,RR Pant,HR Shokeen,0,1,1,,,,,,,,
1304115,2022,2022-05-21,"Wankhede Stadium, Mumbai",1,11.3,Delhi Capitals,Mumbai Indians,R Powell,RR Pant,HR Shokeen,6,0,,,,,,,,,
1304115,2022,2022-05-21,"Wankhede Stadium, Mumbai",1,11.4,Delhi Capitals,Mumbai Indians,R Powell,RR Pant,HR Shokeen,0,0,,,,,,,,,
1304115,2022,2022-05-21,"Wankhede Stadium, Mumbai",1,11.5,Delhi Capitals,Mumbai Indians,R Powell,RR Pant,HR Shokeen,6,0,,,,,,,,,
1304115,2022,2022-05-21,"Wankhede Stadium, Mumbai",1,11.6,Delhi Capitals,Mumbai Indians,R Powell,RR Pant,HR Shokeen,4,0,,,,,,,,,
1304115,2022,2022-05-21,"Wankhede Stadium, Mumbai",1,11.7,Delhi Capitals,Mumbai Indians,R Powell,RR Pant,HR Shokeen,0,1,1,,,,,,,,
1304115,2022,2022-05-21,"Wankhede Stadium, Mumbai",1,11.8,Delhi Capitals,Mumbai Indians,R Powell,RR Pant,HR Shokeen,1,0,,,,,,,,,
1304115,2022,2022-05-21,"Wankhede Stadium, Mumbai",1,12.1,Delhi Capitals,Mumbai Indians,R Powell,RR Pant,M Markande,6,0,,,,,,,,,
1304115,2022,2022-05-21,"Wankhede Stadium, Mumbai",1,12.2,Delhi Capitals,Mumbai Indians,R Powell,RR Pant,M Markande,0,4,,,4,,,,,,
1304115,2022,2022-05-21,"Wankhede Stadium, Mumbai",1,12.3,Delhi Capitals,Mumbai Indians,R Powell,RR Pant,M Markande,1,0,,,,,,,,,
1304115,2022,2022-05-21,"Wankhede Stadium, Mumbai",1,12.4,Delhi Capitals,Mumbai Indians,RR Pant,R Powell,M Markande,1,0,,,,,,,,,
1304115,2022,2022-05-21,"Wankhede Stadium, Mumbai",1,12.5,Delhi Capitals,Mumbai Indians,R Powell,RR Pant,M Markande,0,0,,,,,,,,,
1304115,2022,2022-05-21,"Wankhede Stadium, Mumbai",1,12.6,Delhi Capitals,Mumbai Indians,R Powell,RR Pant,M Markande,1,0,,,,,,,,,
1304115,2022,2022-05-21,"Wankhede Stadium, Mumbai",1,13.1,Delhi Capitals,Mumbai Indians,R Powell,RR Pant,RP Meredith,0,1,1,,,,,,,,
1304115,2022,2022-05-21,"Wankhede Stadium, Mumbai",1,13.2,Delhi Capitals,Mumbai Indians,R Powell,RR Pant,RP Meredith,0,0,,,,,,,,,
1304115,2022,2022-05-21,"Wankhede Stadium, Mumbai",1,13.3,Delhi Capitals,Mumbai Indians,R Powell,RR Pant,RP Meredith,0,0,,,,,,,,,
1304115,2022,2022-05-21,"Wankhede Stadium, Mumbai",1,13.4,Delhi Capitals,Mumbai Indians,R Powell,RR Pant,RP Meredith,1,0,,,,,,,,,
1304115,2022,2022-05-21,"Wankhede Stadium, Mumbai",1,13.5,Delhi Capitals,Mumbai Indians,RR Pant,R Powell,RP Meredith,0,0,,,,,,,,,
1304115,2022,2022-05-21,"Wankhede Stadium, Mumbai",1,13.6,Delhi Capitals,Mumbai Indians,RR Pant,R Powell,RP Meredith,0,0,,,,,,,,,
1304115,2022,2022-05-21,"Wankhede Stadium, Mumbai",1,13.7,Delhi Capitals,Mumbai Indians,RR Pant,R Powell,RP Meredith,0,0,,,,,,,,,
1304115,2022,2022-05-21,"Wankhede Stadium, Mumbai",1,14.1,Delhi Capitals,Mumbai Indians,R Powell,RR Pant,DR Sams,0,0,,,,,,,,,
1304115,2022,2022-05-21,"Wankhede Stadium, Mumbai",1,14.2,Delhi Capitals,Mumbai Indians,R Powell,RR Pant,DR Sams,0,1,1,,,,,,,,
1304115,2022,2022-05-21,"Wankhede Stadium, Mumbai",1,14.3,Delhi Capitals,Mumbai Indians,R Powell,RR Pant,DR Sams,2,0,,,,,,,,,
1304115,2022,2022-05-21,"Wankhede Stadium, Mumbai",1,14.4,Delhi Capitals,Mumbai Indians,R Powell,RR Pant,DR Sams,1,0,,,,,,,,,
1304115,2022,2022-05-21,"Wankhede Stadium, Mumbai",1,14.5,Delhi Capitals,Mumbai Indians,RR Pant,R Powell,DR Sams,1,0,,,,,,,,,
1304115,2022,2022-05-21,"Wankhede Stadium, Mumbai",1,14.6,Delhi Capitals,Mumbai Indians,R Powell,RR Pant,DR Sams,1,0,,,,,,,,,
1304115,2022,2022-05-21,"Wankhede Stadium, Mumbai",1,14.7,Delhi Capitals,Mumbai Indians,RR Pant,R Powell,DR Sams,1,0,,,,,,,,,
1304115,2022,2022-05-21,"Wankhede Stadium, Mumbai",1,15.1,Delhi Capitals,Mumbai Indians,RR Pant,R Powell,Ramandeep Singh,1,0,,,,,,,,,
1304115,2022,2022-05-21,"Wankhede Stadium, Mumbai",1,15.2,Delhi Capitals,Mumbai Indians,R Powell,RR Pant,Ramandeep Singh,1,0,,,,,,,,,
1304115,2022,2022-05-21,"Wankhede Stadium, Mumbai",1,15.3,Delhi Capitals,Mumbai Indians,RR Pant,R Powell,Ramandeep Singh,4,0,,,,,,,,,
1304115,2022,2022-05-21,"Wankhede Stadium, Mumbai",1,15.4,Delhi Capitals,Mumbai Indians,RR Pant,R Powell,Ramandeep Singh,0,1,1,,,,,,,,
1304115,2022,2022-05-21,"Wankhede Stadium, Mumbai",1,15.5,Delhi Capitals,Mumbai Indians,RR Pant,R Powell,Ramandeep Singh,0,1,1,,,,,,,,
1304115,2022,2022-05-21,"Wankhede Stadium, Mumbai",1,15.6,Delhi Capitals,Mumbai Indians,RR Pant,R Powell,Ramandeep Singh,4,0,,,,,,,,,
1304115,2022,2022-05-21,"Wankhede Stadium, Mumbai",1,15.7,Delhi Capitals,Mumbai Indians,RR Pant,R Powell,Ramandeep Singh,0,1,1,,,,,,,,
1304115,2022,2022-05-21,"Wankhede Stadium, Mumbai",1,15.8,Delhi Capitals,Mumbai Indians,RR Pant,R Powell,Ramandeep Singh,6,0,,,,,,,,,
1304115,2022,2022-05-21,"Wankhede Stadium, Mumbai",1,15.9,Delhi Capitals,Mumbai Indians,RR Pant,R Powell,Ramandeep Singh,0,0,,,,,,caught,RR Pant,,
1304115,2022,2022-05-21,"Wankhede Stadium, Mumbai",1,16.1,Delhi Capitals,Mumbai Indians,R Powell,AR Patel,JJ Bumrah,0,0,,,,,,,,,
1304115,2022,2022-05-21,"Wankhede Stadium, Mumbai",1,16.2,Delhi Capitals,Mumbai Indians,R Powell,AR Patel,JJ Bumrah,0,0,,,,,,,,,
1304115,2022,2022-05-21,"Wankhede Stadium, Mumbai",1,16.3,Delhi Capitals,Mumbai Indians,R Powell,AR Patel,JJ Bumrah,1,0,,,,,,,,,
1304115,2022,2022-05-21,"Wankhede Stadium, Mumbai",1,16.4,Delhi Capitals,Mumbai Indians,AR Patel,R Powell,JJ Bumrah,0,0,,,,,,,,,
1304115,2022,2022-05-21,"Wankhede Stadium, Mumbai",1,16.5,Delhi Capitals,Mumbai Indians,AR Patel,R Powell,JJ Bumrah,1,0,,,,,,,,,
1304115,2022,2022-05-21,"Wankhede Stadium, Mumbai",1,16.6,Delhi Capitals,Mumbai Indians,R Powell,AR Patel,JJ Bumrah,6,0,,,,,,,,,
1304115,2022,2022-05-21,"Wankhede Stadium, Mumbai",1,17.1,Delhi Capitals,Mumbai Indians,AR Patel,R Powell,DR Sams,1,0,,,,,,,,,
1304115,2022,2022-05-21,"Wankhede Stadium, Mumbai",1,17.2,Delhi Capitals,Mumbai Indians,R Powell,AR Patel,DR Sams,0,0,,,,,,,,,
1304115,2022,2022-05-21,"Wankhede Stadium, Mumbai",1,17.3,Delhi Capitals,Mumbai Indians,R Powell,AR Patel,DR Sams,1,0,,,,,,,,,
1304115,2022,2022-05-21,"Wankhede Stadium, Mumbai",1,17.4,Delhi Capitals,Mumbai Indians,AR Patel,R Powell,DR Sams,6,0,,,,,,,,,
1304115,2022,2022-05-21,"Wankhede Stadium, Mumbai",1,17.5,Delhi Capitals,Mumbai Indians,AR Patel,R Powell,DR Sams,1,0,,,,,,,,,
1304115,2022,2022-05-21,"Wankhede Stadium, Mumbai",1,17.6,Delhi Capitals,Mumbai Indians,R Powell,AR Patel,DR Sams,0,0,,,,,,,,,
1304115,2022,2022-05-21,"Wankhede Stadium, Mumbai",1,18.1,Delhi Capitals,Mumbai Indians,AR Patel,R Powell,JJ Bumrah,1,0,,,,,,,,,
1304115,2022,2022-05-21,"Wankhede Stadium, Mumbai",1,18.2,Delhi Capitals,Mumbai Indians,R Powell,AR Patel,JJ Bumrah,0,0,,,,,,bowled,R Powell,,
1304115,2022,2022-05-21,"Wankhede Stadium, Mumbai",1,18.3,Delhi Capitals,Mumbai Indians,SN Thakur,AR Patel,JJ Bumrah,1,0,,,,,,,,,
1304115,2022,2022-05-21,"Wankhede Stadium, Mumbai",1,18.4,Delhi Capitals,Mumbai Indians,AR Patel,SN Thakur,JJ Bumrah,1,0,,,,,,,,,
1304115,2022,2022-05-21,"Wankhede Stadium, Mumbai",1,18.5,Delhi Capitals,Mumbai Indians,SN Thakur,AR Patel,JJ Bumrah,1,0,,,,,,,,,
1304115,2022,2022-05-21,"Wankhede Stadium, Mumbai",1,18.6,Delhi Capitals,Mumbai Indians,AR Patel,SN Thakur,JJ Bumrah,2,0,,,,,,,,,
1304115,2022,2022-05-21,"Wankhede Stadium, Mumbai",1,19.1,Delhi Capitals,Mumbai Indians,SN Thakur,AR Patel,Ramandeep Singh,2,0,,,,,,,,,
1304115,2022,2022-05-21,"Wankhede Stadium, Mumbai",1,19.2,Delhi Capitals,Mumbai Indians,SN Thakur,AR Patel,Ramandeep Singh,0,0,,,,,,,,,
1304115,2022,2022-05-21,"Wankhede Stadium, Mumbai",1,19.3,Delhi Capitals,Mumbai Indians,SN Thakur,AR Patel,Ramandeep Singh,0,1,1,,,,,,,,
1304115,2022,2022-05-21,"Wankhede Stadium, Mumbai",1,19.4,Delhi Capitals,Mumbai Indians,SN Thakur,AR Patel,Ramandeep Singh,0,0,,,,,,caught,SN Thakur,,
1304115,2022,2022-05-21,"Wankhede Stadium, Mumbai",1,19.5,Delhi Capitals,Mumbai Indians,Kuldeep Yadav,AR Patel,Ramandeep Singh,1,0,,,,,,,,,
1304115,2022,2022-05-21,"Wankhede Stadium, Mumbai",1,19.6,Delhi Capitals,Mumbai Indians,AR Patel,Kuldeep Yadav,Ramandeep Singh,6,0,,,,,,,,,
1304115,2022,2022-05-21,"Wankhede Stadium, Mumbai",1,19.7,Delhi Capitals,Mumbai Indians,AR Patel,Kuldeep Yadav,Ramandeep Singh,0,1,,,,1,,,,,
1304115,2022,2022-05-21,"Wankhede Stadium, Mumbai",2,0.1,Mumbai Indians,Delhi Capitals,Ishan Kishan,RG Sharma,KK Ahmed,0,0,,,,,,,,,
1304115,2022,2022-05-21,"Wankhede Stadium, Mumbai",2,0.2,Mumbai Indians,Delhi Capitals,Ishan Kishan,RG Sharma,KK Ahmed,0,0,,,,,,,,,
1304115,2022,2022-05-21,"Wankhede Stadium, Mumbai",2,0.3,Mumbai Indians,Delhi Capitals,Ishan Kishan,RG Sharma,KK Ahmed,0,0,,,,,,,,,
1304115,2022,2022-05-21,"Wankhede Stadium, Mumbai",2,0.4,Mumbai Indians,Delhi Capitals,Ishan Kishan,RG Sharma,KK Ahmed,1,0,,,,,,,,,
1304115,2022,2022-05-21,"Wankhede Stadium, Mumbai",2,0.5,Mumbai Indians,Delhi Capitals,RG Sharma,Ishan Kishan,KK Ahmed,0,0,,,,,,,,,
1304115,2022,2022-05-21,"Wankhede Stadium, Mumbai",2,0.6,Mumbai Indians,Delhi Capitals,RG Sharma,Ishan Kishan,KK Ahmed,0,0,,,,,,,,,
1304115,2022,2022-05-21,"Wankhede Stadium, Mumbai",2,1.1,Mumbai Indians,Delhi Capitals,Ishan Kishan,RG Sharma,A Nortje,4,0,,,,,,,,,
1304115,2022,2022-05-21,"Wankhede Stadium, Mumbai",2,1.2,Mumbai Indians,Delhi Capitals,Ishan Kishan,RG Sharma,A Nortje,0,0,,,,,,,,,
1304115,2022,2022-05-21,"Wankhede Stadium, Mumbai",2,1.3,Mumbai Indians,Delhi Capitals,Ishan Kishan,RG Sharma,A Nortje,4,0,,,,,,,,,
1304115,2022,2022-05-21,"Wankhede Stadium, Mumbai",2,1.4,Mumbai Indians,Delhi Capitals,Ishan Kishan,RG Sharma,A Nortje,0,0,,,,,,,,,
1304115,2022,2022-05-21,"Wankhede Stadium, Mumbai",2,1.5,Mumbai Indians,Delhi Capitals,Ishan Kishan,RG Sharma,A Nortje,6,0,,,,,,,,,
1304115,2022,2022-05-21,"Wankhede Stadium, Mumbai",2,1.6,Mumbai Indians,Delhi Capitals,Ishan Kishan,RG Sharma,A Nortje,0,0,,,,,,,,,
1304115,2022,2022-05-21,"Wankhede Stadium, Mumbai",2,2.1,Mumbai Indians,Delhi Capitals,RG Sharma,Ishan Kishan,KK Ahmed,0,0,,,,,,,,,
1304115,2022,2022-05-21,"Wankhede Stadium, Mumbai",2,2.2,Mumbai Indians,Delhi Capitals,RG Sharma,Ishan Kishan,KK Ahmed,0,0,,,,,,,,,
1304115,2022,2022-05-21,"Wankhede Stadium, Mumbai",2,2.3,Mumbai Indians,Delhi Capitals,RG Sharma,Ishan Kishan,KK Ahmed,0,0,,,,,,,,,
1304115,2022,2022-05-21,"Wankhede Stadium, Mumbai",2,2.4,Mumbai Indians,Delhi Capitals,RG Sharma,Ishan Kishan,KK Ahmed,0,0,,,,,,,,,
1304115,2022,2022-05-21,"Wankhede Stadium, Mumbai",2,2.5,Mumbai Indians,Delhi Capitals,RG Sharma,Ishan Kishan,KK Ahmed,0,1,1,,,,,,,,
1304115,2022,2022-05-21,"Wankhede Stadium, Mumbai",2,2.6,Mumbai Indians,Delhi Capitals,RG Sharma,Ishan Kishan,KK Ahmed,0,0,,,,,,,,,
1304115,2022,2022-05-21,"Wankhede Stadium, Mumbai",2,2.7,Mumbai Indians,Delhi Capitals,RG Sharma,Ishan Kishan,KK Ahmed,0,0,,,,,,,,,
1304115,2022,2022-05-21,"Wankhede Stadium, Mumbai",2,3.1,Mumbai Indians,Delhi Capitals,Ishan Kishan,RG Sharma,SN Thakur,0,0,,,,,,,,,
1304115,2022,2022-05-21,"Wankhede Stadium, Mumbai",2,3.2,Mumbai Indians,Delhi Capitals,Ishan Kishan,RG Sharma,SN Thakur,0,0,,,,,,,,,
1304115,2022,2022-05-21,"Wankhede Stadium, Mumbai",2,3.3,Mumbai Indians,Delhi Capitals,Ishan Kishan,RG Sharma,SN Thakur,6,0,,,,,,,,,
1304115,2022,2022-05-21,"Wankhede Stadium, Mumbai",2,3.4,Mumbai Indians,Delhi Capitals,Ishan Kishan,RG Sharma,SN Thakur,1,0,,,,,,,,,
1304115,2022,2022-05-21,"Wankhede Stadium, Mumbai",2,3.5,Mumbai Indians,Delhi Capitals,RG Sharma,Ishan Kishan,SN Thakur,0,0,,,,,,,,,
1304115,2022,2022-05-21,"Wankhede Stadium, Mumbai",2,3.6,Mumbai Indians,Delhi Capitals,RG Sharma,Ishan Kishan,SN Thakur,1,0,,,,,,,,,
1304115,2022,2022-05-21,"Wankhede Stadium, Mumbai",2,4.1,Mumbai Indians,Delhi Capitals,RG Sharma,Ishan Kishan,MR Marsh,1,0,,,,,,,,,
1304115,2022,2022-05-21,"Wankhede Stadium, Mumbai",2,4.2,Mumbai Indians,Delhi Capitals,Ishan Kishan,RG Sharma,MR Marsh,0,0,,,,,,,,,
1304115,2022,2022-05-21,"Wankhede Stadium, Mumbai",2,4.3,Mumbai Indians,Delhi Capitals,Ishan Kishan,RG Sharma,MR Marsh,0,0,,,,,,,,,
1304115,2022,2022-05-21,"Wankhede Stadium, Mumbai",2,4.4,Mumbai Indians,Delhi Capitals,Ishan Kishan,RG Sharma,MR Marsh,0,0,,,,,,,,,
1304115,2022,2022-05-21,"Wankhede Stadium, Mumbai",2,4.5,Mumbai Indians,Delhi Capitals,Ishan Kishan,RG Sharma,MR Marsh,0,0,,,,,,,,,
1304115,2022,2022-05-21,"Wankhede Stadium, Mumbai",2,4.6,Mumbai Indians,Delhi Capitals,Ishan Kishan,RG Sharma,MR Marsh,0,0,,,,,,,,,
1304115,2022,2022-05-21,"Wankhede Stadium, Mumbai",2,5.1,Mumbai Indians,Delhi Capitals,RG Sharma,Ishan Kishan,A Nortje,0,0,,,,,,,,,
1304115,2022,2022-05-21,"Wankhede Stadium, Mumbai",2,5.2,Mumbai Indians,Delhi Capitals,RG Sharma,Ishan Kishan,A Nortje,0,0,,,,,,caught,RG Sharma,,
1304115,2022,2022-05-21,"Wankhede Stadium, Mumbai",2,5.3,Mumbai Indians,Delhi Capitals,D Brevis,Ishan Kishan,A Nortje,0,0,,,,,,,,,
1304115,2022,2022-05-21,"Wankhede Stadium, Mumbai",2,5.4,Mumbai Indians,Delhi Capitals,D Brevis,Ishan Kishan,A Nortje,0,0,,,,,,,,,
1304115,2022,2022-05-21,"Wankhede Stadium, Mumbai",2,5.5,Mumbai Indians,Delhi Capitals,D Brevis,Ishan Kishan,A Nortje,1,0,,,,,,,,,
1304115,2022,2022-05-21,"Wankhede Stadium, Mumbai",2,5.6,Mumbai Indians,Delhi Capitals,Ishan Kishan,D Brevis,A Nortje,1,0,,,,,,,,,
1304115,2022,2022-05-21,"Wankhede Stadium, Mumbai",2,6.1,Mumbai Indians,Delhi Capitals,Ishan Kishan,D Brevis,MR Marsh,0,0,,,,,,,,,
1304115,2022,2022-05-21,"Wankhede Stadium, Mumbai",2,6.2,Mumbai Indians,Delhi Capitals,Ishan Kishan,D Brevis,MR Marsh,0,0,,,,,,,,,
1304115,2022,2022-05-21,"Wankhede Stadium, Mumbai",2,6.3,Mumbai Indians,Delhi Capitals,Ishan Kishan,D Brevis,MR Marsh,1,0,,,,,,,,,
1304115,2022,2022-05-21,"Wankhede Stadium, Mumbai",2,6.4,Mumbai Indians,Delhi Capitals,D Brevis,Ishan Kishan,MR Marsh,0,0,,,,,,,,,
1304115,2022,2022-05-21,"Wankhede Stadium, Mumbai",2,6.5,Mumbai Indians,Delhi Capitals,D Brevis,Ishan Kishan,MR Marsh,1,0,,,,,,,,,
1304115,2022,2022-05-21,"Wankhede Stadium, Mumbai",2,6.6,Mumbai Indians,Delhi Capitals,Ishan Kishan,D Brevis,MR Marsh,4,0,,,,,,,,,
1304115,2022,2022-05-21,"Wankhede Stadium, Mumbai",2,7.1,Mumbai Indians,Delhi Capitals,D Brevis,Ishan Kishan,Kuldeep Yadav,0,0,,,,,,,,,
1304115,2022,2022-05-21,"Wankhede Stadium, Mumbai",2,7.2,Mumbai Indians,Delhi Capitals,D Brevis,Ishan Kishan,Kuldeep Yadav,0,0,,,,,,,,,
1304115,2022,2022-05-21,"Wankhede Stadium, Mumbai",2,7.3,Mumbai Indians,Delhi Capitals,D Brevis,Ishan Kishan,Kuldeep Yadav,0,0,,,,,,,,,
1304115,2022,2022-05-21,"Wankhede Stadium, Mumbai",2,7.4,Mumbai Indians,Delhi Capitals,D Brevis,Ishan Kishan,Kuldeep Yadav,0,0,,,,,,,,,
1304115,2022,2022-05-21,"Wankhede Stadium, Mumbai",2,7.5,Mumbai Indians,Delhi Capitals,D Brevis,Ishan Kishan,Kuldeep Yadav,6,0,,,,,,,,,
1304115,2022,2022-05-21,"Wankhede Stadium, Mumbai",2,7.6,Mumbai Indians,Delhi Capitals,D Brevis,Ishan Kishan,Kuldeep Yadav,1,0,,,,,,,,,
1304115,2022,2022-05-21,"Wankhede Stadium, Mumbai",2,8.1,Mumbai Indians,Delhi Capitals,D Brevis,Ishan Kishan,AR Patel,0,0,,,,,,,,,
1304115,2022,2022-05-21,"Wankhede Stadium, Mumbai",2,8.2,Mumbai Indians,Delhi Capitals,D Brevis,Ishan Kishan,AR Patel,1,0,,,,,,,,,
1304115,2022,2022-05-21,"Wankhede Stadium, Mumbai",2,8.3,Mumbai Indians,Delhi Capitals,Ishan Kishan,D Brevis,AR Patel,1,0,,,,,,,,,
1304115,2022,2022-05-21,"Wankhede Stadium, Mumbai",2,8.4,Mumbai Indians,Delhi Capitals,D Brevis,Ishan Kishan,AR Patel,0,0,,,,,,,,,
1304115,2022,2022-05-21,"Wankhede Stadium, Mumbai",2,8.5,Mumbai Indians,Delhi Capitals,D Brevis,Ishan Kishan,AR Patel,1,0,,,,,,,,,
1304115,2022,2022-05-21,"Wankhede Stadium, Mumbai",2,8.6,Mumbai Indians,Delhi Capitals,Ishan Kishan,D Brevis,AR Patel,1,0,,,,,,,,,
1304115,2022,2022-05-21,"Wankhede Stadium, Mumbai",2,9.1,Mumbai Indians,Delhi Capitals,Ishan Kishan,D Brevis,Kuldeep Yadav,1,0,,,,,,,,,
1304115,2022,2022-05-21,"Wankhede Stadium, Mumbai",2,9.2,Mumbai Indians,Delhi Capitals,D Brevis,Ishan Kishan,Kuldeep Yadav,6,0,,,,,,,,,
1304115,2022,2022-05-21,"Wankhede Stadium, Mumbai",2,9.3,Mumbai Indians,Delhi Capitals,D Brevis,Ishan Kishan,Kuldeep Yadav,4,0,,,,,,,,,
1304115,2022,2022-05-21,"Wankhede Stadium, Mumbai",2,9.4,Mumbai Indians,Delhi Capitals,D Brevis,Ishan Kishan,Kuldeep Yadav,1,0,,,,,,,,,
1304115,2022,2022-05-21,"Wankhede Stadium, Mumbai",2,9.5,Mumbai Indians,Delhi Capitals,Ishan Kishan,D Brevis,Kuldeep Yadav,0,0,,,,,,,,,
1304115,2022,2022-05-21,"Wankhede Stadium, Mumbai",2,9.6,Mumbai Indians,Delhi Capitals,Ishan Kishan,D Brevis,Kuldeep Yadav,6,0,,,,,,,,,
1304115,2022,2022-05-21,"Wankhede Stadium, Mumbai",2,10.1,Mumbai Indians,Delhi Capitals,D Brevis,Ishan Kishan,AR Patel,1,0,,,,,,,,,
1304115,2022,2022-05-21,"Wankhede Stadium, Mumbai",2,10.2,Mumbai Indians,Delhi Capitals,Ishan Kishan,D Brevis,AR Patel,6,0,,,,,,,,,
1304115,2022,2022-05-21,"Wankhede Stadium, Mumbai",2,10.3,Mumbai Indians,Delhi Capitals,Ishan Kishan,D Brevis,AR Patel,1,0,,,,,,,,,
1304115,2022,2022-05-21,"Wankhede Stadium, Mumbai",2,10.4,Mumbai Indians,Delhi Capitals,D Brevis,Ishan Kishan,AR Patel,1,0,,,,,,,,,
1304115,2022,2022-05-21,"Wankhede Stadium, Mumbai",2,10.5,Mumbai Indians,Delhi Capitals,Ishan Kishan,D Brevis,AR Patel,2,0,,,,,,,,,
1304115,2022,2022-05-21,"Wankhede Stadium, Mumbai",2,10.6,Mumbai Indians,Delhi Capitals,Ishan Kishan,D Brevis,AR Patel,1,0,,,,,,,,,
1304115,2022,2022-05-21,"Wankhede Stadium, Mumbai",2,11.1,Mumbai Indians,Delhi Capitals,Ishan Kishan,D Brevis,Kuldeep Yadav,1,0,,,,,,,,,
1304115,2022,2022-05-21,"Wankhede Stadium, Mumbai",2,11.2,Mumbai Indians,Delhi Capitals,D Brevis,Ishan Kishan,Kuldeep Yadav,1,0,,,,,,,,,
1304115,2022,2022-05-21,"Wankhede Stadium, Mumbai",2,11.3,Mumbai Indians,Delhi Capitals,Ishan Kishan,D Brevis,Kuldeep Yadav,0,0,,,,,,caught,Ishan Kishan,,
1304115,2022,2022-05-21,"Wankhede Stadium, Mumbai",2,11.4,Mumbai Indians,Delhi Capitals,Tilak Varma,D Brevis,Kuldeep Yadav,1,0,,,,,,,,,
1304115,2022,2022-05-21,"Wankhede Stadium, Mumbai",2,11.5,Mumbai Indians,Delhi Capitals,D Brevis,Tilak Varma,Kuldeep Yadav,0,0,,,,,,,,,
1304115,2022,2022-05-21,"Wankhede Stadium, Mumbai",2,11.6,Mumbai Indians,Delhi Capitals,D Brevis,Tilak Varma,Kuldeep Yadav,1,0,,,,,,,,,
1304115,2022,2022-05-21,"Wankhede Stadium, Mumbai",2,12.1,Mumbai Indians,Delhi Capitals,D Brevis,Tilak Varma,AR Patel,6,0,,,,,,,,,
1304115,2022,2022-05-21,"Wankhede Stadium, Mumbai",2,12.2,Mumbai Indians,Delhi Capitals,D Brevis,Tilak Varma,AR Patel,0,0,,,,,,,,,
1304115,2022,2022-05-21,"Wankhede Stadium, Mumbai",2,12.3,Mumbai Indians,Delhi Capitals,D Brevis,Tilak Varma,AR Patel,1,0,,,,,,,,,
1304115,2022,2022-05-21,"Wankhede Stadium, Mumbai",2,12.4,Mumbai Indians,Delhi Capitals,Tilak Varma,D Brevis,AR Patel,1,0,,,,,,,,,
1304115,2022,2022-05-21,"Wankhede Stadium, Mumbai",2,12.5,Mumbai Indians,Delhi Capitals,D Brevis,Tilak Varma,AR Patel,1,0,,,,,,,,,
1304115,2022,2022-05-21,"Wankhede Stadium, Mumbai",2,12.6,Mumbai Indians,Delhi Capitals,Tilak Varma,D Brevis,AR Patel,1,0,,,,,,,,,
1304115,2022,2022-05-21,"Wankhede Stadium, Mumbai",2,13.1,Mumbai Indians,Delhi Capitals,Tilak Varma,D Brevis,Kuldeep Yadav,1,0,,,,,,,,,
1304115,2022,2022-05-21,"Wankhede Stadium, Mumbai",2,13.2,Mumbai Indians,Delhi Capitals,D Brevis,Tilak Varma,Kuldeep Yadav,0,0,,,,,,,,,
1304115,2022,2022-05-21,"Wankhede Stadium, Mumbai",2,13.3,Mumbai Indians,Delhi Capitals,D Brevis,Tilak Varma,Kuldeep Yadav,1,0,,,,,,,,,
1304115,2022,2022-05-21,"Wankhede Stadium, Mumbai",2,13.4,Mumbai Indians,Delhi Capitals,Tilak Varma,D Brevis,Kuldeep Yadav,1,0,,,,,,,,,
1304115,2022,2022-05-21,"Wankhede Stadium, Mumbai",2,13.5,Mumbai Indians,Delhi Capitals,D Brevis,Tilak Varma,Kuldeep Yadav,0,0,,,,,,,,,
1304115,2022,2022-05-21,"Wankhede Stadium, Mumbai",2,13.6,Mumbai Indians,Delhi Capitals,D Brevis,Tilak Varma,Kuldeep Yadav,1,0,,,,,,,,,
1304115,2022,2022-05-21,"Wankhede Stadium, Mumbai",2,14.1,Mumbai Indians,Delhi Capitals,D Brevis,Tilak Varma,SN Thakur,0,1,1,,,,,,,,
1304115,2022,2022-05-21,"Wankhede Stadium, Mumbai",2,14.2,Mumbai Indians,Delhi Capitals,D Brevis,Tilak Varma,SN Thakur,1,0,,,,,,,,,
1304115,2022,2022-05-21,"Wankhede Stadium, Mumbai",2,14.3,Mumbai Indians,Delhi Capitals,Tilak Varma,D Brevis,SN Thakur,1,0,,,,,,,,,
1304115,2022,2022-05-21,"Wankhede Stadium, Mumbai",2,14.4,Mumbai Indians,Delhi Capitals,D Brevis,Tilak Varma,SN Thakur,0,0,,,,,,bowled,D Brevis,,
1304115,2022,2022-05-21,"Wankhede Stadium, Mumbai",2,14.5,Mumbai Indians,Delhi Capitals,TH David,Tilak Varma,SN Thakur,0,0,,,,,,,,,
1304115,2022,2022-05-21,"Wankhede Stadium, Mumbai",2,14.6,Mumbai Indians,Delhi Capitals,TH David,Tilak Varma,SN Thakur,0,0,,,,,,,,,
1304115,2022,2022-05-21,"Wankhede Stadium, Mumbai",2,14.7,Mumbai Indians,Delhi Capitals,TH David,Tilak Varma,SN Thakur,6,0,,,,,,,,,
1304115,2022,2022-05-21,"Wankhede Stadium, Mumbai",2,15.1,Mumbai Indians,Delhi Capitals,Tilak Varma,TH David,A Nortje,1,0,,,,,,,,,
1304115,2022,2022-05-21,"Wankhede Stadium, Mumbai",2,15.2,Mumbai Indians,Delhi Capitals,TH David,Tilak Varma,A Nortje,1,0,,,,,,,,,
1304115,2022,2022-05-21,"Wankhede Stadium, Mumbai",2,15.3,Mumbai Indians,Delhi Capitals,Tilak Varma,TH David,A Nortje,0,0,,,,,,,,,
1304115,2022,2022-05-21,"Wankhede Stadium, Mumbai",2,15.4,Mumbai Indians,Delhi Capitals,Tilak Varma,TH David,A Nortje,6,0,,,,,,,,,
1304115,2022,2022-05-21,"Wankhede Stadium, Mumbai",2,15.5,Mumbai Indians,Delhi Capitals,Tilak Varma,TH David,A Nortje,0,1,,,,1,,,,,
1304115,2022,2022-05-21,"Wankhede Stadium, Mumbai",2,15.6,Mumbai Indians,Delhi Capitals,TH David,Tilak Varma,A Nortje,4,0,,,,,,,,,
1304115,2022,2022-05-21,"Wankhede Stadium, Mumbai",2,16.1,Mumbai Indians,Delhi Capitals,Tilak Varma,TH David,KK Ahmed,4,0,,,,,,,,,
1304115,2022,2022-05-21,"Wankhede Stadium, Mumbai",2,16.2,Mumbai Indians,Delhi Capitals,Tilak Varma,TH David,KK Ahmed,1,0,,,,,,,,,
1304115,2022,2022-05-21,"Wankhede Stadium, Mumbai",2,16.3,Mumbai Indians,Delhi Capitals,TH David,Tilak Varma,KK Ahmed,4,0,,,,,,,,,
1304115,2022,2022-05-21,"Wankhede Stadium, Mumbai",2,16.4,Mumbai Indians,Delhi Capitals,TH David,Tilak Varma,KK Ahmed,1,0,,,,,,,,,
1304115,2022,2022-05-21,"Wankhede Stadium, Mumbai",2,16.5,Mumbai Indians,Delhi Capitals,Tilak Varma,TH David,KK Ahmed,1,0,,,,,,,,,
1304115,2022,2022-05-21,"Wankhede Stadium, Mumbai",2,16.6,Mumbai Indians,Delhi Capitals,TH David,Tilak Varma,KK Ahmed,6,0,,,,,,,,,
1304115,2022,2022-05-21,"Wankhede Stadium, Mumbai",2,17.1,Mumbai Indians,Delhi Capitals,Tilak Varma,TH David,SN Thakur,0,0,,,,,,,,,
1304115,2022,2022-05-21,"Wankhede Stadium, Mumbai",2,17.2,Mumbai Indians,Delhi Capitals,Tilak Varma,TH David,SN Thakur,1,0,,,,,,,,,
1304115,2022,2022-05-21,"Wankhede Stadium, Mumbai",2,17.3,Mumbai Indians,Delhi Capitals,TH David,Tilak Varma,SN Thakur,6,0,,,,,,,,,
1304115,2022,2022-05-21,"Wankhede Stadium, Mumbai",2,17.4,Mumbai Indians,Delhi Capitals,TH David,Tilak Varma,SN Thakur,6,0,,,,,,,,,
1304115,2022,2022-05-21,"Wankhede Stadium, Mumbai",2,17.5,Mumbai Indians,Delhi Capitals,TH David,Tilak Varma,SN Thakur,0,1,1,,,,,,,,
1304115,2022,2022-05-21,"Wankhede Stadium, Mumbai",2,17.6,Mumbai Indians,Delhi Capitals,TH David,Tilak Varma,SN Thakur,0,0,,,,,,caught,TH David,,
1304115,2022,2022-05-21,"Wankhede Stadium, Mumbai",2,17.7,Mumbai Indians,Delhi Capitals,Ramandeep Singh,Tilak Varma,SN Thakur,1,0,,,,,,,,,
1304115,2022,2022-05-21,"Wankhede Stadium, Mumbai",2,18.1,Mumbai Indians,Delhi Capitals,Ramandeep Singh,Tilak Varma,A Nortje,4,0,,,,,,,,,
1304115,2022,2022-05-21,"Wankhede Stadium, Mumbai",2,18.2,Mumbai Indians,Delhi Capitals,Ramandeep Singh,Tilak Varma,A Nortje,1,0,,,,,,,,,
1304115,2022,2022-05-21,"Wankhede Stadium, Mumbai",2,18.3,Mumbai Indians,Delhi Capitals,Tilak Varma,Ramandeep Singh,A Nortje,1,0,,,,,,,,,
1304115,2022,2022-05-21,"Wankhede Stadium, Mumbai",2,18.4,Mumbai Indians,Delhi Capitals,Ramandeep Singh,Tilak Varma,A Nortje,3,0,,,,,,,,,
1304115,2022,2022-05-21,"Wankhede Stadium, Mumbai",2,18.5,Mumbai Indians,Delhi Capitals,Tilak Varma,Ramandeep Singh,A Nortje,0,0,,,,,,caught,Tilak Varma,,
1304115,2022,2022-05-21,"Wankhede Stadium, Mumbai",2,18.6,Mumbai Indians,Delhi Capitals,DR Sams,Ramandeep Singh,A Nortje,0,0,,,,,,,,,
1304115,2022,2022-05-21,"Wankhede Stadium, Mumbai",2,19.1,Mumbai Indians,Delhi Capitals,Ramandeep Singh,DR Sams,KK Ahmed,0,1,,1,,,,,,,
1304115,2022,2022-05-21,"Wankhede Stadium, Mumbai",2,19.2,Mumbai Indians,Delhi Capitals,Ramandeep Singh,DR Sams,KK Ahmed,4,0,,,,,,,,,
