match_id,season,start_date,venue,innings,ball,batting_team,bowling_team,striker,non_striker,bowler,runs_off_bat,extras,wides,noballs,byes,legbyes,penalty,wicket_type,player_dismissed,other_wicket_type,other_player_dismissed
1304068,2022,2022-04-12,"Dr DY Patil Sports Academy, Mumbai",1,0.1,Chennai Super Kings,Royal Challengers Bangalore,RD Gaikwad,RV Uthappa,Mohammed Siraj,0,0,,,,,,,,,
1304068,2022,2022-04-12,"Dr DY Patil Sports Academy, Mumbai",1,0.2,Chennai Super Kings,Royal Challengers Bangalore,RD Gaikwad,RV Uthappa,Mohammed Siraj,1,0,,,,,,,,,
1304068,2022,2022-04-12,"Dr DY Patil Sports Academy, Mumbai",1,0.3,Chennai Super Kings,Royal Challengers Bangalore,RV Uthappa,RD Gaikwad,Mohammed Siraj,1,0,,,,,,,,,
1304068,2022,2022-04-12,"Dr DY Patil Sports Academy, Mumbai",1,0.4,Chennai Super Kings,Royal Challengers Bangalore,RD Gaikwad,RV Uthappa,Mohammed Siraj,4,0,,,,,,,,,
1304068,2022,2022-04-12,"Dr DY Patil Sports Academy, Mumbai",1,0.5,Chennai Super Kings,Royal Challengers Bangalore,RD Gaikwad,RV Uthappa,Mohammed Siraj,0,0,,,,,,,,,
1304068,2022,2022-04-12,"Dr DY Patil Sports Academy, Mumbai",1,0.6,Chennai Super Kings,Royal Challengers Bangalore,RD Gaikwad,RV Uthappa,Mohammed Siraj,0,0,,,,,,,,,
1304068,2022,2022-04-12,"Dr DY Patil Sports Academy, Mumbai",1,1.1,Chennai Super Kings,Royal Challengers Bangalore,RV Uthappa,RD Gaikwad,JR Hazlewood,0,0,,,,,,,,,
1304068,2022,2022-04-12,"Dr DY Patil Sports Academy, Mumbai",1,1.2,Chennai Super Kings,Royal Challengers Bangalore,RV Uthappa,RD Gaikwad,JR Hazlewood,0,0,,,,,,,,,
1304068,2022,2022-04-12,"Dr DY Patil Sports Academy, Mumbai",1,1.3,Chennai Super Kings,Royal Challengers Bangalore,RV Uthappa,RD Gaikwad,JR Hazlewood,1,0,,,,,,,,,
1304068,2022,2022-04-12,"Dr DY Patil Sports Academy, Mumbai",1,1.4,Chennai Super Kings,Royal Challengers Bangalore,RD Gaikwad,RV Uthappa,JR Hazlewood,1,0,,,,,,,,,
1304068,2022,2022-04-12,"Dr DY Patil Sports Academy, Mumbai",1,1.5,Chennai Super Kings,Royal Challengers Bangalore,RV Uthappa,RD Gaikwad,JR Hazlewood,0,0,,,,,,,,,
1304068,2022,2022-04-12,"Dr DY Patil Sports Academy, Mumbai",1,1.6,Chennai Super Kings,Royal Challengers Bangalore,RV Uthappa,RD Gaikwad,JR Hazlewood,0,0,,,,,,,,,
1304068,2022,2022-04-12,"Dr DY Patil Sports Academy, Mumbai",1,2.1,Chennai Super Kings,Royal Challengers Bangalore,RD Gaikwad,RV Uthappa,Mohammed Siraj,0,0,,,,,,,,,
1304068,2022,2022-04-12,"Dr DY Patil Sports Academy, Mumbai",1,2.2,Chennai Super Kings,Royal Challengers Bangalore,RD Gaikwad,RV Uthappa,Mohammed Siraj,4,0,,,,,,,,,
1304068,2022,2022-04-12,"Dr DY Patil Sports Academy, Mumbai",1,2.3,Chennai Super Kings,Royal Challengers Bangalore,RD Gaikwad,RV Uthappa,Mohammed Siraj,0,0,,,,,,,,,
1304068,2022,2022-04-12,"Dr DY Patil Sports Academy, Mumbai",1,2.4,Chennai Super Kings,Royal Challengers Bangalore,RD Gaikwad,RV Uthappa,Mohammed Siraj,2,0,,,,,,,,,
1304068,2022,2022-04-12,"Dr DY Patil Sports Academy, Mumbai",1,2.5,Chennai Super Kings,Royal Challengers Bangalore,RD Gaikwad,RV Uthappa,Mohammed Siraj,0,0,,,,,,,,,
1304068,2022,2022-04-12,"Dr DY Patil Sports Academy, Mumbai",1,2.6,Chennai Super Kings,Royal Challengers Bangalore,RD Gaikwad,RV Uthappa,Mohammed Siraj,1,0,,,,,,,,,
1304068,2022,2022-04-12,"Dr DY Patil Sports Academy, Mumbai",1,3.1,Chennai Super Kings,Royal Challengers Bangalore,RD Gaikwad,RV Uthappa,JR Hazlewood,4,0,,,,,,,,,
1304068,2022,2022-04-12,"Dr DY Patil Sports Academy, Mumbai",1,3.2,Chennai Super Kings,Royal Challengers Bangalore,RD Gaikwad,RV Uthappa,JR Hazlewood,0,0,,,,,,,,,
1304068,2022,2022-04-12,"Dr DY Patil Sports Academy, Mumbai",1,3.3,Chennai Super Kings,Royal Challengers Bangalore,RD Gaikwad,RV Uthappa,JR Hazlewood,0,0,,,,,,,,,
1304068,2022,2022-04-12,"Dr DY Patil Sports Academy, Mumbai",1,3.4,Chennai Super Kings,Royal Challengers Bangalore,RD Gaikwad,RV Uthappa,JR Hazlewood,0,0,,,,,,lbw,RD Gaikwad,,
1304068,2022,2022-04-12,"Dr DY Patil Sports Academy, Mumbai",1,3.5,Chennai Super Kings,Royal Challengers Bangalore,MM Ali,RV Uthappa,JR Hazlewood,0,0,,,,,,,,,
1304068,2022,2022-04-12,"Dr DY Patil Sports Academy, Mumbai",1,3.6,Chennai Super Kings,Royal Challengers Bangalore,MM Ali,RV Uthappa,JR Hazlewood,0,0,,,,,,,,,
1304068,2022,2022-04-12,"Dr DY Patil Sports Academy, Mumbai",1,4.1,Chennai Super Kings,Royal Challengers Bangalore,RV Uthappa,MM Ali,Mohammed Siraj,1,0,,,,,,,,,
1304068,2022,2022-04-12,"Dr DY Patil Sports Academy, Mumbai",1,4.2,Chennai Super Kings,Royal Challengers Bangalore,MM Ali,RV Uthappa,Mohammed Siraj,0,0,,,,,,,,,
1304068,2022,2022-04-12,"Dr DY Patil Sports Academy, Mumbai",1,4.3,Chennai Super Kings,Royal Challengers Bangalore,MM Ali,RV Uthappa,Mohammed Siraj,1,0,,,,,,,,,
1304068,2022,2022-04-12,"Dr DY Patil Sports Academy, Mumbai",1,4.4,Chennai Super Kings,Royal Challengers Bangalore,RV Uthappa,MM Ali,Mohammed Siraj,0,0,,,,,,,,,
1304068,2022,2022-04-12,"Dr DY Patil Sports Academy, Mumbai",1,4.5,Chennai Super Kings,Royal Challengers Bangalore,RV Uthappa,MM Ali,Mohammed Siraj,0,0,,,,,,,,,
1304068,2022,2022-04-12,"Dr DY Patil Sports Academy, Mumbai",1,4.6,Chennai Super Kings,Royal Challengers Bangalore,RV Uthappa,MM Ali,Mohammed Siraj,4,0,,,,,,,,,
1304068,2022,2022-04-12,"Dr DY Patil Sports Academy, Mumbai",1,5.1,Chennai Super Kings,Royal Challengers Bangalore,MM Ali,RV Uthappa,Akash Deep,1,0,,,,,,,,,
1304068,2022,2022-04-12,"Dr DY Patil Sports Academy, Mumbai",1,5.2,Chennai Super Kings,Royal Challengers Bangalore,RV Uthappa,MM Ali,Akash Deep,1,0,,,,,,,,,
1304068,2022,2022-04-12,"Dr DY Patil Sports Academy, Mumbai",1,5.3,Chennai Super Kings,Royal Challengers Bangalore,MM Ali,RV Uthappa,Akash Deep,1,0,,,,,,,,,
1304068,2022,2022-04-12,"Dr DY Patil Sports Academy, Mumbai",1,5.4,Chennai Super Kings,Royal Challengers Bangalore,RV Uthappa,MM Ali,Akash Deep,0,0,,,,,,,,,
1304068,2022,2022-04-12,"Dr DY Patil Sports Academy, Mumbai",1,5.5,Chennai Super Kings,Royal Challengers Bangalore,RV Uthappa,MM Ali,Akash Deep,6,0,,,,,,,,,
1304068,2022,2022-04-12,"Dr DY Patil Sports Academy, Mumbai",1,5.6,Chennai Super Kings,Royal Challengers Bangalore,RV Uthappa,MM Ali,Akash Deep,0,1,,,,1,,,,,
1304068,2022,2022-04-12,"Dr DY Patil Sports Academy, Mumbai",1,6.1,Chennai Super Kings,Royal Challengers Bangalore,RV Uthappa,MM Ali,GJ Maxwell,0,0,,,,,,,,,
1304068,2022,2022-04-12,"Dr DY Patil Sports Academy, Mumbai",1,6.2,Chennai Super Kings,Royal Challengers Bangalore,RV Uthappa,MM Ali,GJ Maxwell,1,0,,,,,,,,,
1304068,2022,2022-04-12,"Dr DY Patil Sports Academy, Mumbai",1,6.3,Chennai Super Kings,Royal Challengers Bangalore,MM Ali,RV Uthappa,GJ Maxwell,0,0,,,,,,,,,
1304068,2022,2022-04-12,"Dr DY Patil Sports Academy, Mumbai",1,6.4,Chennai Super Kings,Royal Challengers Bangalore,MM Ali,RV Uthappa,GJ Maxwell,0,0,,,,,,run out,MM Ali,,
1304068,2022,2022-04-12,"Dr DY Patil Sports Academy, Mumbai",1,6.5,Chennai Super Kings,Royal Challengers Bangalore,S Dube,RV Uthappa,GJ Maxwell,0,0,,,,,,,,,
1304068,2022,2022-04-12,"Dr DY Patil Sports Academy, Mumbai",1,6.6,Chennai Super Kings,Royal Challengers Bangalore,S Dube,RV Uthappa,GJ Maxwell,1,0,,,,,,,,,
1304068,2022,2022-04-12,"Dr DY Patil Sports Academy, Mumbai",1,7.1,Chennai Super Kings,Royal Challengers Bangalore,S Dube,RV Uthappa,Akash Deep,1,0,,,,,,,,,
1304068,2022,2022-04-12,"Dr DY Patil Sports Academy, Mumbai",1,7.2,Chennai Super Kings,Royal Challengers Bangalore,RV Uthappa,S Dube,Akash Deep,4,0,,,,,,,,,
1304068,2022,2022-04-12,"Dr DY Patil Sports Academy, Mumbai",1,7.3,Chennai Super Kings,Royal Challengers Bangalore,RV Uthappa,S Dube,Akash Deep,1,0,,,,,,,,,
1304068,2022,2022-04-12,"Dr DY Patil Sports Academy, Mumbai",1,7.4,Chennai Super Kings,Royal Challengers Bangalore,S Dube,RV Uthappa,Akash Deep,4,0,,,,,,,,,
1304068,2022,2022-04-12,"Dr DY Patil Sports Academy, Mumbai",1,7.5,Chennai Super Kings,Royal Challengers Bangalore,S Dube,RV Uthappa,Akash Deep,0,0,,,,,,,,,
1304068,2022,2022-04-12,"Dr DY Patil Sports Academy, Mumbai",1,7.6,Chennai Super Kings,Royal Challengers Bangalore,S Dube,RV Uthappa,Akash Deep,0,0,,,,,,,,,
1304068,2022,2022-04-12,"Dr DY Patil Sports Academy, Mumbai",1,8.1,Chennai Super Kings,Royal Challengers Bangalore,RV Uthappa,S Dube,GJ Maxwell,0,0,,,,,,,,,
1304068,2022,2022-04-12,"Dr DY Patil Sports Academy, Mumbai",1,8.2,Chennai Super Kings,Royal Challengers Bangalore,RV Uthappa,S Dube,GJ Maxwell,1,0,,,,,,,,,
1304068,2022,2022-04-12,"Dr DY Patil Sports Academy, Mumbai",1,8.3,Chennai Super Kings,Royal Challengers Bangalore,S Dube,RV Uthappa,GJ Maxwell,0,0,,,,,,,,,
1304068,2022,2022-04-12,"Dr DY Patil Sports Academy, Mumbai",1,8.4,Chennai Super Kings,Royal Challengers Bangalore,S Dube,RV Uthappa,GJ Maxwell,6,0,,,,,,,,,
1304068,2022,2022-04-12,"Dr DY Patil Sports Academy, Mumbai",1,8.5,Chennai Super Kings,Royal Challengers Bangalore,S Dube,RV Uthappa,GJ Maxwell,0,0,,,,,,,,,
1304068,2022,2022-04-12,"Dr DY Patil Sports Academy, Mumbai",1,8.6,Chennai Super Kings,Royal Challengers Bangalore,S Dube,RV Uthappa,GJ Maxwell,1,0,,,,,,,,,
1304068,2022,2022-04-12,"Dr DY Patil Sports Academy, Mumbai",1,9.1,Chennai Super Kings,Royal Challengers Bangalore,S Dube,RV Uthappa,Shahbaz Ahmed,0,0,,,,,,,,,
1304068,2022,2022-04-12,"Dr DY Patil Sports Academy, Mumbai",1,9.2,Chennai Super Kings,Royal Challengers Bangalore,S Dube,RV Uthappa,Shahbaz Ahmed,1,0,,,,,,,,,
1304068,2022,2022-04-12,"Dr DY Patil Sports Academy, Mumbai",1,9.3,Chennai Super Kings,Royal Challengers Bangalore,RV Uthappa,S Dube,Shahbaz Ahmed,1,0,,,,,,,,,
1304068,2022,2022-04-12,"Dr DY Patil Sports Academy, Mumbai",1,9.4,Chennai Super Kings,Royal Challengers Bangalore,S Dube,RV Uthappa,Shahbaz Ahmed,1,0,,,,,,,,,
1304068,2022,2022-04-12,"Dr DY Patil Sports Academy, Mumbai",1,9.5,Chennai Super Kings,Royal Challengers Bangalore,RV Uthappa,S Dube,Shahbaz Ahmed,1,0,,,,,,,,,
1304068,2022,2022-04-12,"Dr DY Patil Sports Academy, Mumbai",1,9.6,Chennai Super Kings,Royal Challengers Bangalore,S Dube,RV Uthappa,Shahbaz Ahmed,1,0,,,,,,,,,
1304068,2022,2022-04-12,"Dr DY Patil Sports Academy, Mumbai",1,10.1,Chennai Super Kings,Royal Challengers Bangalore,S Dube,RV Uthappa,PWH de Silva,0,0,,,,,,,,,
1304068,2022,2022-04-12,"Dr DY Patil Sports Academy, Mumbai",1,10.2,Chennai Super Kings,Royal Challengers Bangalore,S Dube,RV Uthappa,PWH de Silva,6,0,,,,,,,,,
1304068,2022,2022-04-12,"Dr DY Patil Sports Academy, Mumbai",1,10.3,Chennai Super Kings,Royal Challengers Bangalore,S Dube,RV Uthappa,PWH de Silva,1,0,,,,,,,,,
1304068,2022,2022-04-12,"Dr DY Patil Sports Academy, Mumbai",1,10.4,Chennai Super Kings,Royal Challengers Bangalore,RV Uthappa,S Dube,PWH de Silva,1,0,,,,,,,,,
1304068,2022,2022-04-12,"Dr DY Patil Sports Academy, Mumbai",1,10.5,Chennai Super Kings,Royal Challengers Bangalore,S Dube,RV Uthappa,PWH de Silva,4,0,,,,,,,,,
1304068,2022,2022-04-12,"Dr DY Patil Sports Academy, Mumbai",1,10.6,Chennai Super Kings,Royal Challengers Bangalore,S Dube,RV Uthappa,PWH de Silva,1,0,,,,,,,,,
1304068,2022,2022-04-12,"Dr DY Patil Sports Academy, Mumbai",1,11.1,Chennai Super Kings,Royal Challengers Bangalore,S Dube,RV Uthappa,Shahbaz Ahmed,1,0,,,,,,,,,
1304068,2022,2022-04-12,"Dr DY Patil Sports Academy, Mumbai",1,11.2,Chennai Super Kings,Royal Challengers Bangalore,RV Uthappa,S Dube,Shahbaz Ahmed,2,0,,,,,,,,,
1304068,2022,2022-04-12,"Dr DY Patil Sports Academy, Mumbai",1,11.3,Chennai Super Kings,Royal Challengers Bangalore,RV Uthappa,S Dube,Shahbaz Ahmed,1,0,,,,,,,,,
1304068,2022,2022-04-12,"Dr DY Patil Sports Academy, Mumbai",1,11.4,Chennai Super Kings,Royal Challengers Bangalore,S Dube,RV Uthappa,Shahbaz Ahmed,2,0,,,,,,,,,
1304068,2022,2022-04-12,"Dr DY Patil Sports Academy, Mumbai",1,11.5,Chennai Super Kings,Royal Challengers Bangalore,S Dube,RV Uthappa,Shahbaz Ahmed,6,0,,,,,,,,,
1304068,2022,2022-04-12,"Dr DY Patil Sports Academy, Mumbai",1,11.6,Chennai Super Kings,Royal Challengers Bangalore,S Dube,RV Uthappa,Shahbaz Ahmed,1,0,,,,,,,,,
1304068,2022,2022-04-12,"Dr DY Patil Sports Academy, Mumbai",1,12.1,Chennai Super Kings,Royal Challengers Bangalore,S Dube,RV Uthappa,GJ Maxwell,1,0,,,,,,,,,
1304068,2022,2022-04-12,"Dr DY Patil Sports Academy, Mumbai",1,12.2,Chennai Super Kings,Royal Challengers Bangalore,RV Uthappa,S Dube,GJ Maxwell,6,0,,,,,,,,,
1304068,2022,2022-04-12,"Dr DY Patil Sports Academy, Mumbai",1,12.3,Chennai Super Kings,Royal Challengers Bangalore,RV Uthappa,S Dube,GJ Maxwell,6,0,,,,,,,,,
1304068,2022,2022-04-12,"Dr DY Patil Sports Academy, Mumbai",1,12.4,Chennai Super Kings,Royal Challengers Bangalore,RV Uthappa,S Dube,GJ Maxwell,0,0,,,,,,,,,
1304068,2022,2022-04-12,"Dr DY Patil Sports Academy, Mumbai",1,12.5,Chennai Super Kings,Royal Challengers Bangalore,RV Uthappa,S Dube,GJ Maxwell,0,0,,,,,,,,,
1304068,2022,2022-04-12,"Dr DY Patil Sports Academy, Mumbai",1,12.6,Chennai Super Kings,Royal Challengers Bangalore,RV Uthappa,S Dube,GJ Maxwell,6,0,,,,,,,,,
1304068,2022,2022-04-12,"Dr DY Patil Sports Academy, Mumbai",1,13.1,Chennai Super Kings,Royal Challengers Bangalore,S Dube,RV Uthappa,PWH de Silva,0,0,,,,,,,,,
1304068,2022,2022-04-12,"Dr DY Patil Sports Academy, Mumbai",1,13.2,Chennai Super Kings,Royal Challengers Bangalore,S Dube,RV Uthappa,PWH de Silva,4,0,,,,,,,,,
1304068,2022,2022-04-12,"Dr DY Patil Sports Academy, Mumbai",1,13.3,Chennai Super Kings,Royal Challengers Bangalore,S Dube,RV Uthappa,PWH de Silva,2,0,,,,,,,,,
1304068,2022,2022-04-12,"Dr DY Patil Sports Academy, Mumbai",1,13.4,Chennai Super Kings,Royal Challengers Bangalore,S Dube,RV Uthappa,PWH de Silva,0,4,,,4,,,,,,
1304068,2022,2022-04-12,"Dr DY Patil Sports Academy, Mumbai",1,13.5,Chennai Super Kings,Royal Challengers Bangalore,S Dube,RV Uthappa,PWH de Silva,0,1,1,,,,,,,,
1304068,2022,2022-04-12,"Dr DY Patil Sports Academy, Mumbai",1,13.6,Chennai Super Kings,Royal Challengers Bangalore,S Dube,RV Uthappa,PWH de Silva,1,0,,,,,,,,,
1304068,2022,2022-04-12,"Dr DY Patil Sports Academy, Mumbai",1,13.7,Chennai Super Kings,Royal Challengers Bangalore,RV Uthappa,S Dube,PWH de Silva,1,0,,,,,,,,,
1304068,2022,2022-04-12,"Dr DY Patil Sports Academy, Mumbai",1,14.1,Chennai Super Kings,Royal Challengers Bangalore,RV Uthappa,S Dube,Akash Deep,0,0,,,,,,,,,
1304068,2022,2022-04-12,"Dr DY Patil Sports Academy, Mumbai",1,14.2,Chennai Super Kings,Royal Challengers Bangalore,RV Uthappa,S Dube,Akash Deep,4,0,,,,,,,,,
1304068,2022,2022-04-12,"Dr DY Patil Sports Academy, Mumbai",1,14.3,Chennai Super Kings,Royal Challengers Bangalore,RV Uthappa,S Dube,Akash Deep,6,0,,,,,,,,,
1304068,2022,2022-04-12,"Dr DY Patil Sports Academy, Mumbai",1,14.4,Chennai Super Kings,Royal Challengers Bangalore,RV Uthappa,S Dube,Akash Deep,0,0,,,,,,,,,
1304068,2022,2022-04-12,"Dr DY Patil Sports Academy, Mumbai",1,14.5,Chennai Super Kings,Royal Challengers Bangalore,RV Uthappa,S Dube,Akash Deep,1,0,,,,,,,,,
1304068,2022,2022-04-12,"Dr DY Patil Sports Academy, Mumbai",1,14.6,Chennai Super Kings,Royal Challengers Bangalore,S Dube,RV Uthappa,Akash Deep,4,0,,,,,,,,,
1304068,2022,2022-04-12,"Dr DY Patil Sports Academy, Mumbai",1,15.1,Chennai Super Kings,Royal Challengers Bangalore,RV Uthappa,S Dube,JR Hazlewood,1,0,,,,,,,,,
1304068,2022,2022-04-12,"Dr DY Patil Sports Academy, Mumbai",1,15.2,Chennai Super Kings,Royal Challengers Bangalore,S Dube,RV Uthappa,JR Hazlewood,1,0,,,,,,,,,
1304068,2022,2022-04-12,"Dr DY Patil Sports Academy, Mumbai",1,15.3,Chennai Super Kings,Royal Challengers Bangalore,RV Uthappa,S Dube,JR Hazlewood,6,0,,,,,,,,,
1304068,2022,2022-04-12,"Dr DY Patil Sports Academy, Mumbai",1,15.4,Chennai Super Kings,Royal Challengers Bangalore,RV Uthappa,S Dube,JR Hazlewood,0,0,,,,,,,,,
1304068,2022,2022-04-12,"Dr DY Patil Sports Academy, Mumbai",1,15.5,Chennai Super Kings,Royal Challengers Bangalore,RV Uthappa,S Dube,JR Hazlewood,1,0,,,,,,,,,
1304068,2022,2022-04-12,"Dr DY Patil Sports Academy, Mumbai",1,15.6,Chennai Super Kings,Royal Challengers Bangalore,S Dube,RV Uthappa,JR Hazlewood,0,1,1,,,,,,,,
1304068,2022,2022-04-12,"Dr DY Patil Sports Academy, Mumbai",1,15.7,Chennai Super Kings,Royal Challengers Bangalore,S Dube,RV Uthappa,JR Hazlewood,2,0,,,,,,,,,
1304068,2022,2022-04-12,"Dr DY Patil Sports Academy, Mumbai",1,16.1,Chennai Super Kings,Royal Challengers Bangalore,RV Uthappa,S Dube,Mohammed Siraj,0,0,,,,,,,,,
1304068,2022,2022-04-12,"Dr DY Patil Sports Academy, Mumbai",1,16.2,Chennai Super Kings,Royal Challengers Bangalore,RV Uthappa,S Dube,Mohammed Siraj,6,0,,,,,,,,,
1304068,2022,2022-04-12,"Dr DY Patil Sports Academy, Mumbai",1,16.3,Chennai Super Kings,Royal Challengers Bangalore,RV Uthappa,S Dube,Mohammed Siraj,6,0,,,,,,,,,
1304068,2022,2022-04-12,"Dr DY Patil Sports Academy, Mumbai",1,16.4,Chennai Super Kings,Royal Challengers Bangalore,RV Uthappa,S Dube,Mohammed Siraj,4,0,,,,,,,,,
1304068,2022,2022-04-12,"Dr DY Patil Sports Academy, Mumbai",1,16.5,Chennai Super Kings,Royal Challengers Bangalore,RV Uthappa,S Dube,Mohammed Siraj,0,0,,,,,,,,,
1304068,2022,2022-04-12,"Dr DY Patil Sports Academy, Mumbai",1,16.6,Chennai Super Kings,Royal Challengers Bangalore,RV Uthappa,S Dube,Mohammed Siraj,0,1,,1,,,,,,,
1304068,2022,2022-04-12,"Dr DY Patil Sports Academy, Mumbai",1,16.7,Chennai Super Kings,Royal Challengers Bangalore,S Dube,RV Uthappa,Mohammed Siraj,1,0,,,,,,,,,
1304068,2022,2022-04-12,"Dr DY Patil Sports Academy, Mumbai",1,17.1,Chennai Super Kings,Royal Challengers Bangalore,S Dube,RV Uthappa,Akash Deep,6,0,,,,,,,,,
1304068,2022,2022-04-12,"Dr DY Patil Sports Academy, Mumbai",1,17.2,Chennai Super Kings,Royal Challengers Bangalore,S Dube,RV Uthappa,Akash Deep,4,0,,,,,,,,,
1304068,2022,2022-04-12,"Dr DY Patil Sports Academy, Mumbai",1,17.3,Chennai Super Kings,Royal Challengers Bangalore,S Dube,RV Uthappa,Akash Deep,2,0,,,,,,,,,
1304068,2022,2022-04-12,"Dr DY Patil Sports Academy, Mumbai",1,17.4,Chennai Super Kings,Royal Challengers Bangalore,S Dube,RV Uthappa,Akash Deep,6,0,,,,,,,,,
1304068,2022,2022-04-12,"Dr DY Patil Sports Academy, Mumbai",1,17.5,Chennai Super Kings,Royal Challengers Bangalore,S Dube,RV Uthappa,Akash Deep,0,1,1,,,,,,,,
1304068,2022,2022-04-12,"Dr DY Patil Sports Academy, Mumbai",1,17.6,Chennai Super Kings,Royal Challengers Bangalore,S Dube,RV Uthappa,Akash Deep,1,0,,,,,,,,,
1304068,2022,2022-04-12,"Dr DY Patil Sports Academy, Mumbai",1,17.7,Chennai Super Kings,Royal Challengers Bangalore,RV Uthappa,S Dube,Akash Deep,0,1,1,,,,,,,,
1304068,2022,2022-04-12,"Dr DY Patil Sports Academy, Mumbai",1,17.8,Chennai Super Kings,Royal Challengers Bangalore,RV Uthappa,S Dube,Akash Deep,0,1,1,,,,,,,,
1304068,2022,2022-04-12,"Dr DY Patil Sports Academy, Mumbai",1,17.9,Chennai Super Kings,Royal Challengers Bangalore,RV Uthappa,S Dube,Akash Deep,0,1,1,,,,,,,,
1304068,2022,2022-04-12,"Dr DY Patil Sports Academy, Mumbai",1,17.10,Chennai Super Kings,Royal Challengers Bangalore,RV Uthappa,S Dube,Akash Deep,1,0,,,,,,,,,
1304068,2022,2022-04-12,"Dr DY Patil Sports Academy, Mumbai",1,18.1,Chennai Super Kings,Royal Challengers Bangalore,RV Uthappa,S Dube,PWH de Silva,6,0,,,,,,,,,
1304068,2022,2022-04-12,"Dr DY Patil Sports Academy, Mumbai",1,18.2,Chennai Super Kings,Royal Challengers Bangalore,RV Uthappa,S Dube,PWH de Silva,0,1,,,,1,,,,,
1304068,2022,2022-04-12,"Dr DY Patil Sports Academy, Mumbai",1,18.3,Chennai Super Kings,Royal Challengers Bangalore,S Dube,RV Uthappa,PWH de Silva,6,0,,,,,,,,,
1304068,2022,2022-04-12,"Dr DY Patil Sports Academy, Mumbai",1,18.4,Chennai Super Kings,Royal Challengers Bangalore,S Dube,RV Uthappa,PWH de Silva,1,0,,,,,,,,,
1304068,2022,2022-04-12,"Dr DY Patil Sports Academy, Mumbai",1,18.5,Chennai Super Kings,Royal Challengers Bangalore,RV Uthappa,S Dube,PWH de Silva,0,0,,,,,,caught,RV Uthappa,,
1304068,2022,2022-04-12,"Dr DY Patil Sports Academy, Mumbai",1,18.6,Chennai Super Kings,Royal Challengers Bangalore,RA Jadeja,S Dube,PWH de Silva,0,0,,,,,,caught,RA Jadeja,,
1304068,2022,2022-04-12,"Dr DY Patil Sports Academy, Mumbai",1,19.1,Chennai Super Kings,Royal Challengers Bangalore,S Dube,MS Dhoni,JR Hazlewood,6,0,,,,,,,,,
1304068,2022,2022-04-12,"Dr DY Patil Sports Academy, Mumbai",1,19.2,Chennai Super Kings,Royal Challengers Bangalore,S Dube,MS Dhoni,JR Hazlewood,0,0,,,,,,,,,
1304068,2022,2022-04-12,"Dr DY Patil Sports Academy, Mumbai",1,19.3,Chennai Super Kings,Royal Challengers Bangalore,S Dube,MS Dhoni,JR Hazlewood,0,0,,,,,,,,,
1304068,2022,2022-04-12,"Dr DY Patil Sports Academy, Mumbai",1,19.4,Chennai Super Kings,Royal Challengers Bangalore,S Dube,MS Dhoni,JR Hazlewood,6,0,,,,,,,,,
1304068,2022,2022-04-12,"Dr DY Patil Sports Academy, Mumbai",1,19.5,Chennai Super Kings,Royal Challengers Bangalore,S Dube,MS Dhoni,JR Hazlewood,2,0,,,,,,,,,
1304068,2022,2022-04-12,"Dr DY Patil Sports Academy, Mumbai",1,19.6,Chennai Super Kings,Royal Challengers Bangalore,S Dube,MS Dhoni,JR Hazlewood,1,0,,,,,,,,,
1304068,2022,2022-04-12,"Dr DY Patil Sports Academy, Mumbai",2,0.1,Royal Challengers Bangalore,Chennai Super Kings,F du Plessis,Anuj Rawat,MM Ali,0,0,,,,,,,,,
1304068,2022,2022-04-12,"Dr DY Patil Sports Academy, Mumbai",2,0.2,Royal Challengers Bangalore,Chennai Super Kings,F du Plessis,Anuj Rawat,MM Ali,1,0,,,,,,,,,
1304068,2022,2022-04-12,"Dr DY Patil Sports Academy, Mumbai",2,0.3,Royal Challengers Bangalore,Chennai Super Kings,Anuj Rawat,F du Plessis,MM Ali,0,0,,,,,,,,,
1304068,2022,2022-04-12,"Dr DY Patil Sports Academy, Mumbai",2,0.4,Royal Challengers Bangalore,Chennai Super Kings,Anuj Rawat,F du Plessis,MM Ali,0,0,,,,,,,,,
1304068,2022,2022-04-12,"Dr DY Patil Sports Academy, Mumbai",2,0.5,Royal Challengers Bangalore,Chennai Super Kings,Anuj Rawat,F du Plessis,MM Ali,0,0,,,,,,,,,
1304068,2022,2022-04-12,"Dr DY Patil Sports Academy, Mumbai",2,0.6,Royal Challengers Bangalore,Chennai Super Kings,Anuj Rawat,F du Plessis,MM Ali,0,0,,,,,,,,,
1304068,2022,2022-04-12,"Dr DY Patil Sports Academy, Mumbai",2,1.1,Royal Challengers Bangalore,Chennai Super Kings,F du Plessis,Anuj Rawat,Mukesh Choudhary,0,0,,,,,,,,,
1304068,2022,2022-04-12,"Dr DY Patil Sports Academy, Mumbai",2,1.2,Royal Challengers Bangalore,Chennai Super Kings,F du Plessis,Anuj Rawat,Mukesh Choudhary,3,0,,,,,,,,,
1304068,2022,2022-04-12,"Dr DY Patil Sports Academy, Mumbai",2,1.3,Royal Challengers Bangalore,Chennai Super Kings,Anuj Rawat,F du Plessis,Mukesh Choudhary,1,0,,,,,,,,,
1304068,2022,2022-04-12,"Dr DY Patil Sports Academy, Mumbai",2,1.4,Royal Challengers Bangalore,Chennai Super Kings,F du Plessis,Anuj Rawat,Mukesh Choudhary,3,0,,,,,,,,,
1304068,2022,2022-04-12,"Dr DY Patil Sports Academy, Mumbai",2,1.5,Royal Challengers Bangalore,Chennai Super Kings,Anuj Rawat,F du Plessis,Mukesh Choudhary,3,0,,,,,,,,,
1304068,2022,2022-04-12,"Dr DY Patil Sports Academy, Mumbai",2,1.6,Royal Challengers Bangalore,Chennai Super Kings,F du Plessis,Anuj Rawat,Mukesh Choudhary,0,0,,,,,,,,,
1304068,2022,2022-04-12,"Dr DY Patil Sports Academy, Mumbai",2,2.1,Royal Challengers Bangalore,Chennai Super Kings,Anuj Rawat,F du Plessis,M Theekshana,1,0,,,,,,,,,
1304068,2022,2022-04-12,"Dr DY Patil Sports Academy, Mumbai",2,2.2,Royal Challengers Bangalore,Chennai Super Kings,F du Plessis,Anuj Rawat,M Theekshana,1,0,,,,,,,,,
1304068,2022,2022-04-12,"Dr DY Patil Sports Academy, Mumbai",2,2.3,Royal Challengers Bangalore,Chennai Super Kings,Anuj Rawat,F du Plessis,M Theekshana,1,0,,,,,,,,,
1304068,2022,2022-04-12,"Dr DY Patil Sports Academy, Mumbai",2,2.4,Royal Challengers Bangalore,Chennai Super Kings,F du Plessis,Anuj Rawat,M Theekshana,0,0,,,,,,,,,
1304068,2022,2022-04-12,"Dr DY Patil Sports Academy, Mumbai",2,2.5,Royal Challengers Bangalore,Chennai Super Kings,F du Plessis,Anuj Rawat,M Theekshana,0,0,,,,,,caught,F du Plessis,,
1304068,2022,2022-04-12,"Dr DY Patil Sports Academy, Mumbai",2,2.6,Royal Challengers Bangalore,Chennai Super Kings,V Kohli,Anuj Rawat,M Theekshana,0,0,,,,,,,,,
1304068,2022,2022-04-12,"Dr DY Patil Sports Academy, Mumbai",2,3.1,Royal Challengers Bangalore,Chennai Super Kings,Anuj Rawat,V Kohli,MM Ali,0,0,,,,,,,,,
1304068,2022,2022-04-12,"Dr DY Patil Sports Academy, Mumbai",2,3.2,Royal Challengers Bangalore,Chennai Super Kings,Anuj Rawat,V Kohli,MM Ali,4,0,,,,,,,,,
1304068,2022,2022-04-12,"Dr DY Patil Sports Academy, Mumbai",2,3.3,Royal Challengers Bangalore,Chennai Super Kings,Anuj Rawat,V Kohli,MM Ali,0,0,,,,,,,,,
1304068,2022,2022-04-12,"Dr DY Patil Sports Academy, Mumbai",2,3.4,Royal Challengers Bangalore,Chennai Super Kings,Anuj Rawat,V Kohli,MM Ali,1,0,,,,,,,,,
1304068,2022,2022-04-12,"Dr DY Patil Sports Academy, Mumbai",2,3.5,Royal Challengers Bangalore,Chennai Super Kings,V Kohli,Anuj Rawat,MM Ali,1,0,,,,,,,,,
1304068,2022,2022-04-12,"Dr DY Patil Sports Academy, Mumbai",2,3.6,Royal Challengers Bangalore,Chennai Super Kings,Anuj Rawat,V Kohli,MM Ali,0,0,,,,,,,,,
1304068,2022,2022-04-12,"Dr DY Patil Sports Academy, Mumbai",2,4.1,Royal Challengers Bangalore,Chennai Super Kings,V Kohli,Anuj Rawat,Mukesh Choudhary,0,0,,,,,,caught,V Kohli,,
1304068,2022,2022-04-12,"Dr DY Patil Sports Academy, Mumbai",2,4.2,Royal Challengers Bangalore,Chennai Super Kings,GJ Maxwell,Anuj Rawat,Mukesh Choudhary,1,0,,,,,,,,,
1304068,2022,2022-04-12,"Dr DY Patil Sports Academy, Mumbai",2,4.3,Royal Challengers Bangalore,Chennai Super Kings,Anuj Rawat,GJ Maxwell,Mukesh Choudhary,0,0,,,,,,,,,
1304068,2022,2022-04-12,"Dr DY Patil Sports Academy, Mumbai",2,4.4,Royal Challengers Bangalore,Chennai Super Kings,Anuj Rawat,GJ Maxwell,Mukesh Choudhary,1,0,,,,,,,,,
1304068,2022,2022-04-12,"Dr DY Patil Sports Academy, Mumbai",2,4.5,Royal Challengers Bangalore,Chennai Super Kings,GJ Maxwell,Anuj Rawat,Mukesh Choudhary,4,0,,,,,,,,,
1304068,2022,2022-04-12,"Dr DY Patil Sports Academy, Mumbai",2,4.6,Royal Challengers Bangalore,Chennai Super Kings,GJ Maxwell,Anuj Rawat,Mukesh Choudhary,1,0,,,,,,,,,
1304068,2022,2022-04-12,"Dr DY Patil Sports Academy, Mumbai",2,5.1,Royal Challengers Bangalore,Chennai Super Kings,GJ Maxwell,Anuj Rawat,M Theekshana,2,0,,,,,,,,,
1304068,2022,2022-04-12,"Dr DY Patil Sports Academy, Mumbai",2,5.2,Royal Challengers Bangalore,Chennai Super Kings,GJ Maxwell,Anuj Rawat,M Theekshana,0,0,,,,,,,,,
1304068,2022,2022-04-12,"Dr DY Patil Sports Academy, Mumbai",2,5.3,Royal Challengers Bangalore,Chennai Super Kings,GJ Maxwell,Anuj Rawat,M Theekshana,6,0,,,,,,,,,
1304068,2022,2022-04-12,"Dr DY Patil Sports Academy, Mumbai",2,5.4,Royal Challengers Bangalore,Chennai Super Kings,GJ Maxwell,Anuj Rawat,M Theekshana,6,0,,,,,,,,,
1304068,2022,2022-04-12,"Dr DY Patil Sports Academy, Mumbai",2,5.5,Royal Challengers Bangalore,Chennai Super Kings,GJ Maxwell,Anuj Rawat,M Theekshana,1,0,,,,,,,,,
1304068,2022,2022-04-12,"Dr DY Patil Sports Academy, Mumbai",2,5.6,Royal Challengers Bangalore,Chennai Super Kings,Anuj Rawat,GJ Maxwell,M Theekshana,0,0,,,,,,lbw,Anuj Rawat,,
1304068,2022,2022-04-12,"Dr DY Patil Sports Academy, Mumbai",2,6.1,Royal Challengers Bangalore,Chennai Super Kings,GJ Maxwell,Shahbaz Ahmed,RA Jadeja,4,0,,,,,,,,,
1304068,2022,2022-04-12,"Dr DY Patil Sports Academy, Mumbai",2,6.2,Royal Challengers Bangalore,Chennai Super Kings,GJ Maxwell,Shahbaz Ahmed,RA Jadeja,1,0,,,,,,,,,
1304068,2022,2022-04-12,"Dr DY Patil Sports Academy, Mumbai",2,6.3,Royal Challengers Bangalore,Chennai Super Kings,Shahbaz Ahmed,GJ Maxwell,RA Jadeja,2,0,,,,,,,,,
1304068,2022,2022-04-12,"Dr DY Patil Sports Academy, Mumbai",2,6.4,Royal Challengers Bangalore,Chennai Super Kings,Shahbaz Ahmed,GJ Maxwell,RA Jadeja,1,0,,,,,,,,,
1304068,2022,2022-04-12,"Dr DY Patil Sports Academy, Mumbai",2,6.5,Royal Challengers Bangalore,Chennai Super Kings,GJ Maxwell,Shahbaz Ahmed,RA Jadeja,0,0,,,,,,bowled,GJ Maxwell,,
1304068,2022,2022-04-12,"Dr DY Patil Sports Academy, Mumbai",2,6.6,Royal Challengers Bangalore,Chennai Super Kings,SS Prabhudessai,Shahbaz Ahmed,RA Jadeja,0,0,,,,,,,,,
1304068,2022,2022-04-12,"Dr DY Patil Sports Academy, Mumbai",2,7.1,Royal Challengers Bangalore,Chennai Super Kings,Shahbaz Ahmed,SS Prabhudessai,MM Ali,4,0,,,,,,,,,
1304068,2022,2022-04-12,"Dr DY Patil Sports Academy, Mumbai",2,7.2,Royal Challengers Bangalore,Chennai Super Kings,Shahbaz Ahmed,SS Prabhudessai,MM Ali,1,0,,,,,,,,,
1304068,2022,2022-04-12,"Dr DY Patil Sports Academy, Mumbai",2,7.3,Royal Challengers Bangalore,Chennai Super Kings,SS Prabhudessai,Shahbaz Ahmed,MM Ali,1,0,,,,,,,,,
1304068,2022,2022-04-12,"Dr DY Patil Sports Academy, Mumbai",2,7.4,Royal Challengers Bangalore,Chennai Super Kings,Shahbaz Ahmed,SS Prabhudessai,MM Ali,1,0,,,,,,,,,
1304068,2022,2022-04-12,"Dr DY Patil Sports Academy, Mumbai",2,7.5,Royal Challengers Bangalore,Chennai Super Kings,SS Prabhudessai,Shahbaz Ahmed,MM Ali,4,0,,,,,,,,,
1304068,2022,2022-04-12,"Dr DY Patil Sports Academy, Mumbai",2,7.6,Royal Challengers Bangalore,Chennai Super Kings,SS Prabhudessai,Shahbaz Ahmed,MM Ali,1,0,,,,,,,,,
1304068,2022,2022-04-12,"Dr DY Patil Sports Academy, Mumbai",2,8.1,Royal Challengers Bangalore,Chennai Super Kings,SS Prabhudessai,Shahbaz Ahmed,RA Jadeja,4,0,,,,,,,,,
1304068,2022,2022-04-12,"Dr DY Patil Sports Academy, Mumbai",2,8.2,Royal Challengers Bangalore,Chennai Super Kings,SS Prabhudessai,Shahbaz Ahmed,RA Jadeja,1,0,,,,,,,,,
1304068,2022,2022-04-12,"Dr DY Patil Sports Academy, Mumbai",2,8.3,Royal Challengers Bangalore,Chennai Super Kings,Shahbaz Ahmed,SS Prabhudessai,RA Jadeja,2,0,,,,,,,,,
1304068,2022,2022-04-12,"Dr DY Patil Sports Academy, Mumbai",2,8.4,Royal Challengers Bangalore,Chennai Super Kings,Shahbaz Ahmed,SS Prabhudessai,RA Jadeja,0,0,,,,,,,,,
1304068,2022,2022-04-12,"Dr DY Patil Sports Academy, Mumbai",2,8.5,Royal Challengers Bangalore,Chennai Super Kings,Shahbaz Ahmed,SS Prabhudessai,RA Jadeja,0,0,,,,,,,,,
1304068,2022,2022-04-12,"Dr DY Patil Sports Academy, Mumbai",2,8.6,Royal Challengers Bangalore,Chennai Super Kings,Shahbaz Ahmed,SS Prabhudessai,RA Jadeja,4,0,,,,,,,,,
1304068,2022,2022-04-12,"Dr DY Patil Sports Academy, Mumbai",2,9.1,Royal Challengers Bangalore,Chennai Super Kings,SS Prabhudessai,Shahbaz Ahmed,CJ Jordan,4,0,,,,,,,,,
1304068,2022,2022-04-12,"Dr DY Patil Sports Academy, Mumbai",2,9.2,Royal Challengers Bangalore,Chennai Super Kings,SS Prabhudessai,Shahbaz Ahmed,CJ Jordan,1,0,,,,,,,,,
1304068,2022,2022-04-12,"Dr DY Patil Sports Academy, Mumbai",2,9.3,Royal Challengers Bangalore,Chennai Super Kings,Shahbaz Ahmed,SS Prabhudessai,CJ Jordan,1,0,,,,,,,,,
1304068,2022,2022-04-12,"Dr DY Patil Sports Academy, Mumbai",2,9.4,Royal Challengers Bangalore,Chennai Super Kings,SS Prabhudessai,Shahbaz Ahmed,CJ Jordan,4,0,,,,,,,,,
1304068,2022,2022-04-12,"Dr DY Patil Sports Academy, Mumbai",2,9.5,Royal Challengers Bangalore,Chennai Super Kings,SS Prabhudessai,Shahbaz Ahmed,CJ Jordan,1,0,,,,,,,,,
1304068,2022,2022-04-12,"Dr DY Patil Sports Academy, Mumbai",2,9.6,Royal Challengers Bangalore,Chennai Super Kings,Shahbaz Ahmed,SS Prabhudessai,CJ Jordan,2,0,,,,,,,,,
1304068,2022,2022-04-12,"Dr DY Patil Sports Academy, Mumbai",2,10.1,Royal Challengers Bangalore,Chennai Super Kings,SS Prabhudessai,Shahbaz Ahmed,RA Jadeja,1,0,,,,,,,,,
1304068,2022,2022-04-12,"Dr DY Patil Sports Academy, Mumbai",2,10.2,Royal Challengers Bangalore,Chennai Super Kings,Shahbaz Ahmed,SS Prabhudessai,RA Jadeja,2,0,,,,,,,,,
1304068,2022,2022-04-12,"Dr DY Patil Sports Academy, Mumbai",2,10.3,Royal Challengers Bangalore,Chennai Super Kings,Shahbaz Ahmed,SS Prabhudessai,RA Jadeja,1,0,,,,,,,,,
1304068,2022,2022-04-12,"Dr DY Patil Sports Academy, Mumbai",2,10.4,Royal Challengers Bangalore,Chennai Super Kings,SS Prabhudessai,Shahbaz Ahmed,RA Jadeja,4,0,,,,,,,,,
1304068,2022,2022-04-12,"Dr DY Patil Sports Academy, Mumbai",2,10.5,Royal Challengers Bangalore,Chennai Super Kings,SS Prabhudessai,Shahbaz Ahmed,RA Jadeja,6,0,,,,,,,,,
1304068,2022,2022-04-12,"Dr DY Patil Sports Academy, Mumbai",2,10.6,Royal Challengers Bangalore,Chennai Super Kings,SS Prabhudessai,Shahbaz Ahmed,RA Jadeja,0,0,,,,,,,,,
1304068,2022,2022-04-12,"Dr DY Patil Sports Academy, Mumbai",2,11.1,Royal Challengers Bangalore,Chennai Super Kings,Shahbaz Ahmed,SS Prabhudessai,DJ Bravo,0,1,1,,,,,,,,
1304068,2022,2022-04-12,"Dr DY Patil Sports Academy, Mumbai",2,11.2,Royal Challengers Bangalore,Chennai Super Kings,Shahbaz Ahmed,SS Prabhudessai,DJ Bravo,0,0,,,,,,,,,
1304068,2022,2022-04-12,"Dr DY Patil Sports Academy, Mumbai",2,11.3,Royal Challengers Bangalore,Chennai Super Kings,Shahbaz Ahmed,SS Prabhudessai,DJ Bravo,0,1,1,,,,,,,,
1304068,2022,2022-04-12,"Dr DY Patil Sports Academy, Mumbai",2,11.4,Royal Challengers Bangalore,Chennai Super Kings,Shahbaz Ahmed,SS Prabhudessai,DJ Bravo,4,0,,,,,,,,,
1304068,2022,2022-04-12,"Dr DY Patil Sports Academy, Mumbai",2,11.5,Royal Challengers Bangalore,Chennai Super Kings,Shahbaz Ahmed,SS Prabhudessai,DJ Bravo,1,0,,,,,,,,,
1304068,2022,2022-04-12,"Dr DY Patil Sports Academy, Mumbai",2,11.6,Royal Challengers Bangalore,Chennai Super Kings,SS Prabhudessai,Shahbaz Ahmed,DJ Bravo,1,0,,,,,,,,,
1304068,2022,2022-04-12,"Dr DY Patil Sports Academy, Mumbai",2,11.7,Royal Challengers Bangalore,Chennai Super Kings,Shahbaz Ahmed,SS Prabhudessai,DJ Bravo,1,0,,,,,,,,,
1304068,2022,2022-04-12,"Dr DY Patil Sports Academy, Mumbai",2,11.8,Royal Challengers Bangalore,Chennai Super Kings,SS Prabhudessai,Shahbaz Ahmed,DJ Bravo,1,0,,,,,,,,,
1304068,2022,2022-04-12,"Dr DY Patil Sports Academy, Mumbai",2,12.1,Royal Challengers Bangalore,Chennai Super Kings,SS Prabhudessai,Shahbaz Ahmed,M Theekshana,0,0,,,,,,,,,
1304068,2022,2022-04-12,"Dr DY Patil Sports Academy, Mumbai",2,12.2,Royal Challengers Bangalore,Chennai Super Kings,SS Prabhudessai,Shahbaz Ahmed,M Theekshana,0,0,,,,,,bowled,SS Prabhudessai,,
1304068,2022,2022-04-12,"Dr DY Patil Sports Academy, Mumbai",2,12.3,Royal Challengers Bangalore,Chennai Super Kings,KD Karthik,Shahbaz Ahmed,M Theekshana,4,0,,,,,,,,,
1304068,2022,2022-04-12,"Dr DY Patil Sports Academy, Mumbai",2,12.4,Royal Challengers Bangalore,Chennai Super Kings,KD Karthik,Shahbaz Ahmed,M Theekshana,1,0,,,,,,,,,
1304068,2022,2022-04-12,"Dr DY Patil Sports Academy, Mumbai",2,12.5,Royal Challengers Bangalore,Chennai Super Kings,Shahbaz Ahmed,KD Karthik,M Theekshana,0,0,,,,,,,,,
1304068,2022,2022-04-12,"Dr DY Patil Sports Academy, Mumbai",2,12.6,Royal Challengers Bangalore,Chennai Super Kings,Shahbaz Ahmed,KD Karthik,M Theekshana,1,0,,,,,,,,,
1304068,2022,2022-04-12,"Dr DY Patil Sports Academy, Mumbai",2,13.1,Royal Challengers Bangalore,Chennai Super Kings,Shahbaz Ahmed,KD Karthik,DJ Bravo,0,1,1,,,,,,,,
1304068,2022,2022-04-12,"Dr DY Patil Sports Academy, Mumbai",2,13.2,Royal Challengers Bangalore,Chennai Super Kings,Shahbaz Ahmed,KD Karthik,DJ Bravo,4,0,,,,,,,,,
1304068,2022,2022-04-12,"Dr DY Patil Sports Academy, Mumbai",2,13.3,Royal Challengers Bangalore,Chennai Super Kings,Shahbaz Ahmed,KD Karthik,DJ Bravo,2,0,,,,,,,,,
1304068,2022,2022-04-12,"Dr DY Patil Sports Academy, Mumbai",2,13.4,Royal Challengers Bangalore,Chennai Super Kings,Shahbaz Ahmed,KD Karthik,DJ Bravo,1,0,,,,,,,,,
1304068,2022,2022-04-12,"Dr DY Patil Sports Academy, Mumbai",2,13.5,Royal Challengers Bangalore,Chennai Super Kings,KD Karthik,Shahbaz Ahmed,DJ Bravo,1,1,,1,,,,,,,
1304068,2022,2022-04-12,"Dr DY Patil Sports Academy, Mumbai",2,13.6,Royal Challengers Bangalore,Chennai Super Kings,Shahbaz Ahmed,KD Karthik,DJ Bravo,2,0,,,,,,,,,
1304068,2022,2022-04-12,"Dr DY Patil Sports Academy, Mumbai",2,13.7,Royal Challengers Bangalore,Chennai Super Kings,Shahbaz Ahmed,KD Karthik,DJ Bravo,2,0,,,,,,,,,
1304068,2022,2022-04-12,"Dr DY Patil Sports Academy, Mumbai",2,13.8,Royal Challengers Bangalore,Chennai Super Kings,Shahbaz Ahmed,KD Karthik,DJ Bravo,1,0,,,,,,,,,
1304068,2022,2022-04-12,"Dr DY Patil Sports Academy, Mumbai",2,14.1,Royal Challengers Bangalore,Chennai Super Kings,Shahbaz Ahmed,KD Karthik,M Theekshana,1,0,,,,,,,,,
1304068,2022,2022-04-12,"Dr DY Patil Sports Academy, Mumbai",2,14.2,Royal Challengers Bangalore,Chennai Super Kings,KD Karthik,Shahbaz Ahmed,M Theekshana,1,0,,,,,,,,,
1304068,2022,2022-04-12,"Dr DY Patil Sports Academy, Mumbai",2,14.3,Royal Challengers Bangalore,Chennai Super Kings,Shahbaz Ahmed,KD Karthik,M Theekshana,0,0,,,,,,bowled,Shahbaz Ahmed,,
1304068,2022,2022-04-12,"Dr DY Patil Sports Academy, Mumbai",2,14.4,Royal Challengers Bangalore,Chennai Super Kings,PWH de Silva,KD Karthik,M Theekshana,1,0,,,,,,,,,
1304068,2022,2022-04-12,"Dr DY Patil Sports Academy, Mumbai",2,14.5,Royal Challengers Bangalore,Chennai Super Kings,KD Karthik,PWH de Silva,M Theekshana,6,0,,,,,,,,,
1304068,2022,2022-04-12,"Dr DY Patil Sports Academy, Mumbai",2,14.6,Royal Challengers Bangalore,Chennai Super Kings,KD Karthik,PWH de Silva,M Theekshana,0,0,,,,,,,,,
1304068,2022,2022-04-12,"Dr DY Patil Sports Academy, Mumbai",2,15.1,Royal Challengers Bangalore,Chennai Super Kings,PWH de Silva,KD Karthik,RA Jadeja,6,0,,,,,,,,,
1304068,2022,2022-04-12,"Dr DY Patil Sports Academy, Mumbai",2,15.2,Royal Challengers Bangalore,Chennai Super Kings,PWH de Silva,KD Karthik,RA Jadeja,0,0,,,,,,caught,PWH de Silva,,
1304068,2022,2022-04-12,"Dr DY Patil Sports Academy, Mumbai",2,15.3,Royal Challengers Bangalore,Chennai Super Kings,Akash Deep,KD Karthik,RA Jadeja,0,0,,,,,,,,,
1304068,2022,2022-04-12,"Dr DY Patil Sports Academy, Mumbai",2,15.4,Royal Challengers Bangalore,Chennai Super Kings,Akash Deep,KD Karthik,RA Jadeja,0,0,,,,,,caught,Akash Deep,,
1304068,2022,2022-04-12,"Dr DY Patil Sports Academy, Mumbai",2,15.5,Royal Challengers Bangalore,Chennai Super Kings,Mohammed Siraj,KD Karthik,RA Jadeja,0,0,,,,,,,,,
1304068,2022,2022-04-12,"Dr DY Patil Sports Academy, Mumbai",2,15.6,Royal Challengers Bangalore,Chennai Super Kings,Mohammed Siraj,KD Karthik,RA Jadeja,0,0,,,,,,,,,
1304068,2022,2022-04-12,"Dr DY Patil Sports Academy, Mumbai",2,16.1,Royal Challengers Bangalore,Chennai Super Kings,KD Karthik,Mohammed Siraj,Mukesh Choudhary,6,0,,,,,,,,,
1304068,2022,2022-04-12,"Dr DY Patil Sports Academy, Mumbai",2,16.2,Royal Challengers Bangalore,Chennai Super Kings,KD Karthik,Mohammed Siraj,Mukesh Choudhary,6,0,,,,,,,,,
1304068,2022,2022-04-12,"Dr DY Patil Sports Academy, Mumbai",2,16.3,Royal Challengers Bangalore,Chennai Super Kings,KD Karthik,Mohammed Siraj,Mukesh Choudhary,4,0,,,,,,,,,
1304068,2022,2022-04-12,"Dr DY Patil Sports Academy, Mumbai",2,16.4,Royal Challengers Bangalore,Chennai Super Kings,KD Karthik,Mohammed Siraj,Mukesh Choudhary,0,1,1,,,,,,,,
1304068,2022,2022-04-12,"Dr DY Patil Sports Academy, Mumbai",2,16.5,Royal Challengers Bangalore,Chennai Super Kings,KD Karthik,Mohammed Siraj,Mukesh Choudhary,2,0,,,,,,,,,
1304068,2022,2022-04-12,"Dr DY Patil Sports Academy, Mumbai",2,16.6,Royal Challengers Bangalore,Chennai Super Kings,KD Karthik,Mohammed Siraj,Mukesh Choudhary,2,0,,,,,,,,,
1304068,2022,2022-04-12,"Dr DY Patil Sports Academy, Mumbai",2,16.7,Royal Challengers Bangalore,Chennai Super Kings,KD Karthik,Mohammed Siraj,Mukesh Choudhary,0,1,1,,,,,,,,
1304068,2022,2022-04-12,"Dr DY Patil Sports Academy, Mumbai",2,16.8,Royal Challengers Bangalore,Chennai Super Kings,KD Karthik,Mohammed Siraj,Mukesh Choudhary,1,0,,,,,,,,,
1304068,2022,2022-04-12,"Dr DY Patil Sports Academy, Mumbai",2,17.1,Royal Challengers Bangalore,Chennai Super Kings,KD Karthik,Mohammed Siraj,DJ Bravo,0,1,1,,,,,,,,
1304068,2022,2022-04-12,"Dr DY Patil Sports Academy, Mumbai",2,17.2,Royal Challengers Bangalore,Chennai Super Kings,KD Karthik,Mohammed Siraj,DJ Bravo,0,1,1,,,,,,,,
1304068,2022,2022-04-12,"Dr DY Patil Sports Academy, Mumbai",2,17.3,Royal Challengers Bangalore,Chennai Super Kings,KD Karthik,Mohammed Siraj,DJ Bravo,0,0,,,,,,,,,
1304068,2022,2022-04-12,"Dr DY Patil Sports Academy, Mumbai",2,17.4,Royal Challengers Bangalore,Chennai Super Kings,KD Karthik,Mohammed Siraj,DJ Bravo,0,0,,,,,,caught,KD Karthik,,
1304068,2022,2022-04-12,"Dr DY Patil Sports Academy, Mumbai",2,17.5,Royal Challengers Bangalore,Chennai Super Kings,JR Hazlewood,Mohammed Siraj,DJ Bravo,1,0,,,,,,,,,
1304068,2022,2022-04-12,"Dr DY Patil Sports Academy, Mumbai",2,17.6,Royal Challengers Bangalore,Chennai Super Kings,Mohammed Siraj,JR Hazlewood,DJ Bravo,0,0,,,,,,,,,
1304068,2022,2022-04-12,"Dr DY Patil Sports Academy, Mumbai",2,17.7,Royal Challengers Bangalore,Chennai Super Kings,Mohammed Siraj,JR Hazlewood,DJ Bravo,1,0,,,,,,,,,
1304068,2022,2022-04-12,"Dr DY Patil Sports Academy, Mumbai",2,17.8,Royal Challengers Bangalore,Chennai Super Kings,JR Hazlewood,Mohammed Siraj,DJ Bravo,1,0,,,,,,,,,
1304068,2022,2022-04-12,"Dr DY Patil Sports Academy, Mumbai",2,18.1,Royal Challengers Bangalore,Chennai Super Kings,JR Hazlewood,Mohammed Siraj,CJ Jordan,1,0,,,,,,,,,
1304068,2022,2022-04-12,"Dr DY Patil Sports Academy, Mumbai",2,18.2,Royal Challengers Bangalore,Chennai Super Kings,Mohammed Siraj,JR Hazlewood,CJ Jordan,0,0,,,,,,,,,
1304068,2022,2022-04-12,"Dr DY Patil Sports Academy, Mumbai",2,18.3,Royal Challengers Bangalore,Chennai Super Kings,Mohammed Siraj,JR Hazlewood,CJ Jordan,1,0,,,,,,,,,
1304068,2022,2022-04-12,"Dr DY Patil Sports Academy, Mumbai",2,18.4,Royal Challengers Bangalore,Chennai Super Kings,JR Hazlewood,Mohammed Siraj,CJ Jordan,0,0,,,,,,,,,
1304068,2022,2022-04-12,"Dr DY Patil Sports Academy, Mumbai",2,18.5,Royal Challengers Bangalore,Chennai Super Kings,JR Hazlewood,Mohammed Siraj,CJ Jordan,1,0,,,,,,,,,
1304068,2022,2022-04-12,"Dr DY Patil Sports Academy, Mumbai",2,18.6,Royal Challengers Bangalore,Chennai Super Kings,Mohammed Siraj,JR Hazlewood,CJ Jordan,4,0,,,,,,,,,
1304068,2022,2022-04-12,"Dr DY Patil Sports Academy, Mumbai",2,19.1,Royal Challengers Bangalore,Chennai Super Kings,JR Hazlewood,Mohammed Siraj,DJ Bravo,2,0,,,,,,,,,
1304068,2022,2022-04-12,"Dr DY Patil Sports Academy, Mumbai",2,19.2,Royal Challengers Bangalore,Chennai Super Kings,JR Hazlewood,Mohammed Siraj,DJ Bravo,0,1,1,,,,,,,,
1304068,2022,2022-04-12,"Dr DY Patil Sports Academy, Mumbai",2,19.3,Royal Challengers Bangalore,Chennai Super Kings,JR Hazlewood,Mohammed Siraj,DJ Bravo,1,0,,,,,,,,,
1304068,2022,2022-04-12,"Dr DY Patil Sports Academy, Mumbai",2,19.4,Royal Challengers Bangalore,Chennai Super Kings,Mohammed Siraj,JR Hazlewood,DJ Bravo,0,0,,,,,,,,,
1304068,2022,2022-04-12,"Dr DY Patil Sports Academy, Mumbai",2,19.5,Royal Challengers Bangalore,Chennai Super Kings,Mohammed Siraj,JR Hazlewood,DJ Bravo,4,0,,,,,,,,,
1304068,2022,2022-04-12,"Dr DY Patil Sports Academy, Mumbai",2,19.6,Royal Challengers Bangalore,Chennai Super Kings,Mohammed Siraj,JR Hazlewood,DJ Bravo,0,0,,,,,,,,,
1304068,2022,2022-04-12,"Dr DY Patil Sports Academy, Mumbai",2,19.7,Royal Challengers Bangalore,Chennai Super Kings,Mohammed Siraj,JR Hazlewood,DJ Bravo,4,0,,,,,,,,,
