match_id,season,start_date,venue,innings,ball,batting_team,bowling_team,striker,non_striker,bowler,runs_off_bat,extras,wides,noballs,byes,legbyes,penalty,wicket_type,player_dismissed,other_wicket_type,other_player_dismissed
1304054,2022,2022-04-01,"Wankhede Stadium, Mumbai",1,0.1,Punjab Kings,Kolkata Knight Riders,MA Agarwal,S Dhawan,UT Yadav,0,0,,,,,,,,,
1304054,2022,2022-04-01,"Wankhede Stadium, Mumbai",1,0.2,Punjab Kings,Kolkata Knight Riders,MA Agarwal,S Dhawan,UT Yadav,0,0,,,,,,,,,
1304054,2022,2022-04-01,"Wankhede Stadium, Mumbai",1,0.3,Punjab Kings,Kolkata Knight Riders,MA Agarwal,S Dhawan,UT Yadav,1,0,,,,,,,,,
1304054,2022,2022-04-01,"Wankhede Stadium, Mumbai",1,0.4,Punjab Kings,Kolkata Knight Riders,S Dhawan,MA Agarwal,UT Yadav,1,0,,,,,,,,,
1304054,2022,2022-04-01,"Wankhede Stadium, Mumbai",1,0.5,Punjab Kings,Kolkata Knight Riders,MA Agarwal,S Dhawan,UT Yadav,0,0,,,,,,,,,
1304054,2022,2022-04-01,"Wankhede Stadium, Mumbai",1,0.6,Punjab Kings,Kolkata Knight Riders,MA Agarwal,S Dhawan,UT Yadav,0,0,,,,,,lbw,MA Agarwal,,
1304054,2022,2022-04-01,"Wankhede Stadium, Mumbai",1,1.1,Punjab Kings,Kolkata Knight Riders,S Dhawan,PBB Rajapaksa,TG Southee,0,0,,,,,,,,,
1304054,2022,2022-04-01,"Wankhede Stadium, Mumbai",1,1.2,Punjab Kings,Kolkata Knight Riders,S Dhawan,PBB Rajapaksa,TG Southee,0,0,,,,,,,,,
1304054,2022,2022-04-01,"Wankhede Stadium, Mumbai",1,1.3,Punjab Kings,Kolkata Knight Riders,S Dhawan,PBB Rajapaksa,TG Southee,0,0,,,,,,,,,
1304054,2022,2022-04-01,"Wankhede Stadium, Mumbai",1,1.4,Punjab Kings,Kolkata Knight Riders,S Dhawan,PBB Rajapaksa,TG Southee,0,0,,,,,,,,,
1304054,2022,2022-04-01,"Wankhede Stadium, Mumbai",1,1.5,Punjab Kings,Kolkata Knight Riders,S Dhawan,PBB Rajapaksa,TG Southee,1,0,,,,,,,,,
1304054,2022,2022-04-01,"Wankhede Stadium, Mumbai",1,1.6,Punjab Kings,Kolkata Knight Riders,PBB Rajapaksa,S Dhawan,TG Southee,4,0,,,,,,,,,
1304054,2022,2022-04-01,"Wankhede Stadium, Mumbai",1,2.1,Punjab Kings,Kolkata Knight Riders,S Dhawan,PBB Rajapaksa,UT Yadav,1,0,,,,,,,,,
1304054,2022,2022-04-01,"Wankhede Stadium, Mumbai",1,2.2,Punjab Kings,Kolkata Knight Riders,PBB Rajapaksa,S Dhawan,UT Yadav,4,0,,,,,,,,,
1304054,2022,2022-04-01,"Wankhede Stadium, Mumbai",1,2.3,Punjab Kings,Kolkata Knight Riders,PBB Rajapaksa,S Dhawan,UT Yadav,1,0,,,,,,,,,
1304054,2022,2022-04-01,"Wankhede Stadium, Mumbai",1,2.4,Punjab Kings,Kolkata Knight Riders,S Dhawan,PBB Rajapaksa,UT Yadav,6,0,,,,,,,,,
1304054,2022,2022-04-01,"Wankhede Stadium, Mumbai",1,2.5,Punjab Kings,Kolkata Knight Riders,S Dhawan,PBB Rajapaksa,UT Yadav,1,0,,,,,,,,,
1304054,2022,2022-04-01,"Wankhede Stadium, Mumbai",1,2.6,Punjab Kings,Kolkata Knight Riders,PBB Rajapaksa,S Dhawan,UT Yadav,0,1,,,,1,,,,,
1304054,2022,2022-04-01,"Wankhede Stadium, Mumbai",1,3.1,Punjab Kings,Kolkata Knight Riders,PBB Rajapaksa,S Dhawan,Shivam Mavi,4,0,,,,,,,,,
1304054,2022,2022-04-01,"Wankhede Stadium, Mumbai",1,3.2,Punjab Kings,Kolkata Knight Riders,PBB Rajapaksa,S Dhawan,Shivam Mavi,6,0,,,,,,,,,
1304054,2022,2022-04-01,"Wankhede Stadium, Mumbai",1,3.3,Punjab Kings,Kolkata Knight Riders,PBB Rajapaksa,S Dhawan,Shivam Mavi,6,0,,,,,,,,,
1304054,2022,2022-04-01,"Wankhede Stadium, Mumbai",1,3.4,Punjab Kings,Kolkata Knight Riders,PBB Rajapaksa,S Dhawan,Shivam Mavi,6,0,,,,,,,,,
1304054,2022,2022-04-01,"Wankhede Stadium, Mumbai",1,3.5,Punjab Kings,Kolkata Knight Riders,PBB Rajapaksa,S Dhawan,Shivam Mavi,0,0,,,,,,caught,PBB Rajapaksa,,
1304054,2022,2022-04-01,"Wankhede Stadium, Mumbai",1,3.6,Punjab Kings,Kolkata Knight Riders,LS Livingstone,S Dhawan,Shivam Mavi,0,0,,,,,,,,,
1304054,2022,2022-04-01,"Wankhede Stadium, Mumbai",1,4.1,Punjab Kings,Kolkata Knight Riders,S Dhawan,LS Livingstone,CV Varun,0,1,1,,,,,,,,
1304054,2022,2022-04-01,"Wankhede Stadium, Mumbai",1,4.2,Punjab Kings,Kolkata Knight Riders,S Dhawan,LS Livingstone,CV Varun,1,0,,,,,,,,,
1304054,2022,2022-04-01,"Wankhede Stadium, Mumbai",1,4.3,Punjab Kings,Kolkata Knight Riders,LS Livingstone,S Dhawan,CV Varun,3,0,,,,,,,,,
1304054,2022,2022-04-01,"Wankhede Stadium, Mumbai",1,4.4,Punjab Kings,Kolkata Knight Riders,S Dhawan,LS Livingstone,CV Varun,0,0,,,,,,,,,
1304054,2022,2022-04-01,"Wankhede Stadium, Mumbai",1,4.5,Punjab Kings,Kolkata Knight Riders,S Dhawan,LS Livingstone,CV Varun,0,1,1,,,,,,,,
1304054,2022,2022-04-01,"Wankhede Stadium, Mumbai",1,4.6,Punjab Kings,Kolkata Knight Riders,S Dhawan,LS Livingstone,CV Varun,1,0,,,,,,,,,
1304054,2022,2022-04-01,"Wankhede Stadium, Mumbai",1,4.7,Punjab Kings,Kolkata Knight Riders,LS Livingstone,S Dhawan,CV Varun,1,0,,,,,,,,,
1304054,2022,2022-04-01,"Wankhede Stadium, Mumbai",1,4.8,Punjab Kings,Kolkata Knight Riders,S Dhawan,LS Livingstone,CV Varun,0,0,,,,,,,,,
1304054,2022,2022-04-01,"Wankhede Stadium, Mumbai",1,5.1,Punjab Kings,Kolkata Knight Riders,LS Livingstone,S Dhawan,TG Southee,0,0,,,,,,,,,
1304054,2022,2022-04-01,"Wankhede Stadium, Mumbai",1,5.2,Punjab Kings,Kolkata Knight Riders,LS Livingstone,S Dhawan,TG Southee,6,0,,,,,,,,,
1304054,2022,2022-04-01,"Wankhede Stadium, Mumbai",1,5.3,Punjab Kings,Kolkata Knight Riders,LS Livingstone,S Dhawan,TG Southee,0,1,,,,1,,,,,
1304054,2022,2022-04-01,"Wankhede Stadium, Mumbai",1,5.4,Punjab Kings,Kolkata Knight Riders,S Dhawan,LS Livingstone,TG Southee,4,0,,,,,,,,,
1304054,2022,2022-04-01,"Wankhede Stadium, Mumbai",1,5.5,Punjab Kings,Kolkata Knight Riders,S Dhawan,LS Livingstone,TG Southee,0,0,,,,,,caught,S Dhawan,,
1304054,2022,2022-04-01,"Wankhede Stadium, Mumbai",1,5.6,Punjab Kings,Kolkata Knight Riders,RA Bawa,LS Livingstone,TG Southee,0,0,,,,,,,,,
1304054,2022,2022-04-01,"Wankhede Stadium, Mumbai",1,6.1,Punjab Kings,Kolkata Knight Riders,LS Livingstone,RA Bawa,CV Varun,1,0,,,,,,,,,
1304054,2022,2022-04-01,"Wankhede Stadium, Mumbai",1,6.2,Punjab Kings,Kolkata Knight Riders,RA Bawa,LS Livingstone,CV Varun,0,0,,,,,,,,,
1304054,2022,2022-04-01,"Wankhede Stadium, Mumbai",1,6.3,Punjab Kings,Kolkata Knight Riders,RA Bawa,LS Livingstone,CV Varun,0,0,,,,,,,,,
1304054,2022,2022-04-01,"Wankhede Stadium, Mumbai",1,6.4,Punjab Kings,Kolkata Knight Riders,RA Bawa,LS Livingstone,CV Varun,0,0,,,,,,,,,
1304054,2022,2022-04-01,"Wankhede Stadium, Mumbai",1,6.5,Punjab Kings,Kolkata Knight Riders,RA Bawa,LS Livingstone,CV Varun,1,0,,,,,,,,,
1304054,2022,2022-04-01,"Wankhede Stadium, Mumbai",1,6.6,Punjab Kings,Kolkata Knight Riders,LS Livingstone,RA Bawa,CV Varun,1,0,,,,,,,,,
1304054,2022,2022-04-01,"Wankhede Stadium, Mumbai",1,7.1,Punjab Kings,Kolkata Knight Riders,LS Livingstone,RA Bawa,SP Narine,1,0,,,,,,,,,
1304054,2022,2022-04-01,"Wankhede Stadium, Mumbai",1,7.2,Punjab Kings,Kolkata Knight Riders,RA Bawa,LS Livingstone,SP Narine,0,0,,,,,,,,,
1304054,2022,2022-04-01,"Wankhede Stadium, Mumbai",1,7.3,Punjab Kings,Kolkata Knight Riders,RA Bawa,LS Livingstone,SP Narine,1,0,,,,,,,,,
1304054,2022,2022-04-01,"Wankhede Stadium, Mumbai",1,7.4,Punjab Kings,Kolkata Knight Riders,LS Livingstone,RA Bawa,SP Narine,0,1,1,,,,,,,,
1304054,2022,2022-04-01,"Wankhede Stadium, Mumbai",1,7.5,Punjab Kings,Kolkata Knight Riders,LS Livingstone,RA Bawa,SP Narine,0,0,,,,,,,,,
1304054,2022,2022-04-01,"Wankhede Stadium, Mumbai",1,7.6,Punjab Kings,Kolkata Knight Riders,LS Livingstone,RA Bawa,SP Narine,1,0,,,,,,,,,
1304054,2022,2022-04-01,"Wankhede Stadium, Mumbai",1,7.7,Punjab Kings,Kolkata Knight Riders,RA Bawa,LS Livingstone,SP Narine,1,0,,,,,,,,,
1304054,2022,2022-04-01,"Wankhede Stadium, Mumbai",1,8.1,Punjab Kings,Kolkata Knight Riders,RA Bawa,LS Livingstone,UT Yadav,1,0,,,,,,,,,
1304054,2022,2022-04-01,"Wankhede Stadium, Mumbai",1,8.2,Punjab Kings,Kolkata Knight Riders,LS Livingstone,RA Bawa,UT Yadav,4,0,,,,,,,,,
1304054,2022,2022-04-01,"Wankhede Stadium, Mumbai",1,8.3,Punjab Kings,Kolkata Knight Riders,LS Livingstone,RA Bawa,UT Yadav,0,1,,1,,,,,,,
1304054,2022,2022-04-01,"Wankhede Stadium, Mumbai",1,8.4,Punjab Kings,Kolkata Knight Riders,LS Livingstone,RA Bawa,UT Yadav,1,0,,,,,,,,,
1304054,2022,2022-04-01,"Wankhede Stadium, Mumbai",1,8.5,Punjab Kings,Kolkata Knight Riders,RA Bawa,LS Livingstone,UT Yadav,1,0,,,,,,,,,
1304054,2022,2022-04-01,"Wankhede Stadium, Mumbai",1,8.6,Punjab Kings,Kolkata Knight Riders,LS Livingstone,RA Bawa,UT Yadav,0,0,,,,,,,,,
1304054,2022,2022-04-01,"Wankhede Stadium, Mumbai",1,8.7,Punjab Kings,Kolkata Knight Riders,LS Livingstone,RA Bawa,UT Yadav,0,0,,,,,,caught,LS Livingstone,,
1304054,2022,2022-04-01,"Wankhede Stadium, Mumbai",1,9.1,Punjab Kings,Kolkata Knight Riders,RA Bawa,M Shahrukh Khan,SP Narine,2,0,,,,,,,,,
1304054,2022,2022-04-01,"Wankhede Stadium, Mumbai",1,9.2,Punjab Kings,Kolkata Knight Riders,RA Bawa,M Shahrukh Khan,SP Narine,4,0,,,,,,,,,
1304054,2022,2022-04-01,"Wankhede Stadium, Mumbai",1,9.3,Punjab Kings,Kolkata Knight Riders,RA Bawa,M Shahrukh Khan,SP Narine,0,0,,,,,,bowled,RA Bawa,,
1304054,2022,2022-04-01,"Wankhede Stadium, Mumbai",1,9.4,Punjab Kings,Kolkata Knight Riders,Harpreet Brar,M Shahrukh Khan,SP Narine,1,0,,,,,,,,,
1304054,2022,2022-04-01,"Wankhede Stadium, Mumbai",1,9.5,Punjab Kings,Kolkata Knight Riders,M Shahrukh Khan,Harpreet Brar,SP Narine,0,0,,,,,,,,,
1304054,2022,2022-04-01,"Wankhede Stadium, Mumbai",1,9.6,Punjab Kings,Kolkata Knight Riders,M Shahrukh Khan,Harpreet Brar,SP Narine,0,0,,,,,,,,,
1304054,2022,2022-04-01,"Wankhede Stadium, Mumbai",1,10.1,Punjab Kings,Kolkata Knight Riders,Harpreet Brar,M Shahrukh Khan,CV Varun,0,0,,,,,,,,,
1304054,2022,2022-04-01,"Wankhede Stadium, Mumbai",1,10.2,Punjab Kings,Kolkata Knight Riders,Harpreet Brar,M Shahrukh Khan,CV Varun,0,0,,,,,,,,,
1304054,2022,2022-04-01,"Wankhede Stadium, Mumbai",1,10.3,Punjab Kings,Kolkata Knight Riders,Harpreet Brar,M Shahrukh Khan,CV Varun,0,0,,,,,,,,,
1304054,2022,2022-04-01,"Wankhede Stadium, Mumbai",1,10.4,Punjab Kings,Kolkata Knight Riders,Harpreet Brar,M Shahrukh Khan,CV Varun,1,0,,,,,,,,,
1304054,2022,2022-04-01,"Wankhede Stadium, Mumbai",1,10.5,Punjab Kings,Kolkata Knight Riders,M Shahrukh Khan,Harpreet Brar,CV Varun,0,0,,,,,,,,,
1304054,2022,2022-04-01,"Wankhede Stadium, Mumbai",1,10.6,Punjab Kings,Kolkata Knight Riders,M Shahrukh Khan,Harpreet Brar,CV Varun,0,0,,,,,,,,,
1304054,2022,2022-04-01,"Wankhede Stadium, Mumbai",1,11.1,Punjab Kings,Kolkata Knight Riders,Harpreet Brar,M Shahrukh Khan,SP Narine,0,0,,,,,,,,,
1304054,2022,2022-04-01,"Wankhede Stadium, Mumbai",1,11.2,Punjab Kings,Kolkata Knight Riders,Harpreet Brar,M Shahrukh Khan,SP Narine,0,0,,,,,,,,,
1304054,2022,2022-04-01,"Wankhede Stadium, Mumbai",1,11.3,Punjab Kings,Kolkata Knight Riders,Harpreet Brar,M Shahrukh Khan,SP Narine,0,0,,,,,,,,,
1304054,2022,2022-04-01,"Wankhede Stadium, Mumbai",1,11.4,Punjab Kings,Kolkata Knight Riders,Harpreet Brar,M Shahrukh Khan,SP Narine,0,0,,,,,,,,,
1304054,2022,2022-04-01,"Wankhede Stadium, Mumbai",1,11.5,Punjab Kings,Kolkata Knight Riders,Harpreet Brar,M Shahrukh Khan,SP Narine,0,0,,,,,,,,,
1304054,2022,2022-04-01,"Wankhede Stadium, Mumbai",1,11.6,Punjab Kings,Kolkata Knight Riders,Harpreet Brar,M Shahrukh Khan,SP Narine,6,0,,,,,,,,,
1304054,2022,2022-04-01,"Wankhede Stadium, Mumbai",1,12.1,Punjab Kings,Kolkata Knight Riders,M Shahrukh Khan,Harpreet Brar,TG Southee,0,0,,,,,,caught,M Shahrukh Khan,,
1304054,2022,2022-04-01,"Wankhede Stadium, Mumbai",1,12.2,Punjab Kings,Kolkata Knight Riders,OF Smith,Harpreet Brar,TG Southee,0,0,,,,,,,,,
1304054,2022,2022-04-01,"Wankhede Stadium, Mumbai",1,12.3,Punjab Kings,Kolkata Knight Riders,OF Smith,Harpreet Brar,TG Southee,1,0,,,,,,,,,
1304054,2022,2022-04-01,"Wankhede Stadium, Mumbai",1,12.4,Punjab Kings,Kolkata Knight Riders,Harpreet Brar,OF Smith,TG Southee,4,0,,,,,,,,,
1304054,2022,2022-04-01,"Wankhede Stadium, Mumbai",1,12.5,Punjab Kings,Kolkata Knight Riders,Harpreet Brar,OF Smith,TG Southee,0,0,,,,,,,,,
1304054,2022,2022-04-01,"Wankhede Stadium, Mumbai",1,12.6,Punjab Kings,Kolkata Knight Riders,Harpreet Brar,OF Smith,TG Southee,0,0,,,,,,,,,
1304054,2022,2022-04-01,"Wankhede Stadium, Mumbai",1,13.1,Punjab Kings,Kolkata Knight Riders,OF Smith,Harpreet Brar,SP Narine,0,2,2,,,,,,,,
1304054,2022,2022-04-01,"Wankhede Stadium, Mumbai",1,13.2,Punjab Kings,Kolkata Knight Riders,Harpreet Brar,OF Smith,SP Narine,1,0,,,,,,,,,
1304054,2022,2022-04-01,"Wankhede Stadium, Mumbai",1,13.3,Punjab Kings,Kolkata Knight Riders,OF Smith,Harpreet Brar,SP Narine,0,0,,,,,,,,,
1304054,2022,2022-04-01,"Wankhede Stadium, Mumbai",1,13.4,Punjab Kings,Kolkata Knight Riders,OF Smith,Harpreet Brar,SP Narine,0,0,,,,,,,,,
1304054,2022,2022-04-01,"Wankhede Stadium, Mumbai",1,13.5,Punjab Kings,Kolkata Knight Riders,OF Smith,Harpreet Brar,SP Narine,1,0,,,,,,,,,
1304054,2022,2022-04-01,"Wankhede Stadium, Mumbai",1,13.6,Punjab Kings,Kolkata Knight Riders,Harpreet Brar,OF Smith,SP Narine,1,0,,,,,,,,,
1304054,2022,2022-04-01,"Wankhede Stadium, Mumbai",1,13.7,Punjab Kings,Kolkata Knight Riders,OF Smith,Harpreet Brar,SP Narine,0,0,,,,,,,,,
1304054,2022,2022-04-01,"Wankhede Stadium, Mumbai",1,14.1,Punjab Kings,Kolkata Knight Riders,Harpreet Brar,OF Smith,UT Yadav,0,0,,,,,,,,,
1304054,2022,2022-04-01,"Wankhede Stadium, Mumbai",1,14.2,Punjab Kings,Kolkata Knight Riders,Harpreet Brar,OF Smith,UT Yadav,0,0,,,,,,bowled,Harpreet Brar,,
1304054,2022,2022-04-01,"Wankhede Stadium, Mumbai",1,14.3,Punjab Kings,Kolkata Knight Riders,RD Chahar,OF Smith,UT Yadav,0,0,,,,,,,,,
1304054,2022,2022-04-01,"Wankhede Stadium, Mumbai",1,14.4,Punjab Kings,Kolkata Knight Riders,RD Chahar,OF Smith,UT Yadav,0,0,,,,,,caught,RD Chahar,,
1304054,2022,2022-04-01,"Wankhede Stadium, Mumbai",1,14.5,Punjab Kings,Kolkata Knight Riders,K Rabada,OF Smith,UT Yadav,0,0,,,,,,,,,
1304054,2022,2022-04-01,"Wankhede Stadium, Mumbai",1,14.6,Punjab Kings,Kolkata Knight Riders,K Rabada,OF Smith,UT Yadav,0,0,,,,,,,,,
1304054,2022,2022-04-01,"Wankhede Stadium, Mumbai",1,15.1,Punjab Kings,Kolkata Knight Riders,OF Smith,K Rabada,CV Varun,1,0,,,,,,,,,
1304054,2022,2022-04-01,"Wankhede Stadium, Mumbai",1,15.2,Punjab Kings,Kolkata Knight Riders,K Rabada,OF Smith,CV Varun,0,0,,,,,,,,,
1304054,2022,2022-04-01,"Wankhede Stadium, Mumbai",1,15.3,Punjab Kings,Kolkata Knight Riders,K Rabada,OF Smith,CV Varun,0,0,,,,,,,,,
1304054,2022,2022-04-01,"Wankhede Stadium, Mumbai",1,15.4,Punjab Kings,Kolkata Knight Riders,K Rabada,OF Smith,CV Varun,0,0,,,,,,,,,
1304054,2022,2022-04-01,"Wankhede Stadium, Mumbai",1,15.5,Punjab Kings,Kolkata Knight Riders,K Rabada,OF Smith,CV Varun,0,0,,,,,,,,,
1304054,2022,2022-04-01,"Wankhede Stadium, Mumbai",1,15.6,Punjab Kings,Kolkata Knight Riders,K Rabada,OF Smith,CV Varun,1,0,,,,,,,,,
1304054,2022,2022-04-01,"Wankhede Stadium, Mumbai",1,16.1,Punjab Kings,Kolkata Knight Riders,K Rabada,OF Smith,TG Southee,4,0,,,,,,,,,
1304054,2022,2022-04-01,"Wankhede Stadium, Mumbai",1,16.2,Punjab Kings,Kolkata Knight Riders,K Rabada,OF Smith,TG Southee,4,0,,,,,,,,,
1304054,2022,2022-04-01,"Wankhede Stadium, Mumbai",1,16.3,Punjab Kings,Kolkata Knight Riders,K Rabada,OF Smith,TG Southee,6,0,,,,,,,,,
1304054,2022,2022-04-01,"Wankhede Stadium, Mumbai",1,16.4,Punjab Kings,Kolkata Knight Riders,K Rabada,OF Smith,TG Southee,0,1,,1,,,,,,,
1304054,2022,2022-04-01,"Wankhede Stadium, Mumbai",1,16.5,Punjab Kings,Kolkata Knight Riders,K Rabada,OF Smith,TG Southee,1,0,,,,,,,,,
1304054,2022,2022-04-01,"Wankhede Stadium, Mumbai",1,16.6,Punjab Kings,Kolkata Knight Riders,OF Smith,K Rabada,TG Southee,0,0,,,,,,,,,
1304054,2022,2022-04-01,"Wankhede Stadium, Mumbai",1,16.7,Punjab Kings,Kolkata Knight Riders,OF Smith,K Rabada,TG Southee,0,0,,,,,,,,,
1304054,2022,2022-04-01,"Wankhede Stadium, Mumbai",1,17.1,Punjab Kings,Kolkata Knight Riders,K Rabada,OF Smith,Shivam Mavi,4,0,,,,,,,,,
1304054,2022,2022-04-01,"Wankhede Stadium, Mumbai",1,17.2,Punjab Kings,Kolkata Knight Riders,K Rabada,OF Smith,Shivam Mavi,4,0,,,,,,,,,
1304054,2022,2022-04-01,"Wankhede Stadium, Mumbai",1,17.3,Punjab Kings,Kolkata Knight Riders,K Rabada,OF Smith,Shivam Mavi,1,0,,,,,,,,,
1304054,2022,2022-04-01,"Wankhede Stadium, Mumbai",1,17.4,Punjab Kings,Kolkata Knight Riders,OF Smith,K Rabada,Shivam Mavi,0,0,,,,,,,,,
1304054,2022,2022-04-01,"Wankhede Stadium, Mumbai",1,17.5,Punjab Kings,Kolkata Knight Riders,OF Smith,K Rabada,Shivam Mavi,0,1,1,,,,,,,,
1304054,2022,2022-04-01,"Wankhede Stadium, Mumbai",1,17.6,Punjab Kings,Kolkata Knight Riders,OF Smith,K Rabada,Shivam Mavi,0,0,,,,,,,,,
1304054,2022,2022-04-01,"Wankhede Stadium, Mumbai",1,17.7,Punjab Kings,Kolkata Knight Riders,OF Smith,K Rabada,Shivam Mavi,0,1,1,,,,,,,,
1304054,2022,2022-04-01,"Wankhede Stadium, Mumbai",1,17.8,Punjab Kings,Kolkata Knight Riders,OF Smith,K Rabada,Shivam Mavi,6,0,,,,,,,,,
1304054,2022,2022-04-01,"Wankhede Stadium, Mumbai",1,18.1,Punjab Kings,Kolkata Knight Riders,K Rabada,OF Smith,AD Russell,0,0,,,,,,caught,K Rabada,,
1304054,2022,2022-04-01,"Wankhede Stadium, Mumbai",1,18.2,Punjab Kings,Kolkata Knight Riders,Arshdeep Singh,OF Smith,AD Russell,0,0,,,,,,run out,Arshdeep Singh,,
1304054,2022,2022-04-01,"Wankhede Stadium, Mumbai",2,0.1,Kolkata Knight Riders,Punjab Kings,AM Rahane,VR Iyer,Arshdeep Singh,0,0,,,,,,,,,
1304054,2022,2022-04-01,"Wankhede Stadium, Mumbai",2,0.2,Kolkata Knight Riders,Punjab Kings,AM Rahane,VR Iyer,Arshdeep Singh,4,0,,,,,,,,,
1304054,2022,2022-04-01,"Wankhede Stadium, Mumbai",2,0.3,Kolkata Knight Riders,Punjab Kings,AM Rahane,VR Iyer,Arshdeep Singh,0,0,,,,,,,,,
1304054,2022,2022-04-01,"Wankhede Stadium, Mumbai",2,0.4,Kolkata Knight Riders,Punjab Kings,AM Rahane,VR Iyer,Arshdeep Singh,4,0,,,,,,,,,
1304054,2022,2022-04-01,"Wankhede Stadium, Mumbai",2,0.5,Kolkata Knight Riders,Punjab Kings,AM Rahane,VR Iyer,Arshdeep Singh,0,0,,,,,,,,,
1304054,2022,2022-04-01,"Wankhede Stadium, Mumbai",2,0.6,Kolkata Knight Riders,Punjab Kings,AM Rahane,VR Iyer,Arshdeep Singh,0,0,,,,,,,,,
1304054,2022,2022-04-01,"Wankhede Stadium, Mumbai",2,1.1,Kolkata Knight Riders,Punjab Kings,VR Iyer,AM Rahane,K Rabada,1,0,,,,,,,,,
1304054,2022,2022-04-01,"Wankhede Stadium, Mumbai",2,1.2,Kolkata Knight Riders,Punjab Kings,AM Rahane,VR Iyer,K Rabada,0,0,,,,,,,,,
1304054,2022,2022-04-01,"Wankhede Stadium, Mumbai",2,1.3,Kolkata Knight Riders,Punjab Kings,AM Rahane,VR Iyer,K Rabada,4,0,,,,,,,,,
1304054,2022,2022-04-01,"Wankhede Stadium, Mumbai",2,1.4,Kolkata Knight Riders,Punjab Kings,AM Rahane,VR Iyer,K Rabada,0,1,1,,,,,,,,
1304054,2022,2022-04-01,"Wankhede Stadium, Mumbai",2,1.5,Kolkata Knight Riders,Punjab Kings,AM Rahane,VR Iyer,K Rabada,0,0,,,,,,,,,
1304054,2022,2022-04-01,"Wankhede Stadium, Mumbai",2,1.6,Kolkata Knight Riders,Punjab Kings,AM Rahane,VR Iyer,K Rabada,0,0,,,,,,,,,
1304054,2022,2022-04-01,"Wankhede Stadium, Mumbai",2,1.7,Kolkata Knight Riders,Punjab Kings,AM Rahane,VR Iyer,K Rabada,0,0,,,,,,caught,AM Rahane,,
1304054,2022,2022-04-01,"Wankhede Stadium, Mumbai",2,2.1,Kolkata Knight Riders,Punjab Kings,VR Iyer,SS Iyer,Arshdeep Singh,0,1,,,,1,,,,,
1304054,2022,2022-04-01,"Wankhede Stadium, Mumbai",2,2.2,Kolkata Knight Riders,Punjab Kings,SS Iyer,VR Iyer,Arshdeep Singh,1,0,,,,,,,,,
1304054,2022,2022-04-01,"Wankhede Stadium, Mumbai",2,2.3,Kolkata Knight Riders,Punjab Kings,VR Iyer,SS Iyer,Arshdeep Singh,1,0,,,,,,,,,
1304054,2022,2022-04-01,"Wankhede Stadium, Mumbai",2,2.4,Kolkata Knight Riders,Punjab Kings,SS Iyer,VR Iyer,Arshdeep Singh,0,0,,,,,,,,,
1304054,2022,2022-04-01,"Wankhede Stadium, Mumbai",2,2.5,Kolkata Knight Riders,Punjab Kings,SS Iyer,VR Iyer,Arshdeep Singh,4,0,,,,,,,,,
1304054,2022,2022-04-01,"Wankhede Stadium, Mumbai",2,2.6,Kolkata Knight Riders,Punjab Kings,SS Iyer,VR Iyer,Arshdeep Singh,4,0,,,,,,,,,
1304054,2022,2022-04-01,"Wankhede Stadium, Mumbai",2,3.1,Kolkata Knight Riders,Punjab Kings,VR Iyer,SS Iyer,K Rabada,0,0,,,,,,,,,
1304054,2022,2022-04-01,"Wankhede Stadium, Mumbai",2,3.2,Kolkata Knight Riders,Punjab Kings,VR Iyer,SS Iyer,K Rabada,0,0,,,,,,,,,
1304054,2022,2022-04-01,"Wankhede Stadium, Mumbai",2,3.3,Kolkata Knight Riders,Punjab Kings,VR Iyer,SS Iyer,K Rabada,1,0,,,,,,,,,
1304054,2022,2022-04-01,"Wankhede Stadium, Mumbai",2,3.4,Kolkata Knight Riders,Punjab Kings,SS Iyer,VR Iyer,K Rabada,2,0,,,,,,,,,
1304054,2022,2022-04-01,"Wankhede Stadium, Mumbai",2,3.5,Kolkata Knight Riders,Punjab Kings,SS Iyer,VR Iyer,K Rabada,4,0,,,,,,,,,
1304054,2022,2022-04-01,"Wankhede Stadium, Mumbai",2,3.6,Kolkata Knight Riders,Punjab Kings,SS Iyer,VR Iyer,K Rabada,1,0,,,,,,,,,
1304054,2022,2022-04-01,"Wankhede Stadium, Mumbai",2,4.1,Kolkata Knight Riders,Punjab Kings,SS Iyer,VR Iyer,OF Smith,4,0,,,,,,,,,
1304054,2022,2022-04-01,"Wankhede Stadium, Mumbai",2,4.2,Kolkata Knight Riders,Punjab Kings,SS Iyer,VR Iyer,OF Smith,1,0,,,,,,,,,
1304054,2022,2022-04-01,"Wankhede Stadium, Mumbai",2,4.3,Kolkata Knight Riders,Punjab Kings,VR Iyer,SS Iyer,OF Smith,0,0,,,,,,caught,VR Iyer,,
1304054,2022,2022-04-01,"Wankhede Stadium, Mumbai",2,4.4,Kolkata Knight Riders,Punjab Kings,SW Billings,SS Iyer,OF Smith,4,0,,,,,,,,,
1304054,2022,2022-04-01,"Wankhede Stadium, Mumbai",2,4.5,Kolkata Knight Riders,Punjab Kings,SW Billings,SS Iyer,OF Smith,0,0,,,,,,,,,
1304054,2022,2022-04-01,"Wankhede Stadium, Mumbai",2,4.6,Kolkata Knight Riders,Punjab Kings,SW Billings,SS Iyer,OF Smith,0,0,,,,,,,,,
1304054,2022,2022-04-01,"Wankhede Stadium, Mumbai",2,5.1,Kolkata Knight Riders,Punjab Kings,SS Iyer,SW Billings,K Rabada,4,0,,,,,,,,,
1304054,2022,2022-04-01,"Wankhede Stadium, Mumbai",2,5.2,Kolkata Knight Riders,Punjab Kings,SS Iyer,SW Billings,K Rabada,1,0,,,,,,,,,
1304054,2022,2022-04-01,"Wankhede Stadium, Mumbai",2,5.3,Kolkata Knight Riders,Punjab Kings,SW Billings,SS Iyer,K Rabada,2,0,,,,,,,,,
1304054,2022,2022-04-01,"Wankhede Stadium, Mumbai",2,5.4,Kolkata Knight Riders,Punjab Kings,SW Billings,SS Iyer,K Rabada,0,0,,,,,,,,,
1304054,2022,2022-04-01,"Wankhede Stadium, Mumbai",2,5.5,Kolkata Knight Riders,Punjab Kings,SW Billings,SS Iyer,K Rabada,2,0,,,,,,,,,
1304054,2022,2022-04-01,"Wankhede Stadium, Mumbai",2,5.6,Kolkata Knight Riders,Punjab Kings,SW Billings,SS Iyer,K Rabada,0,0,,,,,,,,,
1304054,2022,2022-04-01,"Wankhede Stadium, Mumbai",2,6.1,Kolkata Knight Riders,Punjab Kings,SS Iyer,SW Billings,RD Chahar,0,0,,,,,,,,,
1304054,2022,2022-04-01,"Wankhede Stadium, Mumbai",2,6.2,Kolkata Knight Riders,Punjab Kings,SS Iyer,SW Billings,RD Chahar,0,0,,,,,,,,,
1304054,2022,2022-04-01,"Wankhede Stadium, Mumbai",2,6.3,Kolkata Knight Riders,Punjab Kings,SS Iyer,SW Billings,RD Chahar,0,0,,,,,,,,,
1304054,2022,2022-04-01,"Wankhede Stadium, Mumbai",2,6.4,Kolkata Knight Riders,Punjab Kings,SS Iyer,SW Billings,RD Chahar,0,0,,,,,,caught,SS Iyer,,
1304054,2022,2022-04-01,"Wankhede Stadium, Mumbai",2,6.5,Kolkata Knight Riders,Punjab Kings,N Rana,SW Billings,RD Chahar,0,0,,,,,,,,,
1304054,2022,2022-04-01,"Wankhede Stadium, Mumbai",2,6.6,Kolkata Knight Riders,Punjab Kings,N Rana,SW Billings,RD Chahar,0,0,,,,,,lbw,N Rana,,
1304054,2022,2022-04-01,"Wankhede Stadium, Mumbai",2,7.1,Kolkata Knight Riders,Punjab Kings,SW Billings,AD Russell,Harpreet Brar,1,0,,,,,,,,,
1304054,2022,2022-04-01,"Wankhede Stadium, Mumbai",2,7.2,Kolkata Knight Riders,Punjab Kings,AD Russell,SW Billings,Harpreet Brar,1,0,,,,,,,,,
1304054,2022,2022-04-01,"Wankhede Stadium, Mumbai",2,7.3,Kolkata Knight Riders,Punjab Kings,SW Billings,AD Russell,Harpreet Brar,0,0,,,,,,,,,
1304054,2022,2022-04-01,"Wankhede Stadium, Mumbai",2,7.4,Kolkata Knight Riders,Punjab Kings,SW Billings,AD Russell,Harpreet Brar,1,0,,,,,,,,,
1304054,2022,2022-04-01,"Wankhede Stadium, Mumbai",2,7.5,Kolkata Knight Riders,Punjab Kings,AD Russell,SW Billings,Harpreet Brar,0,0,,,,,,,,,
1304054,2022,2022-04-01,"Wankhede Stadium, Mumbai",2,7.6,Kolkata Knight Riders,Punjab Kings,AD Russell,SW Billings,Harpreet Brar,0,0,,,,,,,,,
1304054,2022,2022-04-01,"Wankhede Stadium, Mumbai",2,8.1,Kolkata Knight Riders,Punjab Kings,SW Billings,AD Russell,RD Chahar,0,0,,,,,,,,,
1304054,2022,2022-04-01,"Wankhede Stadium, Mumbai",2,8.2,Kolkata Knight Riders,Punjab Kings,SW Billings,AD Russell,RD Chahar,1,0,,,,,,,,,
1304054,2022,2022-04-01,"Wankhede Stadium, Mumbai",2,8.3,Kolkata Knight Riders,Punjab Kings,AD Russell,SW Billings,RD Chahar,0,0,,,,,,,,,
1304054,2022,2022-04-01,"Wankhede Stadium, Mumbai",2,8.4,Kolkata Knight Riders,Punjab Kings,AD Russell,SW Billings,RD Chahar,0,0,,,,,,,,,
1304054,2022,2022-04-01,"Wankhede Stadium, Mumbai",2,8.5,Kolkata Knight Riders,Punjab Kings,AD Russell,SW Billings,RD Chahar,1,0,,,,,,,,,
1304054,2022,2022-04-01,"Wankhede Stadium, Mumbai",2,8.6,Kolkata Knight Riders,Punjab Kings,SW Billings,AD Russell,RD Chahar,0,0,,,,,,,,,
1304054,2022,2022-04-01,"Wankhede Stadium, Mumbai",2,9.1,Kolkata Knight Riders,Punjab Kings,AD Russell,SW Billings,Harpreet Brar,0,1,1,,,,,,,,
1304054,2022,2022-04-01,"Wankhede Stadium, Mumbai",2,9.2,Kolkata Knight Riders,Punjab Kings,AD Russell,SW Billings,Harpreet Brar,0,0,,,,,,,,,
1304054,2022,2022-04-01,"Wankhede Stadium, Mumbai",2,9.3,Kolkata Knight Riders,Punjab Kings,AD Russell,SW Billings,Harpreet Brar,6,0,,,,,,,,,
1304054,2022,2022-04-01,"Wankhede Stadium, Mumbai",2,9.4,Kolkata Knight Riders,Punjab Kings,AD Russell,SW Billings,Harpreet Brar,2,0,,,,,,,,,
1304054,2022,2022-04-01,"Wankhede Stadium, Mumbai",2,9.5,Kolkata Knight Riders,Punjab Kings,AD Russell,SW Billings,Harpreet Brar,6,0,,,,,,,,,
1304054,2022,2022-04-01,"Wankhede Stadium, Mumbai",2,9.6,Kolkata Knight Riders,Punjab Kings,AD Russell,SW Billings,Harpreet Brar,1,0,,,,,,,,,
1304054,2022,2022-04-01,"Wankhede Stadium, Mumbai",2,9.7,Kolkata Knight Riders,Punjab Kings,SW Billings,AD Russell,Harpreet Brar,1,0,,,,,,,,,
1304054,2022,2022-04-01,"Wankhede Stadium, Mumbai",2,10.1,Kolkata Knight Riders,Punjab Kings,SW Billings,AD Russell,RD Chahar,1,0,,,,,,,,,
1304054,2022,2022-04-01,"Wankhede Stadium, Mumbai",2,10.2,Kolkata Knight Riders,Punjab Kings,AD Russell,SW Billings,RD Chahar,0,0,,,,,,,,,
1304054,2022,2022-04-01,"Wankhede Stadium, Mumbai",2,10.3,Kolkata Knight Riders,Punjab Kings,AD Russell,SW Billings,RD Chahar,2,0,,,,,,,,,
1304054,2022,2022-04-01,"Wankhede Stadium, Mumbai",2,10.4,Kolkata Knight Riders,Punjab Kings,AD Russell,SW Billings,RD Chahar,1,0,,,,,,,,,
1304054,2022,2022-04-01,"Wankhede Stadium, Mumbai",2,10.5,Kolkata Knight Riders,Punjab Kings,SW Billings,AD Russell,RD Chahar,1,0,,,,,,,,,
1304054,2022,2022-04-01,"Wankhede Stadium, Mumbai",2,10.6,Kolkata Knight Riders,Punjab Kings,AD Russell,SW Billings,RD Chahar,1,0,,,,,,,,,
1304054,2022,2022-04-01,"Wankhede Stadium, Mumbai",2,11.1,Kolkata Knight Riders,Punjab Kings,AD Russell,SW Billings,OF Smith,4,0,,,,,,,,,
1304054,2022,2022-04-01,"Wankhede Stadium, Mumbai",2,11.2,Kolkata Knight Riders,Punjab Kings,AD Russell,SW Billings,OF Smith,6,0,,,,,,,,,
1304054,2022,2022-04-01,"Wankhede Stadium, Mumbai",2,11.3,Kolkata Knight Riders,Punjab Kings,AD Russell,SW Billings,OF Smith,6,0,,,,,,,,,
1304054,2022,2022-04-01,"Wankhede Stadium, Mumbai",2,11.4,Kolkata Knight Riders,Punjab Kings,AD Russell,SW Billings,OF Smith,0,0,,,,,,,,,
1304054,2022,2022-04-01,"Wankhede Stadium, Mumbai",2,11.5,Kolkata Knight Riders,Punjab Kings,AD Russell,SW Billings,OF Smith,6,0,,,,,,,,,
1304054,2022,2022-04-01,"Wankhede Stadium, Mumbai",2,11.6,Kolkata Knight Riders,Punjab Kings,AD Russell,SW Billings,OF Smith,1,1,,1,,,,,,,
1304054,2022,2022-04-01,"Wankhede Stadium, Mumbai",2,11.7,Kolkata Knight Riders,Punjab Kings,SW Billings,AD Russell,OF Smith,6,0,,,,,,,,,
1304054,2022,2022-04-01,"Wankhede Stadium, Mumbai",2,12.1,Kolkata Knight Riders,Punjab Kings,AD Russell,SW Billings,RD Chahar,1,0,,,,,,,,,
1304054,2022,2022-04-01,"Wankhede Stadium, Mumbai",2,12.2,Kolkata Knight Riders,Punjab Kings,SW Billings,AD Russell,RD Chahar,1,0,,,,,,,,,
1304054,2022,2022-04-01,"Wankhede Stadium, Mumbai",2,12.3,Kolkata Knight Riders,Punjab Kings,AD Russell,SW Billings,RD Chahar,1,0,,,,,,,,,
1304054,2022,2022-04-01,"Wankhede Stadium, Mumbai",2,12.4,Kolkata Knight Riders,Punjab Kings,SW Billings,AD Russell,RD Chahar,1,0,,,,,,,,,
1304054,2022,2022-04-01,"Wankhede Stadium, Mumbai",2,12.5,Kolkata Knight Riders,Punjab Kings,AD Russell,SW Billings,RD Chahar,0,1,1,,,,,,,,
1304054,2022,2022-04-01,"Wankhede Stadium, Mumbai",2,12.6,Kolkata Knight Riders,Punjab Kings,AD Russell,SW Billings,RD Chahar,0,0,,,,,,,,,
1304054,2022,2022-04-01,"Wankhede Stadium, Mumbai",2,12.7,Kolkata Knight Riders,Punjab Kings,AD Russell,SW Billings,RD Chahar,0,0,,,,,,,,,
1304054,2022,2022-04-01,"Wankhede Stadium, Mumbai",2,13.1,Kolkata Knight Riders,Punjab Kings,SW Billings,AD Russell,Arshdeep Singh,0,0,,,,,,,,,
1304054,2022,2022-04-01,"Wankhede Stadium, Mumbai",2,13.2,Kolkata Knight Riders,Punjab Kings,SW Billings,AD Russell,Arshdeep Singh,0,0,,,,,,,,,
1304054,2022,2022-04-01,"Wankhede Stadium, Mumbai",2,13.3,Kolkata Knight Riders,Punjab Kings,SW Billings,AD Russell,Arshdeep Singh,1,0,,,,,,,,,
1304054,2022,2022-04-01,"Wankhede Stadium, Mumbai",2,13.4,Kolkata Knight Riders,Punjab Kings,AD Russell,SW Billings,Arshdeep Singh,4,1,,1,,,,,,,
1304054,2022,2022-04-01,"Wankhede Stadium, Mumbai",2,13.5,Kolkata Knight Riders,Punjab Kings,AD Russell,SW Billings,Arshdeep Singh,2,0,,,,,,,,,
1304054,2022,2022-04-01,"Wankhede Stadium, Mumbai",2,13.6,Kolkata Knight Riders,Punjab Kings,AD Russell,SW Billings,Arshdeep Singh,0,0,,,,,,,,,
1304054,2022,2022-04-01,"Wankhede Stadium, Mumbai",2,13.7,Kolkata Knight Riders,Punjab Kings,AD Russell,SW Billings,Arshdeep Singh,6,0,,,,,,,,,
1304054,2022,2022-04-01,"Wankhede Stadium, Mumbai",2,14.1,Kolkata Knight Riders,Punjab Kings,SW Billings,AD Russell,LS Livingstone,1,0,,,,,,,,,
1304054,2022,2022-04-01,"Wankhede Stadium, Mumbai",2,14.2,Kolkata Knight Riders,Punjab Kings,AD Russell,SW Billings,LS Livingstone,6,0,,,,,,,,,
1304054,2022,2022-04-01,"Wankhede Stadium, Mumbai",2,14.3,Kolkata Knight Riders,Punjab Kings,AD Russell,SW Billings,LS Livingstone,6,0,,,,,,,,,
