match_id,season,start_date,venue,innings,ball,batting_team,bowling_team,striker,non_striker,bowler,runs_off_bat,extras,wides,noballs,byes,legbyes,penalty,wicket_type,player_dismissed,other_wicket_type,other_player_dismissed
1312200,2022,2022-05-29,"Narendra Modi Stadium, Ahmedabad",1,0.1,Rajasthan Royals,Gujarat Titans,YBK Jaiswal,JC Buttler,Mohammed Shami,0,0,,,,,,,,,
1312200,2022,2022-05-29,"Narendra Modi Stadium, Ahmedabad",1,0.2,Rajasthan Royals,Gujarat Titans,YBK Jaiswal,JC Buttler,Mohammed Shami,0,1,,,,1,,,,,
1312200,2022,2022-05-29,"Narendra Modi Stadium, Ahmedabad",1,0.3,Rajasthan Royals,Gujarat Titans,JC Buttler,YBK Jaiswal,Mohammed Shami,1,0,,,,,,,,,
1312200,2022,2022-05-29,"Narendra Modi Stadium, Ahmedabad",1,0.4,Rajasthan Royals,Gujarat Titans,YBK Jaiswal,JC Buttler,Mohammed Shami,0,0,,,,,,,,,
1312200,2022,2022-05-29,"Narendra Modi Stadium, Ahmedabad",1,0.5,Rajasthan Royals,Gujarat Titans,YBK Jaiswal,JC Buttler,Mohammed Shami,0,0,,,,,,,,,
1312200,2022,2022-05-29,"Narendra Modi Stadium, Ahmedabad",1,0.6,Rajasthan Royals,Gujarat Titans,YBK Jaiswal,JC Buttler,Mohammed Shami,0,0,,,,,,,,,
1312200,2022,2022-05-29,"Narendra Modi Stadium, Ahmedabad",1,1.1,Rajasthan Royals,Gujarat Titans,JC Buttler,YBK Jaiswal,Yash Dayal,0,0,,,,,,,,,
1312200,2022,2022-05-29,"Narendra Modi Stadium, Ahmedabad",1,1.2,Rajasthan Royals,Gujarat Titans,JC Buttler,YBK Jaiswal,Yash Dayal,0,0,,,,,,,,,
1312200,2022,2022-05-29,"Narendra Modi Stadium, Ahmedabad",1,1.3,Rajasthan Royals,Gujarat Titans,JC Buttler,YBK Jaiswal,Yash Dayal,4,0,,,,,,,,,
1312200,2022,2022-05-29,"Narendra Modi Stadium, Ahmedabad",1,1.4,Rajasthan Royals,Gujarat Titans,JC Buttler,YBK Jaiswal,Yash Dayal,0,0,,,,,,,,,
1312200,2022,2022-05-29,"Narendra Modi Stadium, Ahmedabad",1,1.5,Rajasthan Royals,Gujarat Titans,JC Buttler,YBK Jaiswal,Yash Dayal,1,0,,,,,,,,,
1312200,2022,2022-05-29,"Narendra Modi Stadium, Ahmedabad",1,1.6,Rajasthan Royals,Gujarat Titans,YBK Jaiswal,JC Buttler,Yash Dayal,0,0,,,,,,,,,
1312200,2022,2022-05-29,"Narendra Modi Stadium, Ahmedabad",1,2.1,Rajasthan Royals,Gujarat Titans,JC Buttler,YBK Jaiswal,Mohammed Shami,1,0,,,,,,,,,
1312200,2022,2022-05-29,"Narendra Modi Stadium, Ahmedabad",1,2.2,Rajasthan Royals,Gujarat Titans,YBK Jaiswal,JC Buttler,Mohammed Shami,0,0,,,,,,,,,
1312200,2022,2022-05-29,"Narendra Modi Stadium, Ahmedabad",1,2.3,Rajasthan Royals,Gujarat Titans,YBK Jaiswal,JC Buttler,Mohammed Shami,4,0,,,,,,,,,
1312200,2022,2022-05-29,"Narendra Modi Stadium, Ahmedabad",1,2.4,Rajasthan Royals,Gujarat Titans,YBK Jaiswal,JC Buttler,Mohammed Shami,0,0,,,,,,,,,
1312200,2022,2022-05-29,"Narendra Modi Stadium, Ahmedabad",1,2.5,Rajasthan Royals,Gujarat Titans,YBK Jaiswal,JC Buttler,Mohammed Shami,6,0,,,,,,,,,
1312200,2022,2022-05-29,"Narendra Modi Stadium, Ahmedabad",1,2.6,Rajasthan Royals,Gujarat Titans,YBK Jaiswal,JC Buttler,Mohammed Shami,3,0,,,,,,,,,
1312200,2022,2022-05-29,"Narendra Modi Stadium, Ahmedabad",1,3.1,Rajasthan Royals,Gujarat Titans,YBK Jaiswal,JC Buttler,Yash Dayal,1,0,,,,,,,,,
1312200,2022,2022-05-29,"Narendra Modi Stadium, Ahmedabad",1,3.2,Rajasthan Royals,Gujarat Titans,JC Buttler,YBK Jaiswal,Yash Dayal,1,0,,,,,,,,,
1312200,2022,2022-05-29,"Narendra Modi Stadium, Ahmedabad",1,3.3,Rajasthan Royals,Gujarat Titans,YBK Jaiswal,JC Buttler,Yash Dayal,0,0,,,,,,,,,
1312200,2022,2022-05-29,"Narendra Modi Stadium, Ahmedabad",1,3.4,Rajasthan Royals,Gujarat Titans,YBK Jaiswal,JC Buttler,Yash Dayal,2,0,,,,,,,,,
1312200,2022,2022-05-29,"Narendra Modi Stadium, Ahmedabad",1,3.5,Rajasthan Royals,Gujarat Titans,YBK Jaiswal,JC Buttler,Yash Dayal,6,0,,,,,,,,,
1312200,2022,2022-05-29,"Narendra Modi Stadium, Ahmedabad",1,3.6,Rajasthan Royals,Gujarat Titans,YBK Jaiswal,JC Buttler,Yash Dayal,0,0,,,,,,caught,YBK Jaiswal,,
1312200,2022,2022-05-29,"Narendra Modi Stadium, Ahmedabad",1,4.1,Rajasthan Royals,Gujarat Titans,JC Buttler,SV Samson,LH Ferguson,0,0,,,,,,,,,
1312200,2022,2022-05-29,"Narendra Modi Stadium, Ahmedabad",1,4.2,Rajasthan Royals,Gujarat Titans,JC Buttler,SV Samson,LH Ferguson,1,0,,,,,,,,,
1312200,2022,2022-05-29,"Narendra Modi Stadium, Ahmedabad",1,4.3,Rajasthan Royals,Gujarat Titans,SV Samson,JC Buttler,LH Ferguson,4,0,,,,,,,,,
1312200,2022,2022-05-29,"Narendra Modi Stadium, Ahmedabad",1,4.4,Rajasthan Royals,Gujarat Titans,SV Samson,JC Buttler,LH Ferguson,1,0,,,,,,,,,
1312200,2022,2022-05-29,"Narendra Modi Stadium, Ahmedabad",1,4.5,Rajasthan Royals,Gujarat Titans,JC Buttler,SV Samson,LH Ferguson,0,0,,,,,,,,,
1312200,2022,2022-05-29,"Narendra Modi Stadium, Ahmedabad",1,4.6,Rajasthan Royals,Gujarat Titans,JC Buttler,SV Samson,LH Ferguson,0,0,,,,,,,,,
1312200,2022,2022-05-29,"Narendra Modi Stadium, Ahmedabad",1,5.1,Rajasthan Royals,Gujarat Titans,SV Samson,JC Buttler,Rashid Khan,4,0,,,,,,,,,
1312200,2022,2022-05-29,"Narendra Modi Stadium, Ahmedabad",1,5.2,Rajasthan Royals,Gujarat Titans,SV Samson,JC Buttler,Rashid Khan,1,0,,,,,,,,,
1312200,2022,2022-05-29,"Narendra Modi Stadium, Ahmedabad",1,5.3,Rajasthan Royals,Gujarat Titans,JC Buttler,SV Samson,Rashid Khan,1,0,,,,,,,,,
1312200,2022,2022-05-29,"Narendra Modi Stadium, Ahmedabad",1,5.4,Rajasthan Royals,Gujarat Titans,SV Samson,JC Buttler,Rashid Khan,0,0,,,,,,,,,
1312200,2022,2022-05-29,"Narendra Modi Stadium, Ahmedabad",1,5.5,Rajasthan Royals,Gujarat Titans,SV Samson,JC Buttler,Rashid Khan,1,0,,,,,,,,,
1312200,2022,2022-05-29,"Narendra Modi Stadium, Ahmedabad",1,5.6,Rajasthan Royals,Gujarat Titans,JC Buttler,SV Samson,Rashid Khan,0,0,,,,,,,,,
1312200,2022,2022-05-29,"Narendra Modi Stadium, Ahmedabad",1,6.1,Rajasthan Royals,Gujarat Titans,SV Samson,JC Buttler,LH Ferguson,0,0,,,,,,,,,
1312200,2022,2022-05-29,"Narendra Modi Stadium, Ahmedabad",1,6.2,Rajasthan Royals,Gujarat Titans,SV Samson,JC Buttler,LH Ferguson,1,0,,,,,,,,,
1312200,2022,2022-05-29,"Narendra Modi Stadium, Ahmedabad",1,6.3,Rajasthan Royals,Gujarat Titans,JC Buttler,SV Samson,LH Ferguson,0,0,,,,,,,,,
1312200,2022,2022-05-29,"Narendra Modi Stadium, Ahmedabad",1,6.4,Rajasthan Royals,Gujarat Titans,JC Buttler,SV Samson,LH Ferguson,4,0,,,,,,,,,
1312200,2022,2022-05-29,"Narendra Modi Stadium, Ahmedabad",1,6.5,Rajasthan Royals,Gujarat Titans,JC Buttler,SV Samson,LH Ferguson,4,0,,,,,,,,,
1312200,2022,2022-05-29,"Narendra Modi Stadium, Ahmedabad",1,6.6,Rajasthan Royals,Gujarat Titans,JC Buttler,SV Samson,LH Ferguson,1,0,,,,,,,,,
1312200,2022,2022-05-29,"Narendra Modi Stadium, Ahmedabad",1,7.1,Rajasthan Royals,Gujarat Titans,JC Buttler,SV Samson,Rashid Khan,1,0,,,,,,,,,
1312200,2022,2022-05-29,"Narendra Modi Stadium, Ahmedabad",1,7.2,Rajasthan Royals,Gujarat Titans,SV Samson,JC Buttler,Rashid Khan,1,0,,,,,,,,,
1312200,2022,2022-05-29,"Narendra Modi Stadium, Ahmedabad",1,7.3,Rajasthan Royals,Gujarat Titans,JC Buttler,SV Samson,Rashid Khan,0,0,,,,,,,,,
1312200,2022,2022-05-29,"Narendra Modi Stadium, Ahmedabad",1,7.4,Rajasthan Royals,Gujarat Titans,JC Buttler,SV Samson,Rashid Khan,1,0,,,,,,,,,
1312200,2022,2022-05-29,"Narendra Modi Stadium, Ahmedabad",1,7.5,Rajasthan Royals,Gujarat Titans,SV Samson,JC Buttler,Rashid Khan,1,0,,,,,,,,,
1312200,2022,2022-05-29,"Narendra Modi Stadium, Ahmedabad",1,7.6,Rajasthan Royals,Gujarat Titans,JC Buttler,SV Samson,Rashid Khan,1,0,,,,,,,,,
1312200,2022,2022-05-29,"Narendra Modi Stadium, Ahmedabad",1,8.1,Rajasthan Royals,Gujarat Titans,JC Buttler,SV Samson,HH Pandya,1,0,,,,,,,,,
1312200,2022,2022-05-29,"Narendra Modi Stadium, Ahmedabad",1,8.2,Rajasthan Royals,Gujarat Titans,SV Samson,JC Buttler,HH Pandya,0,0,,,,,,caught,SV Samson,,
1312200,2022,2022-05-29,"Narendra Modi Stadium, Ahmedabad",1,8.3,Rajasthan Royals,Gujarat Titans,D Padikkal,JC Buttler,HH Pandya,0,0,,,,,,,,,
1312200,2022,2022-05-29,"Narendra Modi Stadium, Ahmedabad",1,8.4,Rajasthan Royals,Gujarat Titans,D Padikkal,JC Buttler,HH Pandya,0,0,,,,,,,,,
1312200,2022,2022-05-29,"Narendra Modi Stadium, Ahmedabad",1,8.5,Rajasthan Royals,Gujarat Titans,D Padikkal,JC Buttler,HH Pandya,0,0,,,,,,,,,
1312200,2022,2022-05-29,"Narendra Modi Stadium, Ahmedabad",1,8.6,Rajasthan Royals,Gujarat Titans,D Padikkal,JC Buttler,HH Pandya,0,0,,,,,,,,,
1312200,2022,2022-05-29,"Narendra Modi Stadium, Ahmedabad",1,9.1,Rajasthan Royals,Gujarat Titans,JC Buttler,D Padikkal,Mohammed Shami,0,0,,,,,,,,,
1312200,2022,2022-05-29,"Narendra Modi Stadium, Ahmedabad",1,9.2,Rajasthan Royals,Gujarat Titans,JC Buttler,D Padikkal,Mohammed Shami,2,0,,,,,,,,,
1312200,2022,2022-05-29,"Narendra Modi Stadium, Ahmedabad",1,9.3,Rajasthan Royals,Gujarat Titans,JC Buttler,D Padikkal,Mohammed Shami,4,0,,,,,,,,,
1312200,2022,2022-05-29,"Narendra Modi Stadium, Ahmedabad",1,9.4,Rajasthan Royals,Gujarat Titans,JC Buttler,D Padikkal,Mohammed Shami,4,0,,,,,,,,,
1312200,2022,2022-05-29,"Narendra Modi Stadium, Ahmedabad",1,9.5,Rajasthan Royals,Gujarat Titans,JC Buttler,D Padikkal,Mohammed Shami,0,0,,,,,,,,,
1312200,2022,2022-05-29,"Narendra Modi Stadium, Ahmedabad",1,9.6,Rajasthan Royals,Gujarat Titans,JC Buttler,D Padikkal,Mohammed Shami,1,0,,,,,,,,,
1312200,2022,2022-05-29,"Narendra Modi Stadium, Ahmedabad",1,10.1,Rajasthan Royals,Gujarat Titans,JC Buttler,D Padikkal,HH Pandya,2,0,,,,,,,,,
1312200,2022,2022-05-29,"Narendra Modi Stadium, Ahmedabad",1,10.2,Rajasthan Royals,Gujarat Titans,JC Buttler,D Padikkal,HH Pandya,0,0,,,,,,,,,
1312200,2022,2022-05-29,"Narendra Modi Stadium, Ahmedabad",1,10.3,Rajasthan Royals,Gujarat Titans,JC Buttler,D Padikkal,HH Pandya,1,0,,,,,,,,,
1312200,2022,2022-05-29,"Narendra Modi Stadium, Ahmedabad",1,10.4,Rajasthan Royals,Gujarat Titans,D Padikkal,JC Buttler,HH Pandya,0,0,,,,,,,,,
1312200,2022,2022-05-29,"Narendra Modi Stadium, Ahmedabad",1,10.5,Rajasthan Royals,Gujarat Titans,D Padikkal,JC Buttler,HH Pandya,0,0,,,,,,,,,
1312200,2022,2022-05-29,"Narendra Modi Stadium, Ahmedabad",1,10.6,Rajasthan Royals,Gujarat Titans,D Padikkal,JC Buttler,HH Pandya,0,1,,,,1,,,,,
1312200,2022,2022-05-29,"Narendra Modi Stadium, Ahmedabad",1,11.1,Rajasthan Royals,Gujarat Titans,D Padikkal,JC Buttler,Rashid Khan,1,0,,,,,,,,,
1312200,2022,2022-05-29,"Narendra Modi Stadium, Ahmedabad",1,11.2,Rajasthan Royals,Gujarat Titans,JC Buttler,D Padikkal,Rashid Khan,1,0,,,,,,,,,
1312200,2022,2022-05-29,"Narendra Modi Stadium, Ahmedabad",1,11.3,Rajasthan Royals,Gujarat Titans,D Padikkal,JC Buttler,Rashid Khan,1,0,,,,,,,,,
1312200,2022,2022-05-29,"Narendra Modi Stadium, Ahmedabad",1,11.4,Rajasthan Royals,Gujarat Titans,JC Buttler,D Padikkal,Rashid Khan,1,0,,,,,,,,,
1312200,2022,2022-05-29,"Narendra Modi Stadium, Ahmedabad",1,11.5,Rajasthan Royals,Gujarat Titans,D Padikkal,JC Buttler,Rashid Khan,0,0,,,,,,caught,D Padikkal,,
1312200,2022,2022-05-29,"Narendra Modi Stadium, Ahmedabad",1,11.6,Rajasthan Royals,Gujarat Titans,SO Hetmyer,JC Buttler,Rashid Khan,0,0,,,,,,,,,
1312200,2022,2022-05-29,"Narendra Modi Stadium, Ahmedabad",1,12.1,Rajasthan Royals,Gujarat Titans,JC Buttler,SO Hetmyer,HH Pandya,0,0,,,,,,caught,JC Buttler,,
1312200,2022,2022-05-29,"Narendra Modi Stadium, Ahmedabad",1,12.2,Rajasthan Royals,Gujarat Titans,R Ashwin,SO Hetmyer,HH Pandya,0,0,,,,,,,,,
1312200,2022,2022-05-29,"Narendra Modi Stadium, Ahmedabad",1,12.3,Rajasthan Royals,Gujarat Titans,R Ashwin,SO Hetmyer,HH Pandya,1,0,,,,,,,,,
1312200,2022,2022-05-29,"Narendra Modi Stadium, Ahmedabad",1,12.4,Rajasthan Royals,Gujarat Titans,SO Hetmyer,R Ashwin,HH Pandya,0,0,,,,,,,,,
1312200,2022,2022-05-29,"Narendra Modi Stadium, Ahmedabad",1,12.5,Rajasthan Royals,Gujarat Titans,SO Hetmyer,R Ashwin,HH Pandya,1,0,,,,,,,,,
1312200,2022,2022-05-29,"Narendra Modi Stadium, Ahmedabad",1,12.6,Rajasthan Royals,Gujarat Titans,R Ashwin,SO Hetmyer,HH Pandya,1,0,,,,,,,,,
1312200,2022,2022-05-29,"Narendra Modi Stadium, Ahmedabad",1,13.1,Rajasthan Royals,Gujarat Titans,R Ashwin,SO Hetmyer,Rashid Khan,0,0,,,,,,,,,
1312200,2022,2022-05-29,"Narendra Modi Stadium, Ahmedabad",1,13.2,Rajasthan Royals,Gujarat Titans,R Ashwin,SO Hetmyer,Rashid Khan,1,0,,,,,,,,,
1312200,2022,2022-05-29,"Narendra Modi Stadium, Ahmedabad",1,13.3,Rajasthan Royals,Gujarat Titans,SO Hetmyer,R Ashwin,Rashid Khan,0,0,,,,,,,,,
1312200,2022,2022-05-29,"Narendra Modi Stadium, Ahmedabad",1,13.4,Rajasthan Royals,Gujarat Titans,SO Hetmyer,R Ashwin,Rashid Khan,0,0,,,,,,,,,
1312200,2022,2022-05-29,"Narendra Modi Stadium, Ahmedabad",1,13.5,Rajasthan Royals,Gujarat Titans,SO Hetmyer,R Ashwin,Rashid Khan,0,0,,,,,,,,,
1312200,2022,2022-05-29,"Narendra Modi Stadium, Ahmedabad",1,13.6,Rajasthan Royals,Gujarat Titans,SO Hetmyer,R Ashwin,Rashid Khan,1,0,,,,,,,,,
1312200,2022,2022-05-29,"Narendra Modi Stadium, Ahmedabad",1,14.1,Rajasthan Royals,Gujarat Titans,SO Hetmyer,R Ashwin,HH Pandya,1,0,,,,,,,,,
1312200,2022,2022-05-29,"Narendra Modi Stadium, Ahmedabad",1,14.2,Rajasthan Royals,Gujarat Titans,R Ashwin,SO Hetmyer,HH Pandya,1,0,,,,,,,,,
1312200,2022,2022-05-29,"Narendra Modi Stadium, Ahmedabad",1,14.3,Rajasthan Royals,Gujarat Titans,SO Hetmyer,R Ashwin,HH Pandya,4,0,,,,,,,,,
1312200,2022,2022-05-29,"Narendra Modi Stadium, Ahmedabad",1,14.4,Rajasthan Royals,Gujarat Titans,SO Hetmyer,R Ashwin,HH Pandya,0,0,,,,,,,,,
1312200,2022,2022-05-29,"Narendra Modi Stadium, Ahmedabad",1,14.5,Rajasthan Royals,Gujarat Titans,SO Hetmyer,R Ashwin,HH Pandya,4,0,,,,,,,,,
1312200,2022,2022-05-29,"Narendra Modi Stadium, Ahmedabad",1,14.6,Rajasthan Royals,Gujarat Titans,SO Hetmyer,R Ashwin,HH Pandya,0,0,,,,,,caught and bowled,SO Hetmyer,,
1312200,2022,2022-05-29,"Narendra Modi Stadium, Ahmedabad",1,15.1,Rajasthan Royals,Gujarat Titans,R Ashwin,R Parag,R Sai Kishore,1,0,,,,,,,,,
1312200,2022,2022-05-29,"Narendra Modi Stadium, Ahmedabad",1,15.2,Rajasthan Royals,Gujarat Titans,R Parag,R Ashwin,R Sai Kishore,1,0,,,,,,,,,
1312200,2022,2022-05-29,"Narendra Modi Stadium, Ahmedabad",1,15.3,Rajasthan Royals,Gujarat Titans,R Ashwin,R Parag,R Sai Kishore,1,0,,,,,,,,,
1312200,2022,2022-05-29,"Narendra Modi Stadium, Ahmedabad",1,15.4,Rajasthan Royals,Gujarat Titans,R Parag,R Ashwin,R Sai Kishore,1,0,,,,,,,,,
1312200,2022,2022-05-29,"Narendra Modi Stadium, Ahmedabad",1,15.5,Rajasthan Royals,Gujarat Titans,R Ashwin,R Parag,R Sai Kishore,0,0,,,,,,caught,R Ashwin,,
1312200,2022,2022-05-29,"Narendra Modi Stadium, Ahmedabad",1,15.6,Rajasthan Royals,Gujarat Titans,TA Boult,R Parag,R Sai Kishore,0,0,,,,,,,,,
1312200,2022,2022-05-29,"Narendra Modi Stadium, Ahmedabad",1,16.1,Rajasthan Royals,Gujarat Titans,R Parag,TA Boult,LH Ferguson,1,0,,,,,,,,,
1312200,2022,2022-05-29,"Narendra Modi Stadium, Ahmedabad",1,16.2,Rajasthan Royals,Gujarat Titans,TA Boult,R Parag,LH Ferguson,1,0,,,,,,,,,
1312200,2022,2022-05-29,"Narendra Modi Stadium, Ahmedabad",1,16.3,Rajasthan Royals,Gujarat Titans,R Parag,TA Boult,LH Ferguson,1,0,,,,,,,,,
1312200,2022,2022-05-29,"Narendra Modi Stadium, Ahmedabad",1,16.4,Rajasthan Royals,Gujarat Titans,TA Boult,R Parag,LH Ferguson,1,0,,,,,,,,,
1312200,2022,2022-05-29,"Narendra Modi Stadium, Ahmedabad",1,16.5,Rajasthan Royals,Gujarat Titans,R Parag,TA Boult,LH Ferguson,1,0,,,,,,,,,
1312200,2022,2022-05-29,"Narendra Modi Stadium, Ahmedabad",1,16.6,Rajasthan Royals,Gujarat Titans,TA Boult,R Parag,LH Ferguson,1,0,,,,,,,,,
1312200,2022,2022-05-29,"Narendra Modi Stadium, Ahmedabad",1,17.1,Rajasthan Royals,Gujarat Titans,TA Boult,R Parag,R Sai Kishore,2,0,,,,,,,,,
1312200,2022,2022-05-29,"Narendra Modi Stadium, Ahmedabad",1,17.2,Rajasthan Royals,Gujarat Titans,TA Boult,R Parag,R Sai Kishore,6,0,,,,,,,,,
1312200,2022,2022-05-29,"Narendra Modi Stadium, Ahmedabad",1,17.3,Rajasthan Royals,Gujarat Titans,TA Boult,R Parag,R Sai Kishore,0,0,,,,,,caught,TA Boult,,
1312200,2022,2022-05-29,"Narendra Modi Stadium, Ahmedabad",1,17.4,Rajasthan Royals,Gujarat Titans,OC McCoy,R Parag,R Sai Kishore,1,0,,,,,,,,,
1312200,2022,2022-05-29,"Narendra Modi Stadium, Ahmedabad",1,17.5,Rajasthan Royals,Gujarat Titans,R Parag,OC McCoy,R Sai Kishore,1,0,,,,,,,,,
1312200,2022,2022-05-29,"Narendra Modi Stadium, Ahmedabad",1,17.6,Rajasthan Royals,Gujarat Titans,OC McCoy,R Parag,R Sai Kishore,6,0,,,,,,,,,
1312200,2022,2022-05-29,"Narendra Modi Stadium, Ahmedabad",1,18.1,Rajasthan Royals,Gujarat Titans,R Parag,OC McCoy,Yash Dayal,1,0,,,,,,,,,
1312200,2022,2022-05-29,"Narendra Modi Stadium, Ahmedabad",1,18.2,Rajasthan Royals,Gujarat Titans,OC McCoy,R Parag,Yash Dayal,0,0,,,,,,,,,
1312200,2022,2022-05-29,"Narendra Modi Stadium, Ahmedabad",1,18.3,Rajasthan Royals,Gujarat Titans,OC McCoy,R Parag,Yash Dayal,1,0,,,,,,,,,
1312200,2022,2022-05-29,"Narendra Modi Stadium, Ahmedabad",1,18.4,Rajasthan Royals,Gujarat Titans,R Parag,OC McCoy,Yash Dayal,0,0,,,,,,,,,
1312200,2022,2022-05-29,"Narendra Modi Stadium, Ahmedabad",1,18.5,Rajasthan Royals,Gujarat Titans,R Parag,OC McCoy,Yash Dayal,1,0,,,,,,,,,
1312200,2022,2022-05-29,"Narendra Modi Stadium, Ahmedabad",1,18.6,Rajasthan Royals,Gujarat Titans,OC McCoy,R Parag,Yash Dayal,0,0,,,,,,,,,
1312200,2022,2022-05-29,"Narendra Modi Stadium, Ahmedabad",1,19.1,Rajasthan Royals,Gujarat Titans,R Parag,OC McCoy,Mohammed Shami,0,0,,,,,,,,,
1312200,2022,2022-05-29,"Narendra Modi Stadium, Ahmedabad",1,19.2,Rajasthan Royals,Gujarat Titans,R Parag,OC McCoy,Mohammed Shami,2,0,,,,,,,,,
1312200,2022,2022-05-29,"Narendra Modi Stadium, Ahmedabad",1,19.3,Rajasthan Royals,Gujarat Titans,R Parag,OC McCoy,Mohammed Shami,4,0,,,,,,,,,
1312200,2022,2022-05-29,"Narendra Modi Stadium, Ahmedabad",1,19.4,Rajasthan Royals,Gujarat Titans,R Parag,OC McCoy,Mohammed Shami,1,0,,,,,,run out,OC McCoy,,
1312200,2022,2022-05-29,"Narendra Modi Stadium, Ahmedabad",1,19.5,Rajasthan Royals,Gujarat Titans,R Parag,M Prasidh Krishna,Mohammed Shami,0,0,,,,,,,,,
1312200,2022,2022-05-29,"Narendra Modi Stadium, Ahmedabad",1,19.6,Rajasthan Royals,Gujarat Titans,R Parag,M Prasidh Krishna,Mohammed Shami,0,0,,,,,,bowled,R Parag,,
1312200,2022,2022-05-29,"Narendra Modi Stadium, Ahmedabad",2,0.1,Gujarat Titans,Rajasthan Royals,WP Saha,Shubman Gill,TA Boult,0,0,,,,,,,,,
1312200,2022,2022-05-29,"Narendra Modi Stadium, Ahmedabad",2,0.2,Gujarat Titans,Rajasthan Royals,WP Saha,Shubman Gill,TA Boult,0,0,,,,,,,,,
1312200,2022,2022-05-29,"Narendra Modi Stadium, Ahmedabad",2,0.3,Gujarat Titans,Rajasthan Royals,WP Saha,Shubman Gill,TA Boult,1,0,,,,,,,,,
1312200,2022,2022-05-29,"Narendra Modi Stadium, Ahmedabad",2,0.4,Gujarat Titans,Rajasthan Royals,Shubman Gill,WP Saha,TA Boult,0,0,,,,,,,,,
1312200,2022,2022-05-29,"Narendra Modi Stadium, Ahmedabad",2,0.5,Gujarat Titans,Rajasthan Royals,Shubman Gill,WP Saha,TA Boult,0,0,,,,,,,,,
1312200,2022,2022-05-29,"Narendra Modi Stadium, Ahmedabad",2,0.6,Gujarat Titans,Rajasthan Royals,Shubman Gill,WP Saha,TA Boult,4,0,,,,,,,,,
1312200,2022,2022-05-29,"Narendra Modi Stadium, Ahmedabad",2,1.1,Gujarat Titans,Rajasthan Royals,WP Saha,Shubman Gill,M Prasidh Krishna,0,0,,,,,,,,,
1312200,2022,2022-05-29,"Narendra Modi Stadium, Ahmedabad",2,1.2,Gujarat Titans,Rajasthan Royals,WP Saha,Shubman Gill,M Prasidh Krishna,4,0,,,,,,,,,
1312200,2022,2022-05-29,"Narendra Modi Stadium, Ahmedabad",2,1.3,Gujarat Titans,Rajasthan Royals,WP Saha,Shubman Gill,M Prasidh Krishna,0,0,,,,,,,,,
1312200,2022,2022-05-29,"Narendra Modi Stadium, Ahmedabad",2,1.4,Gujarat Titans,Rajasthan Royals,WP Saha,Shubman Gill,M Prasidh Krishna,0,0,,,,,,bowled,WP Saha,,
1312200,2022,2022-05-29,"Narendra Modi Stadium, Ahmedabad",2,1.5,Gujarat Titans,Rajasthan Royals,MS Wade,Shubman Gill,M Prasidh Krishna,2,0,,,,,,,,,
1312200,2022,2022-05-29,"Narendra Modi Stadium, Ahmedabad",2,1.6,Gujarat Titans,Rajasthan Royals,MS Wade,Shubman Gill,M Prasidh Krishna,0,0,,,,,,,,,
1312200,2022,2022-05-29,"Narendra Modi Stadium, Ahmedabad",2,2.1,Gujarat Titans,Rajasthan Royals,Shubman Gill,MS Wade,TA Boult,0,0,,,,,,,,,
1312200,2022,2022-05-29,"Narendra Modi Stadium, Ahmedabad",2,2.2,Gujarat Titans,Rajasthan Royals,Shubman Gill,MS Wade,TA Boult,0,0,,,,,,,,,
1312200,2022,2022-05-29,"Narendra Modi Stadium, Ahmedabad",2,2.3,Gujarat Titans,Rajasthan Royals,Shubman Gill,MS Wade,TA Boult,0,0,,,,,,,,,
1312200,2022,2022-05-29,"Narendra Modi Stadium, Ahmedabad",2,2.4,Gujarat Titans,Rajasthan Royals,Shubman Gill,MS Wade,TA Boult,0,0,,,,,,,,,
1312200,2022,2022-05-29,"Narendra Modi Stadium, Ahmedabad",2,2.5,Gujarat Titans,Rajasthan Royals,Shubman Gill,MS Wade,TA Boult,0,0,,,,,,,,,
1312200,2022,2022-05-29,"Narendra Modi Stadium, Ahmedabad",2,2.6,Gujarat Titans,Rajasthan Royals,Shubman Gill,MS Wade,TA Boult,0,0,,,,,,,,,
1312200,2022,2022-05-29,"Narendra Modi Stadium, Ahmedabad",2,3.1,Gujarat Titans,Rajasthan Royals,MS Wade,Shubman Gill,M Prasidh Krishna,0,5,5,,,,,,,,
1312200,2022,2022-05-29,"Narendra Modi Stadium, Ahmedabad",2,3.2,Gujarat Titans,Rajasthan Royals,MS Wade,Shubman Gill,M Prasidh Krishna,0,0,,,,,,,,,
1312200,2022,2022-05-29,"Narendra Modi Stadium, Ahmedabad",2,3.3,Gujarat Titans,Rajasthan Royals,MS Wade,Shubman Gill,M Prasidh Krishna,0,0,,,,,,,,,
1312200,2022,2022-05-29,"Narendra Modi Stadium, Ahmedabad",2,3.4,Gujarat Titans,Rajasthan Royals,MS Wade,Shubman Gill,M Prasidh Krishna,0,0,,,,,,,,,
1312200,2022,2022-05-29,"Narendra Modi Stadium, Ahmedabad",2,3.5,Gujarat Titans,Rajasthan Royals,MS Wade,Shubman Gill,M Prasidh Krishna,6,0,,,,,,,,,
1312200,2022,2022-05-29,"Narendra Modi Stadium, Ahmedabad",2,3.6,Gujarat Titans,Rajasthan Royals,MS Wade,Shubman Gill,M Prasidh Krishna,0,0,,,,,,,,,
1312200,2022,2022-05-29,"Narendra Modi Stadium, Ahmedabad",2,3.7,Gujarat Titans,Rajasthan Royals,MS Wade,Shubman Gill,M Prasidh Krishna,0,0,,,,,,,,,
1312200,2022,2022-05-29,"Narendra Modi Stadium, Ahmedabad",2,4.1,Gujarat Titans,Rajasthan Royals,Shubman Gill,MS Wade,TA Boult,1,0,,,,,,,,,
1312200,2022,2022-05-29,"Narendra Modi Stadium, Ahmedabad",2,4.2,Gujarat Titans,Rajasthan Royals,MS Wade,Shubman Gill,TA Boult,0,0,,,,,,,,,
1312200,2022,2022-05-29,"Narendra Modi Stadium, Ahmedabad",2,4.3,Gujarat Titans,Rajasthan Royals,MS Wade,Shubman Gill,TA Boult,0,0,,,,,,caught,MS Wade,,
1312200,2022,2022-05-29,"Narendra Modi Stadium, Ahmedabad",2,4.4,Gujarat Titans,Rajasthan Royals,HH Pandya,Shubman Gill,TA Boult,0,1,1,,,,,,,,
1312200,2022,2022-05-29,"Narendra Modi Stadium, Ahmedabad",2,4.5,Gujarat Titans,Rajasthan Royals,HH Pandya,Shubman Gill,TA Boult,0,0,,,,,,,,,
1312200,2022,2022-05-29,"Narendra Modi Stadium, Ahmedabad",2,4.6,Gujarat Titans,Rajasthan Royals,HH Pandya,Shubman Gill,TA Boult,0,0,,,,,,,,,
1312200,2022,2022-05-29,"Narendra Modi Stadium, Ahmedabad",2,4.7,Gujarat Titans,Rajasthan Royals,HH Pandya,Shubman Gill,TA Boult,0,1,1,,,,,,,,
1312200,2022,2022-05-29,"Narendra Modi Stadium, Ahmedabad",2,4.8,Gujarat Titans,Rajasthan Royals,HH Pandya,Shubman Gill,TA Boult,0,0,,,,,,,,,
1312200,2022,2022-05-29,"Narendra Modi Stadium, Ahmedabad",2,5.1,Gujarat Titans,Rajasthan Royals,Shubman Gill,HH Pandya,YS Chahal,0,0,,,,,,,,,
1312200,2022,2022-05-29,"Narendra Modi Stadium, Ahmedabad",2,5.2,Gujarat Titans,Rajasthan Royals,Shubman Gill,HH Pandya,YS Chahal,0,0,,,,,,,,,
1312200,2022,2022-05-29,"Narendra Modi Stadium, Ahmedabad",2,5.3,Gujarat Titans,Rajasthan Royals,Shubman Gill,HH Pandya,YS Chahal,1,0,,,,,,,,,
1312200,2022,2022-05-29,"Narendra Modi Stadium, Ahmedabad",2,5.4,Gujarat Titans,Rajasthan Royals,HH Pandya,Shubman Gill,YS Chahal,0,0,,,,,,,,,
1312200,2022,2022-05-29,"Narendra Modi Stadium, Ahmedabad",2,5.5,Gujarat Titans,Rajasthan Royals,HH Pandya,Shubman Gill,YS Chahal,1,0,,,,,,,,,
1312200,2022,2022-05-29,"Narendra Modi Stadium, Ahmedabad",2,5.6,Gujarat Titans,Rajasthan Royals,Shubman Gill,HH Pandya,YS Chahal,4,0,,,,,,,,,
1312200,2022,2022-05-29,"Narendra Modi Stadium, Ahmedabad",2,6.1,Gujarat Titans,Rajasthan Royals,HH Pandya,Shubman Gill,OC McCoy,0,0,,,,,,,,,
1312200,2022,2022-05-29,"Narendra Modi Stadium, Ahmedabad",2,6.2,Gujarat Titans,Rajasthan Royals,HH Pandya,Shubman Gill,OC McCoy,1,0,,,,,,,,,
1312200,2022,2022-05-29,"Narendra Modi Stadium, Ahmedabad",2,6.3,Gujarat Titans,Rajasthan Royals,Shubman Gill,HH Pandya,OC McCoy,0,0,,,,,,,,,
1312200,2022,2022-05-29,"Narendra Modi Stadium, Ahmedabad",2,6.4,Gujarat Titans,Rajasthan Royals,Shubman Gill,HH Pandya,OC McCoy,1,0,,,,,,,,,
1312200,2022,2022-05-29,"Narendra Modi Stadium, Ahmedabad",2,6.5,Gujarat Titans,Rajasthan Royals,HH Pandya,Shubman Gill,OC McCoy,1,0,,,,,,,,,
1312200,2022,2022-05-29,"Narendra Modi Stadium, Ahmedabad",2,6.6,Gujarat Titans,Rajasthan Royals,Shubman Gill,HH Pandya,OC McCoy,1,0,,,,,,,,,
1312200,2022,2022-05-29,"Narendra Modi Stadium, Ahmedabad",2,7.1,Gujarat Titans,Rajasthan Royals,Shubman Gill,HH Pandya,YS Chahal,0,0,,,,,,,,,
1312200,2022,2022-05-29,"Narendra Modi Stadium, Ahmedabad",2,7.2,Gujarat Titans,Rajasthan Royals,Shubman Gill,HH Pandya,YS Chahal,0,0,,,,,,,,,
1312200,2022,2022-05-29,"Narendra Modi Stadium, Ahmedabad",2,7.3,Gujarat Titans,Rajasthan Royals,Shubman Gill,HH Pandya,YS Chahal,1,0,,,,,,,,,
1312200,2022,2022-05-29,"Narendra Modi Stadium, Ahmedabad",2,7.4,Gujarat Titans,Rajasthan Royals,HH Pandya,Shubman Gill,YS Chahal,1,0,,,,,,,,,
1312200,2022,2022-05-29,"Narendra Modi Stadium, Ahmedabad",2,7.5,Gujarat Titans,Rajasthan Royals,Shubman Gill,HH Pandya,YS Chahal,1,0,,,,,,,,,
1312200,2022,2022-05-29,"Narendra Modi Stadium, Ahmedabad",2,7.6,Gujarat Titans,Rajasthan Royals,HH Pandya,Shubman Gill,YS Chahal,0,0,,,,,,,,,
1312200,2022,2022-05-29,"Narendra Modi Stadium, Ahmedabad",2,8.1,Gujarat Titans,Rajasthan Royals,Shubman Gill,HH Pandya,M Prasidh Krishna,1,0,,,,,,,,,
1312200,2022,2022-05-29,"Narendra Modi Stadium, Ahmedabad",2,8.2,Gujarat Titans,Rajasthan Royals,HH Pandya,Shubman Gill,M Prasidh Krishna,0,0,,,,,,,,,
1312200,2022,2022-05-29,"Narendra Modi Stadium, Ahmedabad",2,8.3,Gujarat Titans,Rajasthan Royals,HH Pandya,Shubman Gill,M Prasidh Krishna,4,0,,,,,,,,,
1312200,2022,2022-05-29,"Narendra Modi Stadium, Ahmedabad",2,8.4,Gujarat Titans,Rajasthan Royals,HH Pandya,Shubman Gill,M Prasidh Krishna,0,0,,,,,,,,,
1312200,2022,2022-05-29,"Narendra Modi Stadium, Ahmedabad",2,8.5,Gujarat Titans,Rajasthan Royals,HH Pandya,Shubman Gill,M Prasidh Krishna,1,0,,,,,,,,,
1312200,2022,2022-05-29,"Narendra Modi Stadium, Ahmedabad",2,8.6,Gujarat Titans,Rajasthan Royals,Shubman Gill,HH Pandya,M Prasidh Krishna,4,0,,,,,,,,,
1312200,2022,2022-05-29,"Narendra Modi Stadium, Ahmedabad",2,9.1,Gujarat Titans,Rajasthan Royals,HH Pandya,Shubman Gill,YS Chahal,1,0,,,,,,,,,
1312200,2022,2022-05-29,"Narendra Modi Stadium, Ahmedabad",2,9.2,Gujarat Titans,Rajasthan Royals,Shubman Gill,HH Pandya,YS Chahal,1,0,,,,,,,,,
1312200,2022,2022-05-29,"Narendra Modi Stadium, Ahmedabad",2,9.3,Gujarat Titans,Rajasthan Royals,HH Pandya,Shubman Gill,YS Chahal,0,0,,,,,,,,,
1312200,2022,2022-05-29,"Narendra Modi Stadium, Ahmedabad",2,9.4,Gujarat Titans,Rajasthan Royals,HH Pandya,Shubman Gill,YS Chahal,1,0,,,,,,,,,
1312200,2022,2022-05-29,"Narendra Modi Stadium, Ahmedabad",2,9.5,Gujarat Titans,Rajasthan Royals,Shubman Gill,HH Pandya,YS Chahal,2,0,,,,,,,,,
1312200,2022,2022-05-29,"Narendra Modi Stadium, Ahmedabad",2,9.6,Gujarat Titans,Rajasthan Royals,Shubman Gill,HH Pandya,YS Chahal,1,0,,,,,,,,,
1312200,2022,2022-05-29,"Narendra Modi Stadium, Ahmedabad",2,10.1,Gujarat Titans,Rajasthan Royals,Shubman Gill,HH Pandya,OC McCoy,2,0,,,,,,,,,
1312200,2022,2022-05-29,"Narendra Modi Stadium, Ahmedabad",2,10.2,Gujarat Titans,Rajasthan Royals,Shubman Gill,HH Pandya,OC McCoy,1,0,,,,,,,,,
1312200,2022,2022-05-29,"Narendra Modi Stadium, Ahmedabad",2,10.3,Gujarat Titans,Rajasthan Royals,HH Pandya,Shubman Gill,OC McCoy,4,0,,,,,,,,,
1312200,2022,2022-05-29,"Narendra Modi Stadium, Ahmedabad",2,10.4,Gujarat Titans,Rajasthan Royals,HH Pandya,Shubman Gill,OC McCoy,0,0,,,,,,,,,
1312200,2022,2022-05-29,"Narendra Modi Stadium, Ahmedabad",2,10.5,Gujarat Titans,Rajasthan Royals,HH Pandya,Shubman Gill,OC McCoy,0,0,,,,,,,,,
1312200,2022,2022-05-29,"Narendra Modi Stadium, Ahmedabad",2,10.6,Gujarat Titans,Rajasthan Royals,HH Pandya,Shubman Gill,OC McCoy,1,0,,,,,,,,,
1312200,2022,2022-05-29,"Narendra Modi Stadium, Ahmedabad",2,11.1,Gujarat Titans,Rajasthan Royals,HH Pandya,Shubman Gill,R Ashwin,1,0,,,,,,,,,
1312200,2022,2022-05-29,"Narendra Modi Stadium, Ahmedabad",2,11.2,Gujarat Titans,Rajasthan Royals,Shubman Gill,HH Pandya,R Ashwin,1,0,,,,,,,,,
1312200,2022,2022-05-29,"Narendra Modi Stadium, Ahmedabad",2,11.3,Gujarat Titans,Rajasthan Royals,HH Pandya,Shubman Gill,R Ashwin,4,0,,,,,,,,,
1312200,2022,2022-05-29,"Narendra Modi Stadium, Ahmedabad",2,11.4,Gujarat Titans,Rajasthan Royals,HH Pandya,Shubman Gill,R Ashwin,6,0,,,,,,,,,
1312200,2022,2022-05-29,"Narendra Modi Stadium, Ahmedabad",2,11.5,Gujarat Titans,Rajasthan Royals,HH Pandya,Shubman Gill,R Ashwin,1,0,,,,,,,,,
1312200,2022,2022-05-29,"Narendra Modi Stadium, Ahmedabad",2,11.6,Gujarat Titans,Rajasthan Royals,Shubman Gill,HH Pandya,R Ashwin,2,0,,,,,,,,,
1312200,2022,2022-05-29,"Narendra Modi Stadium, Ahmedabad",2,12.1,Gujarat Titans,Rajasthan Royals,HH Pandya,Shubman Gill,TA Boult,2,0,,,,,,,,,
1312200,2022,2022-05-29,"Narendra Modi Stadium, Ahmedabad",2,12.2,Gujarat Titans,Rajasthan Royals,HH Pandya,Shubman Gill,TA Boult,1,0,,,,,,,,,
1312200,2022,2022-05-29,"Narendra Modi Stadium, Ahmedabad",2,12.3,Gujarat Titans,Rajasthan Royals,Shubman Gill,HH Pandya,TA Boult,2,0,,,,,,,,,
1312200,2022,2022-05-29,"Narendra Modi Stadium, Ahmedabad",2,12.4,Gujarat Titans,Rajasthan Royals,Shubman Gill,HH Pandya,TA Boult,0,1,,,,1,,,,,
1312200,2022,2022-05-29,"Narendra Modi Stadium, Ahmedabad",2,12.5,Gujarat Titans,Rajasthan Royals,HH Pandya,Shubman Gill,TA Boult,1,0,,,,,,,,,
1312200,2022,2022-05-29,"Narendra Modi Stadium, Ahmedabad",2,12.6,Gujarat Titans,Rajasthan Royals,Shubman Gill,HH Pandya,TA Boult,0,0,,,,,,,,,
1312200,2022,2022-05-29,"Narendra Modi Stadium, Ahmedabad",2,13.1,Gujarat Titans,Rajasthan Royals,HH Pandya,Shubman Gill,YS Chahal,2,0,,,,,,,,,
1312200,2022,2022-05-29,"Narendra Modi Stadium, Ahmedabad",2,13.2,Gujarat Titans,Rajasthan Royals,HH Pandya,Shubman Gill,YS Chahal,0,0,,,,,,caught,HH Pandya,,
1312200,2022,2022-05-29,"Narendra Modi Stadium, Ahmedabad",2,13.3,Gujarat Titans,Rajasthan Royals,DA Miller,Shubman Gill,YS Chahal,0,0,,,,,,,,,
1312200,2022,2022-05-29,"Narendra Modi Stadium, Ahmedabad",2,13.4,Gujarat Titans,Rajasthan Royals,DA Miller,Shubman Gill,YS Chahal,2,0,,,,,,,,,
1312200,2022,2022-05-29,"Narendra Modi Stadium, Ahmedabad",2,13.5,Gujarat Titans,Rajasthan Royals,DA Miller,Shubman Gill,YS Chahal,0,0,,,,,,,,,
1312200,2022,2022-05-29,"Narendra Modi Stadium, Ahmedabad",2,13.6,Gujarat Titans,Rajasthan Royals,DA Miller,Shubman Gill,YS Chahal,1,0,,,,,,,,,
1312200,2022,2022-05-29,"Narendra Modi Stadium, Ahmedabad",2,14.1,Gujarat Titans,Rajasthan Royals,DA Miller,Shubman Gill,OC McCoy,1,0,,,,,,,,,
1312200,2022,2022-05-29,"Narendra Modi Stadium, Ahmedabad",2,14.2,Gujarat Titans,Rajasthan Royals,Shubman Gill,DA Miller,OC McCoy,1,0,,,,,,,,,
1312200,2022,2022-05-29,"Narendra Modi Stadium, Ahmedabad",2,14.3,Gujarat Titans,Rajasthan Royals,DA Miller,Shubman Gill,OC McCoy,0,0,,,,,,,,,
1312200,2022,2022-05-29,"Narendra Modi Stadium, Ahmedabad",2,14.4,Gujarat Titans,Rajasthan Royals,DA Miller,Shubman Gill,OC McCoy,4,0,,,,,,,,,
1312200,2022,2022-05-29,"Narendra Modi Stadium, Ahmedabad",2,14.5,Gujarat Titans,Rajasthan Royals,DA Miller,Shubman Gill,OC McCoy,1,0,,,,,,,,,
1312200,2022,2022-05-29,"Narendra Modi Stadium, Ahmedabad",2,14.6,Gujarat Titans,Rajasthan Royals,Shubman Gill,DA Miller,OC McCoy,1,0,,,,,,,,,
1312200,2022,2022-05-29,"Narendra Modi Stadium, Ahmedabad",2,15.1,Gujarat Titans,Rajasthan Royals,Shubman Gill,DA Miller,R Ashwin,2,0,,,,,,,,,
1312200,2022,2022-05-29,"Narendra Modi Stadium, Ahmedabad",2,15.2,Gujarat Titans,Rajasthan Royals,Shubman Gill,DA Miller,R Ashwin,1,0,,,,,,,,,
1312200,2022,2022-05-29,"Narendra Modi Stadium, Ahmedabad",2,15.3,Gujarat Titans,Rajasthan Royals,DA Miller,Shubman Gill,R Ashwin,6,0,,,,,,,,,
1312200,2022,2022-05-29,"Narendra Modi Stadium, Ahmedabad",2,15.4,Gujarat Titans,Rajasthan Royals,DA Miller,Shubman Gill,R Ashwin,1,0,,,,,,,,,
1312200,2022,2022-05-29,"Narendra Modi Stadium, Ahmedabad",2,15.5,Gujarat Titans,Rajasthan Royals,Shubman Gill,DA Miller,R Ashwin,1,0,,,,,,,,,
1312200,2022,2022-05-29,"Narendra Modi Stadium, Ahmedabad",2,15.6,Gujarat Titans,Rajasthan Royals,DA Miller,Shubman Gill,R Ashwin,1,0,,,,,,,,,
1312200,2022,2022-05-29,"Narendra Modi Stadium, Ahmedabad",2,16.1,Gujarat Titans,Rajasthan Royals,DA Miller,Shubman Gill,M Prasidh Krishna,0,0,,,,,,,,,
1312200,2022,2022-05-29,"Narendra Modi Stadium, Ahmedabad",2,16.2,Gujarat Titans,Rajasthan Royals,DA Miller,Shubman Gill,M Prasidh Krishna,2,0,,,,,,,,,
1312200,2022,2022-05-29,"Narendra Modi Stadium, Ahmedabad",2,16.3,Gujarat Titans,Rajasthan Royals,DA Miller,Shubman Gill,M Prasidh Krishna,0,0,,,,,,,,,
1312200,2022,2022-05-29,"Narendra Modi Stadium, Ahmedabad",2,16.4,Gujarat Titans,Rajasthan Royals,DA Miller,Shubman Gill,M Prasidh Krishna,4,0,,,,,,,,,
1312200,2022,2022-05-29,"Narendra Modi Stadium, Ahmedabad",2,16.5,Gujarat Titans,Rajasthan Royals,DA Miller,Shubman Gill,M Prasidh Krishna,0,1,1,,,,,,,,
1312200,2022,2022-05-29,"Narendra Modi Stadium, Ahmedabad",2,16.6,Gujarat Titans,Rajasthan Royals,DA Miller,Shubman Gill,M Prasidh Krishna,4,0,,,,,,,,,
1312200,2022,2022-05-29,"Narendra Modi Stadium, Ahmedabad",2,16.7,Gujarat Titans,Rajasthan Royals,DA Miller,Shubman Gill,M Prasidh Krishna,2,0,,,,,,,,,
1312200,2022,2022-05-29,"Narendra Modi Stadium, Ahmedabad",2,17.1,Gujarat Titans,Rajasthan Royals,Shubman Gill,DA Miller,R Ashwin,0,0,,,,,,,,,
1312200,2022,2022-05-29,"Narendra Modi Stadium, Ahmedabad",2,17.2,Gujarat Titans,Rajasthan Royals,Shubman Gill,DA Miller,R Ashwin,1,0,,,,,,,,,
1312200,2022,2022-05-29,"Narendra Modi Stadium, Ahmedabad",2,17.3,Gujarat Titans,Rajasthan Royals,DA Miller,Shubman Gill,R Ashwin,1,0,,,,,,,,,
1312200,2022,2022-05-29,"Narendra Modi Stadium, Ahmedabad",2,17.4,Gujarat Titans,Rajasthan Royals,Shubman Gill,DA Miller,R Ashwin,0,0,,,,,,,,,
1312200,2022,2022-05-29,"Narendra Modi Stadium, Ahmedabad",2,17.5,Gujarat Titans,Rajasthan Royals,Shubman Gill,DA Miller,R Ashwin,1,0,,,,,,,,,
1312200,2022,2022-05-29,"Narendra Modi Stadium, Ahmedabad",2,17.6,Gujarat Titans,Rajasthan Royals,DA Miller,Shubman Gill,R Ashwin,2,0,,,,,,,,,
1312200,2022,2022-05-29,"Narendra Modi Stadium, Ahmedabad",2,18.1,Gujarat Titans,Rajasthan Royals,Shubman Gill,DA Miller,OC McCoy,6,0,,,,,,,,,
