match_id,season,start_date,venue,innings,ball,batting_team,bowling_team,striker,non_striker,bowler,runs_off_bat,extras,wides,noballs,byes,legbyes,penalty,wicket_type,player_dismissed,other_wicket_type,other_player_dismissed
1359487,2023,2023-04-09,"Narendra Modi Stadium, Ahmedabad",1,0.1,Gujarat Titans,Kolkata Knight Riders,WP Saha,Shubman Gill,UT Yadav,0,0,,,,,,,,,
1359487,2023,2023-04-09,"Narendra Modi Stadium, Ahmedabad",1,0.2,Gujarat Titans,Kolkata Knight Riders,WP Saha,Shubman Gill,UT Yadav,1,0,,,,,,,,,
1359487,2023,2023-04-09,"Narendra Modi Stadium, Ahmedabad",1,0.3,Gujarat Titans,Kolkata Knight Riders,Shubman Gill,WP Saha,UT Yadav,1,0,,,,,,,,,
1359487,2023,2023-04-09,"Narendra Modi Stadium, Ahmedabad",1,0.4,Gujarat Titans,Kolkata Knight Riders,WP Saha,Shubman Gill,UT Yadav,0,0,,,,,,,,,
1359487,2023,2023-04-09,"Narendra Modi Stadium, Ahmedabad",1,0.5,Gujarat Titans,Kolkata Knight Riders,WP Saha,Shubman Gill,UT Yadav,0,1,,,,1,,,,,
1359487,2023,2023-04-09,"Narendra Modi Stadium, Ahmedabad",1,0.6,Gujarat Titans,Kolkata Knight Riders,Shubman Gill,WP Saha,UT Yadav,1,0,,,,,,,,,
1359487,2023,2023-04-09,"Narendra Modi Stadium, Ahmedabad",1,1.1,Gujarat Titans,Kolkata Knight Riders,Shubman Gill,WP Saha,SN Thakur,1,0,,,,,,,,,
1359487,2023,2023-04-09,"Narendra Modi Stadium, Ahmedabad",1,1.2,Gujarat Titans,Kolkata Knight Riders,WP Saha,Shubman Gill,SN Thakur,4,0,,,,,,,,,
1359487,2023,2023-04-09,"Narendra Modi Stadium, Ahmedabad",1,1.3,Gujarat Titans,Kolkata Knight Riders,WP Saha,Shubman Gill,SN Thakur,0,1,,,1,,,,,,
1359487,2023,2023-04-09,"Narendra Modi Stadium, Ahmedabad",1,1.4,Gujarat Titans,Kolkata Knight Riders,Shubman Gill,WP Saha,SN Thakur,1,0,,,,,,,,,
1359487,2023,2023-04-09,"Narendra Modi Stadium, Ahmedabad",1,1.5,Gujarat Titans,Kolkata Knight Riders,WP Saha,Shubman Gill,SN Thakur,0,1,1,,,,,,,,
1359487,2023,2023-04-09,"Narendra Modi Stadium, Ahmedabad",1,1.6,Gujarat Titans,Kolkata Knight Riders,WP Saha,Shubman Gill,SN Thakur,1,0,,,,,,,,,
1359487,2023,2023-04-09,"Narendra Modi Stadium, Ahmedabad",1,1.7,Gujarat Titans,Kolkata Knight Riders,Shubman Gill,WP Saha,SN Thakur,4,0,,,,,,,,,
1359487,2023,2023-04-09,"Narendra Modi Stadium, Ahmedabad",1,2.1,Gujarat Titans,Kolkata Knight Riders,WP Saha,Shubman Gill,UT Yadav,1,0,,,,,,,,,
1359487,2023,2023-04-09,"Narendra Modi Stadium, Ahmedabad",1,2.2,Gujarat Titans,Kolkata Knight Riders,Shubman Gill,WP Saha,UT Yadav,1,0,,,,,,,,,
1359487,2023,2023-04-09,"Narendra Modi Stadium, Ahmedabad",1,2.3,Gujarat Titans,Kolkata Knight Riders,WP Saha,Shubman Gill,UT Yadav,0,0,,,,,,,,,
1359487,2023,2023-04-09,"Narendra Modi Stadium, Ahmedabad",1,2.4,Gujarat Titans,Kolkata Knight Riders,WP Saha,Shubman Gill,UT Yadav,0,0,,,,,,,,,
1359487,2023,2023-04-09,"Narendra Modi Stadium, Ahmedabad",1,2.5,Gujarat Titans,Kolkata Knight Riders,WP Saha,Shubman Gill,UT Yadav,0,1,1,,,,,,,,
1359487,2023,2023-04-09,"Narendra Modi Stadium, Ahmedabad",1,2.6,Gujarat Titans,Kolkata Knight Riders,WP Saha,Shubman Gill,UT Yadav,4,0,,,,,,,,,
1359487,2023,2023-04-09,"Narendra Modi Stadium, Ahmedabad",1,2.7,Gujarat Titans,Kolkata Knight Riders,WP Saha,Shubman Gill,UT Yadav,0,0,,,,,,,,,
1359487,2023,2023-04-09,"Narendra Modi Stadium, Ahmedabad",1,3.1,Gujarat Titans,Kolkata Knight Riders,Shubman Gill,WP Saha,LH Ferguson,0,0,,,,,,,,,
1359487,2023,2023-04-09,"Narendra Modi Stadium, Ahmedabad",1,3.2,Gujarat Titans,Kolkata Knight Riders,Shubman Gill,WP Saha,LH Ferguson,1,0,,,,,,,,,
1359487,2023,2023-04-09,"Narendra Modi Stadium, Ahmedabad",1,3.3,Gujarat Titans,Kolkata Knight Riders,WP Saha,Shubman Gill,LH Ferguson,4,0,,,,,,,,,
1359487,2023,2023-04-09,"Narendra Modi Stadium, Ahmedabad",1,3.4,Gujarat Titans,Kolkata Knight Riders,WP Saha,Shubman Gill,LH Ferguson,0,0,,,,,,,,,
1359487,2023,2023-04-09,"Narendra Modi Stadium, Ahmedabad",1,3.5,Gujarat Titans,Kolkata Knight Riders,WP Saha,Shubman Gill,LH Ferguson,0,1,1,,,,,,,,
1359487,2023,2023-04-09,"Narendra Modi Stadium, Ahmedabad",1,3.6,Gujarat Titans,Kolkata Knight Riders,WP Saha,Shubman Gill,LH Ferguson,0,1,,,,1,,,,,
1359487,2023,2023-04-09,"Narendra Modi Stadium, Ahmedabad",1,3.7,Gujarat Titans,Kolkata Knight Riders,Shubman Gill,WP Saha,LH Ferguson,0,0,,,,,,,,,
1359487,2023,2023-04-09,"Narendra Modi Stadium, Ahmedabad",1,4.1,Gujarat Titans,Kolkata Knight Riders,WP Saha,Shubman Gill,SP Narine,2,0,,,,,,,,,
1359487,2023,2023-04-09,"Narendra Modi Stadium, Ahmedabad",1,4.2,Gujarat Titans,Kolkata Knight Riders,WP Saha,Shubman Gill,SP Narine,0,0,,,,,,caught,WP Saha,,
1359487,2023,2023-04-09,"Narendra Modi Stadium, Ahmedabad",1,4.3,Gujarat Titans,Kolkata Knight Riders,B Sai Sudharsan,Shubman Gill,SP Narine,0,1,1,,,,,,,,
1359487,2023,2023-04-09,"Narendra Modi Stadium, Ahmedabad",1,4.4,Gujarat Titans,Kolkata Knight Riders,B Sai Sudharsan,Shubman Gill,SP Narine,0,0,,,,,,,,,
1359487,2023,2023-04-09,"Narendra Modi Stadium, Ahmedabad",1,4.5,Gujarat Titans,Kolkata Knight Riders,B Sai Sudharsan,Shubman Gill,SP Narine,0,0,,,,,,,,,
1359487,2023,2023-04-09,"Narendra Modi Stadium, Ahmedabad",1,4.6,Gujarat Titans,Kolkata Knight Riders,B Sai Sudharsan,Shubman Gill,SP Narine,4,0,,,,,,,,,
1359487,2023,2023-04-09,"Narendra Modi Stadium, Ahmedabad",1,4.7,Gujarat Titans,Kolkata Knight Riders,B Sai Sudharsan,Shubman Gill,SP Narine,0,0,,,,,,,,,
1359487,2023,2023-04-09,"Narendra Modi Stadium, Ahmedabad",1,5.1,Gujarat Titans,Kolkata Knight Riders,Shubman Gill,B Sai Sudharsan,CV Varun,1,0,,,,,,,,,
1359487,2023,2023-04-09,"Narendra Modi Stadium, Ahmedabad",1,5.2,Gujarat Titans,Kolkata Knight Riders,B Sai Sudharsan,Shubman Gill,CV Varun,1,0,,,,,,,,,
1359487,2023,2023-04-09,"Narendra Modi Stadium, Ahmedabad",1,5.3,Gujarat Titans,Kolkata Knight Riders,Shubman Gill,B Sai Sudharsan,CV Varun,0,0,,,,,,,,,
1359487,2023,2023-04-09,"Narendra Modi Stadium, Ahmedabad",1,5.4,Gujarat Titans,Kolkata Knight Riders,Shubman Gill,B Sai Sudharsan,CV Varun,0,5,5,,,,,,,,
1359487,2023,2023-04-09,"Narendra Modi Stadium, Ahmedabad",1,5.5,Gujarat Titans,Kolkata Knight Riders,Shubman Gill,B Sai Sudharsan,CV Varun,4,0,,,,,,,,,
1359487,2023,2023-04-09,"Narendra Modi Stadium, Ahmedabad",1,5.6,Gujarat Titans,Kolkata Knight Riders,Shubman Gill,B Sai Sudharsan,CV Varun,4,0,,,,,,,,,
1359487,2023,2023-04-09,"Narendra Modi Stadium, Ahmedabad",1,5.7,Gujarat Titans,Kolkata Knight Riders,Shubman Gill,B Sai Sudharsan,CV Varun,1,0,,,,,,,,,
1359487,2023,2023-04-09,"Narendra Modi Stadium, Ahmedabad",1,6.1,Gujarat Titans,Kolkata Knight Riders,Shubman Gill,B Sai Sudharsan,SP Narine,1,0,,,,,,,,,
1359487,2023,2023-04-09,"Narendra Modi Stadium, Ahmedabad",1,6.2,Gujarat Titans,Kolkata Knight Riders,B Sai Sudharsan,Shubman Gill,SP Narine,1,0,,,,,,,,,
1359487,2023,2023-04-09,"Narendra Modi Stadium, Ahmedabad",1,6.3,Gujarat Titans,Kolkata Knight Riders,Shubman Gill,B Sai Sudharsan,SP Narine,0,0,,,,,,,,,
1359487,2023,2023-04-09,"Narendra Modi Stadium, Ahmedabad",1,6.4,Gujarat Titans,Kolkata Knight Riders,Shubman Gill,B Sai Sudharsan,SP Narine,1,0,,,,,,,,,
1359487,2023,2023-04-09,"Narendra Modi Stadium, Ahmedabad",1,6.5,Gujarat Titans,Kolkata Knight Riders,B Sai Sudharsan,Shubman Gill,SP Narine,1,0,,,,,,,,,
1359487,2023,2023-04-09,"Narendra Modi Stadium, Ahmedabad",1,6.6,Gujarat Titans,Kolkata Knight Riders,Shubman Gill,B Sai Sudharsan,SP Narine,4,0,,,,,,,,,
1359487,2023,2023-04-09,"Narendra Modi Stadium, Ahmedabad",1,7.1,Gujarat Titans,Kolkata Knight Riders,B Sai Sudharsan,Shubman Gill,Suyash Sharma,1,0,,,,,,,,,
1359487,2023,2023-04-09,"Narendra Modi Stadium, Ahmedabad",1,7.2,Gujarat Titans,Kolkata Knight Riders,Shubman Gill,B Sai Sudharsan,Suyash Sharma,0,0,,,,,,,,,
1359487,2023,2023-04-09,"Narendra Modi Stadium, Ahmedabad",1,7.3,Gujarat Titans,Kolkata Knight Riders,Shubman Gill,B Sai Sudharsan,Suyash Sharma,1,0,,,,,,,,,
1359487,2023,2023-04-09,"Narendra Modi Stadium, Ahmedabad",1,7.4,Gujarat Titans,Kolkata Knight Riders,B Sai Sudharsan,Shubman Gill,Suyash Sharma,4,0,,,,,,,,,
1359487,2023,2023-04-09,"Narendra Modi Stadium, Ahmedabad",1,7.5,Gujarat Titans,Kolkata Knight Riders,B Sai Sudharsan,Shubman Gill,Suyash Sharma,0,0,,,,,,,,,
1359487,2023,2023-04-09,"Narendra Modi Stadium, Ahmedabad",1,7.6,Gujarat Titans,Kolkata Knight Riders,B Sai Sudharsan,Shubman Gill,Suyash Sharma,0,0,,,,,,,,,
1359487,2023,2023-04-09,"Narendra Modi Stadium, Ahmedabad",1,8.1,Gujarat Titans,Kolkata Knight Riders,Shubman Gill,B Sai Sudharsan,CV Varun,1,0,,,,,,,,,
1359487,2023,2023-04-09,"Narendra Modi Stadium, Ahmedabad",1,8.2,Gujarat Titans,Kolkata Knight Riders,B Sai Sudharsan,Shubman Gill,CV Varun,1,0,,,,,,,,,
1359487,2023,2023-04-09,"Narendra Modi Stadium, Ahmedabad",1,8.3,Gujarat Titans,Kolkata Knight Riders,Shubman Gill,B Sai Sudharsan,CV Varun,1,0,,,,,,,,,
1359487,2023,2023-04-09,"Narendra Modi Stadium, Ahmedabad",1,8.4,Gujarat Titans,Kolkata Knight Riders,B Sai Sudharsan,Shubman Gill,CV Varun,1,0,,,,,,,,,
1359487,2023,2023-04-09,"Narendra Modi Stadium, Ahmedabad",1,8.5,Gujarat Titans,Kolkata Knight Riders,Shubman Gill,B Sai Sudharsan,CV Varun,1,0,,,,,,,,,
1359487,2023,2023-04-09,"Narendra Modi Stadium, Ahmedabad",1,8.6,Gujarat Titans,Kolkata Knight Riders,B Sai Sudharsan,Shubman Gill,CV Varun,6,0,,,,,,,,,
1359487,2023,2023-04-09,"Narendra Modi Stadium, Ahmedabad",1,9.1,Gujarat Titans,Kolkata Knight Riders,Shubman Gill,B Sai Sudharsan,Suyash Sharma,0,0,,,,,,,,,
1359487,2023,2023-04-09,"Narendra Modi Stadium, Ahmedabad",1,9.2,Gujarat Titans,Kolkata Knight Riders,Shubman Gill,B Sai Sudharsan,Suyash Sharma,4,0,,,,,,,,,
1359487,2023,2023-04-09,"Narendra Modi Stadium, Ahmedabad",1,9.3,Gujarat Titans,Kolkata Knight Riders,Shubman Gill,B Sai Sudharsan,Suyash Sharma,0,1,1,,,,,,,,
1359487,2023,2023-04-09,"Narendra Modi Stadium, Ahmedabad",1,9.4,Gujarat Titans,Kolkata Knight Riders,Shubman Gill,B Sai Sudharsan,Suyash Sharma,1,0,,,,,,,,,
1359487,2023,2023-04-09,"Narendra Modi Stadium, Ahmedabad",1,9.5,Gujarat Titans,Kolkata Knight Riders,B Sai Sudharsan,Shubman Gill,Suyash Sharma,1,0,,,,,,,,,
1359487,2023,2023-04-09,"Narendra Modi Stadium, Ahmedabad",1,9.6,Gujarat Titans,Kolkata Knight Riders,Shubman Gill,B Sai Sudharsan,Suyash Sharma,1,0,,,,,,,,,
1359487,2023,2023-04-09,"Narendra Modi Stadium, Ahmedabad",1,9.7,Gujarat Titans,Kolkata Knight Riders,B Sai Sudharsan,Shubman Gill,Suyash Sharma,1,0,,,,,,,,,
1359487,2023,2023-04-09,"Narendra Modi Stadium, Ahmedabad",1,10.1,Gujarat Titans,Kolkata Knight Riders,B Sai Sudharsan,Shubman Gill,LH Ferguson,0,0,,,,,,,,,
1359487,2023,2023-04-09,"Narendra Modi Stadium, Ahmedabad",1,10.2,Gujarat Titans,Kolkata Knight Riders,B Sai Sudharsan,Shubman Gill,LH Ferguson,0,0,,,,,,,,,
1359487,2023,2023-04-09,"Narendra Modi Stadium, Ahmedabad",1,10.3,Gujarat Titans,Kolkata Knight Riders,B Sai Sudharsan,Shubman Gill,LH Ferguson,1,0,,,,,,,,,
1359487,2023,2023-04-09,"Narendra Modi Stadium, Ahmedabad",1,10.4,Gujarat Titans,Kolkata Knight Riders,Shubman Gill,B Sai Sudharsan,LH Ferguson,0,0,,,,,,,,,
1359487,2023,2023-04-09,"Narendra Modi Stadium, Ahmedabad",1,10.5,Gujarat Titans,Kolkata Knight Riders,Shubman Gill,B Sai Sudharsan,LH Ferguson,1,0,,,,,,,,,
1359487,2023,2023-04-09,"Narendra Modi Stadium, Ahmedabad",1,10.6,Gujarat Titans,Kolkata Knight Riders,B Sai Sudharsan,Shubman Gill,LH Ferguson,1,0,,,,,,,,,
1359487,2023,2023-04-09,"Narendra Modi Stadium, Ahmedabad",1,11.1,Gujarat Titans,Kolkata Knight Riders,B Sai Sudharsan,Shubman Gill,SP Narine,6,0,,,,,,,,,
1359487,2023,2023-04-09,"Narendra Modi Stadium, Ahmedabad",1,11.2,Gujarat Titans,Kolkata Knight Riders,B Sai Sudharsan,Shubman Gill,SP Narine,1,0,,,,,,,,,
1359487,2023,2023-04-09,"Narendra Modi Stadium, Ahmedabad",1,11.3,Gujarat Titans,Kolkata Knight Riders,Shubman Gill,B Sai Sudharsan,SP Narine,2,0,,,,,,,,,
1359487,2023,2023-04-09,"Narendra Modi Stadium, Ahmedabad",1,11.4,Gujarat Titans,Kolkata Knight Riders,Shubman Gill,B Sai Sudharsan,SP Narine,0,0,,,,,,caught,Shubman Gill,,
1359487,2023,2023-04-09,"Narendra Modi Stadium, Ahmedabad",1,11.5,Gujarat Titans,Kolkata Knight Riders,A Manohar,B Sai Sudharsan,SP Narine,0,0,,,,,,,,,
1359487,2023,2023-04-09,"Narendra Modi Stadium, Ahmedabad",1,11.6,Gujarat Titans,Kolkata Knight Riders,A Manohar,B Sai Sudharsan,SP Narine,1,0,,,,,,,,,
1359487,2023,2023-04-09,"Narendra Modi Stadium, Ahmedabad",1,12.1,Gujarat Titans,Kolkata Knight Riders,A Manohar,B Sai Sudharsan,UT Yadav,4,0,,,,,,,,,
1359487,2023,2023-04-09,"Narendra Modi Stadium, Ahmedabad",1,12.2,Gujarat Titans,Kolkata Knight Riders,A Manohar,B Sai Sudharsan,UT Yadav,4,0,,,,,,,,,
1359487,2023,2023-04-09,"Narendra Modi Stadium, Ahmedabad",1,12.3,Gujarat Titans,Kolkata Knight Riders,A Manohar,B Sai Sudharsan,UT Yadav,4,0,,,,,,,,,
1359487,2023,2023-04-09,"Narendra Modi Stadium, Ahmedabad",1,12.4,Gujarat Titans,Kolkata Knight Riders,A Manohar,B Sai Sudharsan,UT Yadav,0,0,,,,,,,,,
1359487,2023,2023-04-09,"Narendra Modi Stadium, Ahmedabad",1,12.5,Gujarat Titans,Kolkata Knight Riders,A Manohar,B Sai Sudharsan,UT Yadav,1,0,,,,,,,,,
1359487,2023,2023-04-09,"Narendra Modi Stadium, Ahmedabad",1,12.6,Gujarat Titans,Kolkata Knight Riders,B Sai Sudharsan,A Manohar,UT Yadav,1,0,,,,,,,,,
1359487,2023,2023-04-09,"Narendra Modi Stadium, Ahmedabad",1,13.1,Gujarat Titans,Kolkata Knight Riders,B Sai Sudharsan,A Manohar,Suyash Sharma,0,0,,,,,,,,,
1359487,2023,2023-04-09,"Narendra Modi Stadium, Ahmedabad",1,13.2,Gujarat Titans,Kolkata Knight Riders,B Sai Sudharsan,A Manohar,Suyash Sharma,3,0,,,,,,,,,
1359487,2023,2023-04-09,"Narendra Modi Stadium, Ahmedabad",1,13.3,Gujarat Titans,Kolkata Knight Riders,A Manohar,B Sai Sudharsan,Suyash Sharma,0,0,,,,,,bowled,A Manohar,,
1359487,2023,2023-04-09,"Narendra Modi Stadium, Ahmedabad",1,13.4,Gujarat Titans,Kolkata Knight Riders,V Shankar,B Sai Sudharsan,Suyash Sharma,1,0,,,,,,,,,
1359487,2023,2023-04-09,"Narendra Modi Stadium, Ahmedabad",1,13.5,Gujarat Titans,Kolkata Knight Riders,B Sai Sudharsan,V Shankar,Suyash Sharma,2,0,,,,,,,,,
1359487,2023,2023-04-09,"Narendra Modi Stadium, Ahmedabad",1,13.6,Gujarat Titans,Kolkata Knight Riders,B Sai Sudharsan,V Shankar,Suyash Sharma,2,0,,,,,,,,,
1359487,2023,2023-04-09,"Narendra Modi Stadium, Ahmedabad",1,14.1,Gujarat Titans,Kolkata Knight Riders,V Shankar,B Sai Sudharsan,SN Thakur,1,0,,,,,,,,,
1359487,2023,2023-04-09,"Narendra Modi Stadium, Ahmedabad",1,14.2,Gujarat Titans,Kolkata Knight Riders,B Sai Sudharsan,V Shankar,SN Thakur,4,0,,,,,,,,,
1359487,2023,2023-04-09,"Narendra Modi Stadium, Ahmedabad",1,14.3,Gujarat Titans,Kolkata Knight Riders,B Sai Sudharsan,V Shankar,SN Thakur,0,0,,,,,,,,,
1359487,2023,2023-04-09,"Narendra Modi Stadium, Ahmedabad",1,14.4,Gujarat Titans,Kolkata Knight Riders,B Sai Sudharsan,V Shankar,SN Thakur,2,0,,,,,,,,,
1359487,2023,2023-04-09,"Narendra Modi Stadium, Ahmedabad",1,14.5,Gujarat Titans,Kolkata Knight Riders,B Sai Sudharsan,V Shankar,SN Thakur,1,0,,,,,,,,,
1359487,2023,2023-04-09,"Narendra Modi Stadium, Ahmedabad",1,14.6,Gujarat Titans,Kolkata Knight Riders,V Shankar,B Sai Sudharsan,SN Thakur,1,0,,,,,,,,,
1359487,2023,2023-04-09,"Narendra Modi Stadium, Ahmedabad",1,15.1,Gujarat Titans,Kolkata Knight Riders,V Shankar,B Sai Sudharsan,Suyash Sharma,2,0,,,,,,,,,
1359487,2023,2023-04-09,"Narendra Modi Stadium, Ahmedabad",1,15.2,Gujarat Titans,Kolkata Knight Riders,V Shankar,B Sai Sudharsan,Suyash Sharma,2,0,,,,,,,,,
1359487,2023,2023-04-09,"Narendra Modi Stadium, Ahmedabad",1,15.3,Gujarat Titans,Kolkata Knight Riders,V Shankar,B Sai Sudharsan,Suyash Sharma,4,0,,,,,,,,,
1359487,2023,2023-04-09,"Narendra Modi Stadium, Ahmedabad",1,15.4,Gujarat Titans,Kolkata Knight Riders,V Shankar,B Sai Sudharsan,Suyash Sharma,2,0,,,,,,,,,
1359487,2023,2023-04-09,"Narendra Modi Stadium, Ahmedabad",1,15.5,Gujarat Titans,Kolkata Knight Riders,V Shankar,B Sai Sudharsan,Suyash Sharma,1,0,,,,,,,,,
1359487,2023,2023-04-09,"Narendra Modi Stadium, Ahmedabad",1,15.6,Gujarat Titans,Kolkata Knight Riders,B Sai Sudharsan,V Shankar,Suyash Sharma,1,0,,,,,,,,,
1359487,2023,2023-04-09,"Narendra Modi Stadium, Ahmedabad",1,16.1,Gujarat Titans,Kolkata Knight Riders,B Sai Sudharsan,V Shankar,LH Ferguson,2,0,,,,,,,,,
1359487,2023,2023-04-09,"Narendra Modi Stadium, Ahmedabad",1,16.2,Gujarat Titans,Kolkata Knight Riders,B Sai Sudharsan,V Shankar,LH Ferguson,1,0,,,,,,,,,
1359487,2023,2023-04-09,"Narendra Modi Stadium, Ahmedabad",1,16.3,Gujarat Titans,Kolkata Knight Riders,V Shankar,B Sai Sudharsan,LH Ferguson,1,0,,,,,,,,,
1359487,2023,2023-04-09,"Narendra Modi Stadium, Ahmedabad",1,16.4,Gujarat Titans,Kolkata Knight Riders,B Sai Sudharsan,V Shankar,LH Ferguson,1,0,,,,,,,,,
1359487,2023,2023-04-09,"Narendra Modi Stadium, Ahmedabad",1,16.5,Gujarat Titans,Kolkata Knight Riders,V Shankar,B Sai Sudharsan,LH Ferguson,1,0,,,,,,,,,
1359487,2023,2023-04-09,"Narendra Modi Stadium, Ahmedabad",1,16.6,Gujarat Titans,Kolkata Knight Riders,B Sai Sudharsan,V Shankar,LH Ferguson,1,0,,,,,,,,,
1359487,2023,2023-04-09,"Narendra Modi Stadium, Ahmedabad",1,17.1,Gujarat Titans,Kolkata Knight Riders,B Sai Sudharsan,V Shankar,SP Narine,1,0,,,,,,,,,
1359487,2023,2023-04-09,"Narendra Modi Stadium, Ahmedabad",1,17.2,Gujarat Titans,Kolkata Knight Riders,V Shankar,B Sai Sudharsan,SP Narine,1,0,,,,,,,,,
1359487,2023,2023-04-09,"Narendra Modi Stadium, Ahmedabad",1,17.3,Gujarat Titans,Kolkata Knight Riders,B Sai Sudharsan,V Shankar,SP Narine,0,0,,,,,,caught,B Sai Sudharsan,,
1359487,2023,2023-04-09,"Narendra Modi Stadium, Ahmedabad",1,17.4,Gujarat Titans,Kolkata Knight Riders,DA Miller,V Shankar,SP Narine,1,0,,,,,,,,,
1359487,2023,2023-04-09,"Narendra Modi Stadium, Ahmedabad",1,17.5,Gujarat Titans,Kolkata Knight Riders,V Shankar,DA Miller,SP Narine,4,0,,,,,,,,,
1359487,2023,2023-04-09,"Narendra Modi Stadium, Ahmedabad",1,17.6,Gujarat Titans,Kolkata Knight Riders,V Shankar,DA Miller,SP Narine,1,0,,,,,,,,,
1359487,2023,2023-04-09,"Narendra Modi Stadium, Ahmedabad",1,18.1,Gujarat Titans,Kolkata Knight Riders,V Shankar,DA Miller,LH Ferguson,4,1,,1,,,,,,,
1359487,2023,2023-04-09,"Narendra Modi Stadium, Ahmedabad",1,18.2,Gujarat Titans,Kolkata Knight Riders,V Shankar,DA Miller,LH Ferguson,2,0,,,,,,,,,
1359487,2023,2023-04-09,"Narendra Modi Stadium, Ahmedabad",1,18.3,Gujarat Titans,Kolkata Knight Riders,V Shankar,DA Miller,LH Ferguson,6,0,,,,,,,,,
1359487,2023,2023-04-09,"Narendra Modi Stadium, Ahmedabad",1,18.4,Gujarat Titans,Kolkata Knight Riders,V Shankar,DA Miller,LH Ferguson,4,0,,,,,,,,,
1359487,2023,2023-04-09,"Narendra Modi Stadium, Ahmedabad",1,18.5,Gujarat Titans,Kolkata Knight Riders,V Shankar,DA Miller,LH Ferguson,1,0,,,,,,,,,
1359487,2023,2023-04-09,"Narendra Modi Stadium, Ahmedabad",1,18.6,Gujarat Titans,Kolkata Knight Riders,DA Miller,V Shankar,LH Ferguson,0,1,,,,1,,,,,
1359487,2023,2023-04-09,"Narendra Modi Stadium, Ahmedabad",1,18.7,Gujarat Titans,Kolkata Knight Riders,V Shankar,DA Miller,LH Ferguson,6,0,,,,,,,,,
1359487,2023,2023-04-09,"Narendra Modi Stadium, Ahmedabad",1,19.1,Gujarat Titans,Kolkata Knight Riders,DA Miller,V Shankar,SN Thakur,1,0,,,,,,,,,
1359487,2023,2023-04-09,"Narendra Modi Stadium, Ahmedabad",1,19.2,Gujarat Titans,Kolkata Knight Riders,V Shankar,DA Miller,SN Thakur,0,0,,,,,,,,,
1359487,2023,2023-04-09,"Narendra Modi Stadium, Ahmedabad",1,19.3,Gujarat Titans,Kolkata Knight Riders,V Shankar,DA Miller,SN Thakur,6,0,,,,,,,,,
1359487,2023,2023-04-09,"Narendra Modi Stadium, Ahmedabad",1,19.4,Gujarat Titans,Kolkata Knight Riders,V Shankar,DA Miller,SN Thakur,6,0,,,,,,,,,
1359487,2023,2023-04-09,"Narendra Modi Stadium, Ahmedabad",1,19.5,Gujarat Titans,Kolkata Knight Riders,V Shankar,DA Miller,SN Thakur,6,0,,,,,,,,,
1359487,2023,2023-04-09,"Narendra Modi Stadium, Ahmedabad",1,19.6,Gujarat Titans,Kolkata Knight Riders,V Shankar,DA Miller,SN Thakur,0,1,,,,1,,,,,
1359487,2023,2023-04-09,"Narendra Modi Stadium, Ahmedabad",2,0.1,Kolkata Knight Riders,Gujarat Titans,Rahmanullah Gurbaz,N Jagadeesan,Mohammed Shami,0,0,,,,,,,,,
1359487,2023,2023-04-09,"Narendra Modi Stadium, Ahmedabad",2,0.2,Kolkata Knight Riders,Gujarat Titans,Rahmanullah Gurbaz,N Jagadeesan,Mohammed Shami,0,0,,,,,,,,,
1359487,2023,2023-04-09,"Narendra Modi Stadium, Ahmedabad",2,0.3,Kolkata Knight Riders,Gujarat Titans,Rahmanullah Gurbaz,N Jagadeesan,Mohammed Shami,0,0,,,,,,,,,
1359487,2023,2023-04-09,"Narendra Modi Stadium, Ahmedabad",2,0.4,Kolkata Knight Riders,Gujarat Titans,Rahmanullah Gurbaz,N Jagadeesan,Mohammed Shami,0,0,,,,,,,,,
1359487,2023,2023-04-09,"Narendra Modi Stadium, Ahmedabad",2,0.5,Kolkata Knight Riders,Gujarat Titans,Rahmanullah Gurbaz,N Jagadeesan,Mohammed Shami,2,0,,,,,,,,,
1359487,2023,2023-04-09,"Narendra Modi Stadium, Ahmedabad",2,0.6,Kolkata Knight Riders,Gujarat Titans,Rahmanullah Gurbaz,N Jagadeesan,Mohammed Shami,0,0,,,,,,,,,
1359487,2023,2023-04-09,"Narendra Modi Stadium, Ahmedabad",2,1.1,Kolkata Knight Riders,Gujarat Titans,N Jagadeesan,Rahmanullah Gurbaz,J Little,0,0,,,,,,,,,
1359487,2023,2023-04-09,"Narendra Modi Stadium, Ahmedabad",2,1.2,Kolkata Knight Riders,Gujarat Titans,N Jagadeesan,Rahmanullah Gurbaz,J Little,4,0,,,,,,,,,
1359487,2023,2023-04-09,"Narendra Modi Stadium, Ahmedabad",2,1.3,Kolkata Knight Riders,Gujarat Titans,N Jagadeesan,Rahmanullah Gurbaz,J Little,1,0,,,,,,,,,
1359487,2023,2023-04-09,"Narendra Modi Stadium, Ahmedabad",2,1.4,Kolkata Knight Riders,Gujarat Titans,Rahmanullah Gurbaz,N Jagadeesan,J Little,6,0,,,,,,,,,
1359487,2023,2023-04-09,"Narendra Modi Stadium, Ahmedabad",2,1.5,Kolkata Knight Riders,Gujarat Titans,Rahmanullah Gurbaz,N Jagadeesan,J Little,0,0,,,,,,,,,
1359487,2023,2023-04-09,"Narendra Modi Stadium, Ahmedabad",2,1.6,Kolkata Knight Riders,Gujarat Titans,Rahmanullah Gurbaz,N Jagadeesan,J Little,1,0,,,,,,,,,
1359487,2023,2023-04-09,"Narendra Modi Stadium, Ahmedabad",2,2.1,Kolkata Knight Riders,Gujarat Titans,Rahmanullah Gurbaz,N Jagadeesan,Mohammed Shami,4,0,,,,,,,,,
1359487,2023,2023-04-09,"Narendra Modi Stadium, Ahmedabad",2,2.2,Kolkata Knight Riders,Gujarat Titans,Rahmanullah Gurbaz,N Jagadeesan,Mohammed Shami,2,0,,,,,,,,,
1359487,2023,2023-04-09,"Narendra Modi Stadium, Ahmedabad",2,2.3,Kolkata Knight Riders,Gujarat Titans,Rahmanullah Gurbaz,N Jagadeesan,Mohammed Shami,0,0,,,,,,caught,Rahmanullah Gurbaz,,
1359487,2023,2023-04-09,"Narendra Modi Stadium, Ahmedabad",2,2.4,Kolkata Knight Riders,Gujarat Titans,VR Iyer,N Jagadeesan,Mohammed Shami,0,0,,,,,,,,,
1359487,2023,2023-04-09,"Narendra Modi Stadium, Ahmedabad",2,2.5,Kolkata Knight Riders,Gujarat Titans,VR Iyer,N Jagadeesan,Mohammed Shami,6,0,,,,,,,,,
1359487,2023,2023-04-09,"Narendra Modi Stadium, Ahmedabad",2,2.6,Kolkata Knight Riders,Gujarat Titans,VR Iyer,N Jagadeesan,Mohammed Shami,0,0,,,,,,,,,
1359487,2023,2023-04-09,"Narendra Modi Stadium, Ahmedabad",2,3.1,Kolkata Knight Riders,Gujarat Titans,N Jagadeesan,VR Iyer,J Little,1,0,,,,,,,,,
1359487,2023,2023-04-09,"Narendra Modi Stadium, Ahmedabad",2,3.2,Kolkata Knight Riders,Gujarat Titans,VR Iyer,N Jagadeesan,J Little,1,0,,,,,,,,,
1359487,2023,2023-04-09,"Narendra Modi Stadium, Ahmedabad",2,3.3,Kolkata Knight Riders,Gujarat Titans,N Jagadeesan,VR Iyer,J Little,0,0,,,,,,,,,
1359487,2023,2023-04-09,"Narendra Modi Stadium, Ahmedabad",2,3.4,Kolkata Knight Riders,Gujarat Titans,N Jagadeesan,VR Iyer,J Little,0,0,,,,,,,,,
1359487,2023,2023-04-09,"Narendra Modi Stadium, Ahmedabad",2,3.5,Kolkata Knight Riders,Gujarat Titans,N Jagadeesan,VR Iyer,J Little,0,0,,,,,,,,,
1359487,2023,2023-04-09,"Narendra Modi Stadium, Ahmedabad",2,3.6,Kolkata Knight Riders,Gujarat Titans,N Jagadeesan,VR Iyer,J Little,0,0,,,,,,caught,N Jagadeesan,,
1359487,2023,2023-04-09,"Narendra Modi Stadium, Ahmedabad",2,4.1,Kolkata Knight Riders,Gujarat Titans,VR Iyer,N Rana,Mohammed Shami,0,0,,,,,,,,,
1359487,2023,2023-04-09,"Narendra Modi Stadium, Ahmedabad",2,4.2,Kolkata Knight Riders,Gujarat Titans,VR Iyer,N Rana,Mohammed Shami,1,0,,,,,,,,,
1359487,2023,2023-04-09,"Narendra Modi Stadium, Ahmedabad",2,4.3,Kolkata Knight Riders,Gujarat Titans,N Rana,VR Iyer,Mohammed Shami,1,0,,,,,,,,,
1359487,2023,2023-04-09,"Narendra Modi Stadium, Ahmedabad",2,4.4,Kolkata Knight Riders,Gujarat Titans,VR Iyer,N Rana,Mohammed Shami,4,0,,,,,,,,,
1359487,2023,2023-04-09,"Narendra Modi Stadium, Ahmedabad",2,4.5,Kolkata Knight Riders,Gujarat Titans,VR Iyer,N Rana,Mohammed Shami,1,0,,,,,,,,,
1359487,2023,2023-04-09,"Narendra Modi Stadium, Ahmedabad",2,4.6,Kolkata Knight Riders,Gujarat Titans,N Rana,VR Iyer,Mohammed Shami,2,0,,,,,,,,,
1359487,2023,2023-04-09,"Narendra Modi Stadium, Ahmedabad",2,5.1,Kolkata Knight Riders,Gujarat Titans,VR Iyer,N Rana,AS Joseph,0,0,,,,,,,,,
1359487,2023,2023-04-09,"Narendra Modi Stadium, Ahmedabad",2,5.2,Kolkata Knight Riders,Gujarat Titans,VR Iyer,N Rana,AS Joseph,4,0,,,,,,,,,
1359487,2023,2023-04-09,"Narendra Modi Stadium, Ahmedabad",2,5.3,Kolkata Knight Riders,Gujarat Titans,VR Iyer,N Rana,AS Joseph,0,0,,,,,,,,,
1359487,2023,2023-04-09,"Narendra Modi Stadium, Ahmedabad",2,5.4,Kolkata Knight Riders,Gujarat Titans,VR Iyer,N Rana,AS Joseph,1,0,,,,,,,,,
1359487,2023,2023-04-09,"Narendra Modi Stadium, Ahmedabad",2,5.5,Kolkata Knight Riders,Gujarat Titans,N Rana,VR Iyer,AS Joseph,0,1,,,,1,,,,,
1359487,2023,2023-04-09,"Narendra Modi Stadium, Ahmedabad",2,5.6,Kolkata Knight Riders,Gujarat Titans,VR Iyer,N Rana,AS Joseph,0,0,,,,,,,,,
1359487,2023,2023-04-09,"Narendra Modi Stadium, Ahmedabad",2,6.1,Kolkata Knight Riders,Gujarat Titans,N Rana,VR Iyer,Yash Dayal,1,0,,,,,,,,,
1359487,2023,2023-04-09,"Narendra Modi Stadium, Ahmedabad",2,6.2,Kolkata Knight Riders,Gujarat Titans,VR Iyer,N Rana,Yash Dayal,4,0,,,,,,,,,
1359487,2023,2023-04-09,"Narendra Modi Stadium, Ahmedabad",2,6.3,Kolkata Knight Riders,Gujarat Titans,VR Iyer,N Rana,Yash Dayal,6,0,,,,,,,,,
1359487,2023,2023-04-09,"Narendra Modi Stadium, Ahmedabad",2,6.4,Kolkata Knight Riders,Gujarat Titans,VR Iyer,N Rana,Yash Dayal,1,0,,,,,,,,,
1359487,2023,2023-04-09,"Narendra Modi Stadium, Ahmedabad",2,6.5,Kolkata Knight Riders,Gujarat Titans,N Rana,VR Iyer,Yash Dayal,0,0,,,,,,,,,
1359487,2023,2023-04-09,"Narendra Modi Stadium, Ahmedabad",2,6.6,Kolkata Knight Riders,Gujarat Titans,N Rana,VR Iyer,Yash Dayal,1,0,,,,,,,,,
1359487,2023,2023-04-09,"Narendra Modi Stadium, Ahmedabad",2,7.1,Kolkata Knight Riders,Gujarat Titans,N Rana,VR Iyer,AS Joseph,0,0,,,,,,,,,
1359487,2023,2023-04-09,"Narendra Modi Stadium, Ahmedabad",2,7.2,Kolkata Knight Riders,Gujarat Titans,N Rana,VR Iyer,AS Joseph,0,0,,,,,,,,,
1359487,2023,2023-04-09,"Narendra Modi Stadium, Ahmedabad",2,7.3,Kolkata Knight Riders,Gujarat Titans,N Rana,VR Iyer,AS Joseph,6,0,,,,,,,,,
1359487,2023,2023-04-09,"Narendra Modi Stadium, Ahmedabad",2,7.4,Kolkata Knight Riders,Gujarat Titans,N Rana,VR Iyer,AS Joseph,0,0,,,,,,,,,
1359487,2023,2023-04-09,"Narendra Modi Stadium, Ahmedabad",2,7.5,Kolkata Knight Riders,Gujarat Titans,N Rana,VR Iyer,AS Joseph,0,0,,,,,,,,,
1359487,2023,2023-04-09,"Narendra Modi Stadium, Ahmedabad",2,7.6,Kolkata Knight Riders,Gujarat Titans,N Rana,VR Iyer,AS Joseph,6,0,,,,,,,,,
1359487,2023,2023-04-09,"Narendra Modi Stadium, Ahmedabad",2,8.1,Kolkata Knight Riders,Gujarat Titans,VR Iyer,N Rana,Rashid Khan,2,0,,,,,,,,,
1359487,2023,2023-04-09,"Narendra Modi Stadium, Ahmedabad",2,8.2,Kolkata Knight Riders,Gujarat Titans,VR Iyer,N Rana,Rashid Khan,1,0,,,,,,,,,
1359487,2023,2023-04-09,"Narendra Modi Stadium, Ahmedabad",2,8.3,Kolkata Knight Riders,Gujarat Titans,N Rana,VR Iyer,Rashid Khan,1,0,,,,,,,,,
1359487,2023,2023-04-09,"Narendra Modi Stadium, Ahmedabad",2,8.4,Kolkata Knight Riders,Gujarat Titans,VR Iyer,N Rana,Rashid Khan,1,0,,,,,,,,,
1359487,2023,2023-04-09,"Narendra Modi Stadium, Ahmedabad",2,8.5,Kolkata Knight Riders,Gujarat Titans,N Rana,VR Iyer,Rashid Khan,4,0,,,,,,,,,
1359487,2023,2023-04-09,"Narendra Modi Stadium, Ahmedabad",2,8.6,Kolkata Knight Riders,Gujarat Titans,N Rana,VR Iyer,Rashid Khan,1,0,,,,,,,,,
1359487,2023,2023-04-09,"Narendra Modi Stadium, Ahmedabad",2,9.1,Kolkata Knight Riders,Gujarat Titans,N Rana,VR Iyer,Yash Dayal,1,0,,,,,,,,,
1359487,2023,2023-04-09,"Narendra Modi Stadium, Ahmedabad",2,9.2,Kolkata Knight Riders,Gujarat Titans,VR Iyer,N Rana,Yash Dayal,4,0,,,,,,,,,
1359487,2023,2023-04-09,"Narendra Modi Stadium, Ahmedabad",2,9.3,Kolkata Knight Riders,Gujarat Titans,VR Iyer,N Rana,Yash Dayal,1,0,,,,,,,,,
1359487,2023,2023-04-09,"Narendra Modi Stadium, Ahmedabad",2,9.4,Kolkata Knight Riders,Gujarat Titans,N Rana,VR Iyer,Yash Dayal,0,0,,,,,,,,,
1359487,2023,2023-04-09,"Narendra Modi Stadium, Ahmedabad",2,9.5,Kolkata Knight Riders,Gujarat Titans,N Rana,VR Iyer,Yash Dayal,1,0,,,,,,,,,
1359487,2023,2023-04-09,"Narendra Modi Stadium, Ahmedabad",2,9.6,Kolkata Knight Riders,Gujarat Titans,VR Iyer,N Rana,Yash Dayal,1,0,,,,,,,,,
1359487,2023,2023-04-09,"Narendra Modi Stadium, Ahmedabad",2,10.1,Kolkata Knight Riders,Gujarat Titans,VR Iyer,N Rana,Rashid Khan,1,0,,,,,,,,,
1359487,2023,2023-04-09,"Narendra Modi Stadium, Ahmedabad",2,10.2,Kolkata Knight Riders,Gujarat Titans,N Rana,VR Iyer,Rashid Khan,0,0,,,,,,,,,
1359487,2023,2023-04-09,"Narendra Modi Stadium, Ahmedabad",2,10.3,Kolkata Knight Riders,Gujarat Titans,N Rana,VR Iyer,Rashid Khan,1,0,,,,,,,,,
1359487,2023,2023-04-09,"Narendra Modi Stadium, Ahmedabad",2,10.4,Kolkata Knight Riders,Gujarat Titans,VR Iyer,N Rana,Rashid Khan,6,0,,,,,,,,,
1359487,2023,2023-04-09,"Narendra Modi Stadium, Ahmedabad",2,10.5,Kolkata Knight Riders,Gujarat Titans,VR Iyer,N Rana,Rashid Khan,1,0,,,,,,,,,
1359487,2023,2023-04-09,"Narendra Modi Stadium, Ahmedabad",2,10.6,Kolkata Knight Riders,Gujarat Titans,N Rana,VR Iyer,Rashid Khan,4,0,,,,,,,,,
1359487,2023,2023-04-09,"Narendra Modi Stadium, Ahmedabad",2,11.1,Kolkata Knight Riders,Gujarat Titans,VR Iyer,N Rana,Yash Dayal,4,0,,,,,,,,,
1359487,2023,2023-04-09,"Narendra Modi Stadium, Ahmedabad",2,11.2,Kolkata Knight Riders,Gujarat Titans,VR Iyer,N Rana,Yash Dayal,6,0,,,,,,,,,
1359487,2023,2023-04-09,"Narendra Modi Stadium, Ahmedabad",2,11.3,Kolkata Knight Riders,Gujarat Titans,VR Iyer,N Rana,Yash Dayal,1,0,,,,,,,,,
1359487,2023,2023-04-09,"Narendra Modi Stadium, Ahmedabad",2,11.4,Kolkata Knight Riders,Gujarat Titans,N Rana,VR Iyer,Yash Dayal,0,0,,,,,,,,,
1359487,2023,2023-04-09,"Narendra Modi Stadium, Ahmedabad",2,11.5,Kolkata Knight Riders,Gujarat Titans,N Rana,VR Iyer,Yash Dayal,0,0,,,,,,,,,
1359487,2023,2023-04-09,"Narendra Modi Stadium, Ahmedabad",2,11.6,Kolkata Knight Riders,Gujarat Titans,N Rana,VR Iyer,Yash Dayal,6,0,,,,,,,,,
1359487,2023,2023-04-09,"Narendra Modi Stadium, Ahmedabad",2,12.1,Kolkata Knight Riders,Gujarat Titans,VR Iyer,N Rana,Rashid Khan,1,0,,,,,,,,,
1359487,2023,2023-04-09,"Narendra Modi Stadium, Ahmedabad",2,12.2,Kolkata Knight Riders,Gujarat Titans,N Rana,VR Iyer,Rashid Khan,4,0,,,,,,,,,
1359487,2023,2023-04-09,"Narendra Modi Stadium, Ahmedabad",2,12.3,Kolkata Knight Riders,Gujarat Titans,N Rana,VR Iyer,Rashid Khan,4,0,,,,,,,,,
1359487,2023,2023-04-09,"Narendra Modi Stadium, Ahmedabad",2,12.4,Kolkata Knight Riders,Gujarat Titans,N Rana,VR Iyer,Rashid Khan,0,0,,,,,,,,,
1359487,2023,2023-04-09,"Narendra Modi Stadium, Ahmedabad",2,12.5,Kolkata Knight Riders,Gujarat Titans,N Rana,VR Iyer,Rashid Khan,1,0,,,,,,,,,
1359487,2023,2023-04-09,"Narendra Modi Stadium, Ahmedabad",2,12.6,Kolkata Knight Riders,Gujarat Titans,VR Iyer,N Rana,Rashid Khan,2,0,,,,,,,,,
1359487,2023,2023-04-09,"Narendra Modi Stadium, Ahmedabad",2,13.1,Kolkata Knight Riders,Gujarat Titans,N Rana,VR Iyer,AS Joseph,0,0,,,,,,caught,N Rana,,
1359487,2023,2023-04-09,"Narendra Modi Stadium, Ahmedabad",2,13.2,Kolkata Knight Riders,Gujarat Titans,RK Singh,VR Iyer,AS Joseph,0,0,,,,,,,,,
1359487,2023,2023-04-09,"Narendra Modi Stadium, Ahmedabad",2,13.3,Kolkata Knight Riders,Gujarat Titans,RK Singh,VR Iyer,AS Joseph,0,0,,,,,,,,,
1359487,2023,2023-04-09,"Narendra Modi Stadium, Ahmedabad",2,13.4,Kolkata Knight Riders,Gujarat Titans,RK Singh,VR Iyer,AS Joseph,1,0,,,,,,,,,
1359487,2023,2023-04-09,"Narendra Modi Stadium, Ahmedabad",2,13.5,Kolkata Knight Riders,Gujarat Titans,VR Iyer,RK Singh,AS Joseph,2,0,,,,,,,,,
1359487,2023,2023-04-09,"Narendra Modi Stadium, Ahmedabad",2,13.6,Kolkata Knight Riders,Gujarat Titans,VR Iyer,RK Singh,AS Joseph,1,0,,,,,,,,,
1359487,2023,2023-04-09,"Narendra Modi Stadium, Ahmedabad",2,14.1,Kolkata Knight Riders,Gujarat Titans,VR Iyer,RK Singh,J Little,1,0,,,,,,,,,
1359487,2023,2023-04-09,"Narendra Modi Stadium, Ahmedabad",2,14.2,Kolkata Knight Riders,Gujarat Titans,RK Singh,VR Iyer,J Little,1,0,,,,,,,,,
1359487,2023,2023-04-09,"Narendra Modi Stadium, Ahmedabad",2,14.3,Kolkata Knight Riders,Gujarat Titans,VR Iyer,RK Singh,J Little,0,1,1,,,,,,,,
1359487,2023,2023-04-09,"Narendra Modi Stadium, Ahmedabad",2,14.4,Kolkata Knight Riders,Gujarat Titans,VR Iyer,RK Singh,J Little,4,0,,,,,,,,,
1359487,2023,2023-04-09,"Narendra Modi Stadium, Ahmedabad",2,14.5,Kolkata Knight Riders,Gujarat Titans,VR Iyer,RK Singh,J Little,0,0,,,,,,,,,
1359487,2023,2023-04-09,"Narendra Modi Stadium, Ahmedabad",2,14.6,Kolkata Knight Riders,Gujarat Titans,VR Iyer,RK Singh,J Little,4,0,,,,,,,,,
1359487,2023,2023-04-09,"Narendra Modi Stadium, Ahmedabad",2,14.7,Kolkata Knight Riders,Gujarat Titans,VR Iyer,RK Singh,J Little,6,0,,,,,,,,,
1359487,2023,2023-04-09,"Narendra Modi Stadium, Ahmedabad",2,15.1,Kolkata Knight Riders,Gujarat Titans,RK Singh,VR Iyer,AS Joseph,0,0,,,,,,,,,
1359487,2023,2023-04-09,"Narendra Modi Stadium, Ahmedabad",2,15.2,Kolkata Knight Riders,Gujarat Titans,RK Singh,VR Iyer,AS Joseph,1,0,,,,,,,,,
1359487,2023,2023-04-09,"Narendra Modi Stadium, Ahmedabad",2,15.3,Kolkata Knight Riders,Gujarat Titans,VR Iyer,RK Singh,AS Joseph,0,0,,,,,,,,,
1359487,2023,2023-04-09,"Narendra Modi Stadium, Ahmedabad",2,15.4,Kolkata Knight Riders,Gujarat Titans,VR Iyer,RK Singh,AS Joseph,4,0,,,,,,,,,
1359487,2023,2023-04-09,"Narendra Modi Stadium, Ahmedabad",2,15.5,Kolkata Knight Riders,Gujarat Titans,VR Iyer,RK Singh,AS Joseph,0,0,,,,,,caught,VR Iyer,,
1359487,2023,2023-04-09,"Narendra Modi Stadium, Ahmedabad",2,15.6,Kolkata Knight Riders,Gujarat Titans,AD Russell,RK Singh,AS Joseph,1,0,,,,,,,,,
1359487,2023,2023-04-09,"Narendra Modi Stadium, Ahmedabad",2,16.1,Kolkata Knight Riders,Gujarat Titans,AD Russell,RK Singh,Rashid Khan,0,0,,,,,,caught,AD Russell,,
1359487,2023,2023-04-09,"Narendra Modi Stadium, Ahmedabad",2,16.2,Kolkata Knight Riders,Gujarat Titans,SP Narine,RK Singh,Rashid Khan,0,0,,,,,,caught,SP Narine,,
1359487,2023,2023-04-09,"Narendra Modi Stadium, Ahmedabad",2,16.3,Kolkata Knight Riders,Gujarat Titans,SN Thakur,RK Singh,Rashid Khan,0,0,,,,,,lbw,SN Thakur,,
1359487,2023,2023-04-09,"Narendra Modi Stadium, Ahmedabad",2,16.4,Kolkata Knight Riders,Gujarat Titans,UT Yadav,RK Singh,Rashid Khan,0,0,,,,,,,,,
1359487,2023,2023-04-09,"Narendra Modi Stadium, Ahmedabad",2,16.5,Kolkata Knight Riders,Gujarat Titans,UT Yadav,RK Singh,Rashid Khan,1,0,,,,,,,,,
1359487,2023,2023-04-09,"Narendra Modi Stadium, Ahmedabad",2,16.6,Kolkata Knight Riders,Gujarat Titans,RK Singh,UT Yadav,Rashid Khan,1,0,,,,,,,,,
1359487,2023,2023-04-09,"Narendra Modi Stadium, Ahmedabad",2,17.1,Kolkata Knight Riders,Gujarat Titans,RK Singh,UT Yadav,Mohammed Shami,0,0,,,,,,,,,
1359487,2023,2023-04-09,"Narendra Modi Stadium, Ahmedabad",2,17.2,Kolkata Knight Riders,Gujarat Titans,RK Singh,UT Yadav,Mohammed Shami,1,0,,,,,,,,,
1359487,2023,2023-04-09,"Narendra Modi Stadium, Ahmedabad",2,17.3,Kolkata Knight Riders,Gujarat Titans,UT Yadav,RK Singh,Mohammed Shami,1,0,,,,,,,,,
1359487,2023,2023-04-09,"Narendra Modi Stadium, Ahmedabad",2,17.4,Kolkata Knight Riders,Gujarat Titans,RK Singh,UT Yadav,Mohammed Shami,1,0,,,,,,,,,
1359487,2023,2023-04-09,"Narendra Modi Stadium, Ahmedabad",2,17.5,Kolkata Knight Riders,Gujarat Titans,UT Yadav,RK Singh,Mohammed Shami,1,0,,,,,,,,,
1359487,2023,2023-04-09,"Narendra Modi Stadium, Ahmedabad",2,17.6,Kolkata Knight Riders,Gujarat Titans,RK Singh,UT Yadav,Mohammed Shami,1,0,,,,,,,,,
1359487,2023,2023-04-09,"Narendra Modi Stadium, Ahmedabad",2,18.1,Kolkata Knight Riders,Gujarat Titans,RK Singh,UT Yadav,J Little,0,1,1,,,,,,,,
1359487,2023,2023-04-09,"Narendra Modi Stadium, Ahmedabad",2,18.2,Kolkata Knight Riders,Gujarat Titans,RK Singh,UT Yadav,J Little,0,1,1,,,,,,,,
1359487,2023,2023-04-09,"Narendra Modi Stadium, Ahmedabad",2,18.3,Kolkata Knight Riders,Gujarat Titans,RK Singh,UT Yadav,J Little,1,0,,,,,,,,,
1359487,2023,2023-04-09,"Narendra Modi Stadium, Ahmedabad",2,18.4,Kolkata Knight Riders,Gujarat Titans,UT Yadav,RK Singh,J Little,1,0,,,,,,,,,
1359487,2023,2023-04-09,"Narendra Modi Stadium, Ahmedabad",2,18.5,Kolkata Knight Riders,Gujarat Titans,RK Singh,UT Yadav,J Little,0,0,,,,,,,,,
1359487,2023,2023-04-09,"Narendra Modi Stadium, Ahmedabad",2,18.6,Kolkata Knight Riders,Gujarat Titans,RK Singh,UT Yadav,J Little,0,0,,,,,,,,,
1359487,2023,2023-04-09,"Narendra Modi Stadium, Ahmedabad",2,18.7,Kolkata Knight Riders,Gujarat Titans,RK Singh,UT Yadav,J Little,6,0,,,,,,,,,
1359487,2023,2023-04-09,"Narendra Modi Stadium, Ahmedabad",2,18.8,Kolkata Knight Riders,Gujarat Titans,RK Singh,UT Yadav,J Little,4,0,,,,,,,,,
1359487,2023,2023-04-09,"Narendra Modi Stadium, Ahmedabad",2,19.1,Kolkata Knight Riders,Gujarat Titans,UT Yadav,RK Singh,Yash Dayal,1,0,,,,,,,,,
1359487,2023,2023-04-09,"Narendra Modi Stadium, Ahmedabad",2,19.2,Kolkata Knight Riders,Gujarat Titans,RK Singh,UT Yadav,Yash Dayal,6,0,,,,,,,,,
1359487,2023,2023-04-09,"Narendra Modi Stadium, Ahmedabad",2,19.3,Kolkata Knight Riders,Gujarat Titans,RK Singh,UT Yadav,Yash Dayal,6,0,,,,,,,,,
1359487,2023,2023-04-09,"Narendra Modi Stadium, Ahmedabad",2,19.4,Kolkata Knight Riders,Gujarat Titans,RK Singh,UT Yadav,Yash Dayal,6,0,,,,,,,,,
1359487,2023,2023-04-09,"Narendra Modi Stadium, Ahmedabad",2,19.5,Kolkata Knight Riders,Gujarat Titans,RK Singh,UT Yadav,Yash Dayal,6,0,,,,,,,,,
1359487,2023,2023-04-09,"Narendra Modi Stadium, Ahmedabad",2,19.6,Kolkata Knight Riders,Gujarat Titans,RK Singh,UT Yadav,Yash Dayal,6,0,,,,,,,,,
