match_id,season,start_date,venue,innings,ball,batting_team,bowling_team,striker,non_striker,bowler,runs_off_bat,extras,wides,noballs,byes,legbyes,penalty,wicket_type,player_dismissed,other_wicket_type,other_player_dismissed
1359527,2023,2023-05-08,"Eden Gardens, Kolkata",1,0.1,Punjab Kings,Kolkata Knight Riders,P Simran Singh,S Dhawan,VG Arora,0,0,,,,,,,,,
1359527,2023,2023-05-08,"Eden Gardens, Kolkata",1,0.2,Punjab Kings,Kolkata Knight Riders,P Simran Singh,S Dhawan,VG Arora,4,0,,,,,,,,,
1359527,2023,2023-05-08,"Eden Gardens, Kolkata",1,0.3,Punjab Kings,Kolkata Knight Riders,P Simran Singh,S Dhawan,VG Arora,0,0,,,,,,,,,
1359527,2023,2023-05-08,"Eden Gardens, Kolkata",1,0.4,Punjab Kings,Kolkata Knight Riders,P Simran Singh,S Dhawan,VG Arora,0,0,,,,,,,,,
1359527,2023,2023-05-08,"Eden Gardens, Kolkata",1,0.5,Punjab Kings,Kolkata Knight Riders,P Simran Singh,S Dhawan,VG Arora,4,0,,,,,,,,,
1359527,2023,2023-05-08,"Eden Gardens, Kolkata",1,0.6,Punjab Kings,Kolkata Knight Riders,P Simran Singh,S Dhawan,VG Arora,4,0,,,,,,,,,
1359527,2023,2023-05-08,"Eden Gardens, Kolkata",1,1.1,Punjab Kings,Kolkata Knight Riders,S Dhawan,P Simran Singh,Harshit Rana,4,0,,,,,,,,,
1359527,2023,2023-05-08,"Eden Gardens, Kolkata",1,1.2,Punjab Kings,Kolkata Knight Riders,S Dhawan,P Simran Singh,Harshit Rana,0,0,,,,,,,,,
1359527,2023,2023-05-08,"Eden Gardens, Kolkata",1,1.3,Punjab Kings,Kolkata Knight Riders,S Dhawan,P Simran Singh,Harshit Rana,4,0,,,,,,,,,
1359527,2023,2023-05-08,"Eden Gardens, Kolkata",1,1.4,Punjab Kings,Kolkata Knight Riders,S Dhawan,P Simran Singh,Harshit Rana,1,0,,,,,,,,,
1359527,2023,2023-05-08,"Eden Gardens, Kolkata",1,1.5,Punjab Kings,Kolkata Knight Riders,P Simran Singh,S Dhawan,Harshit Rana,0,0,,,,,,,,,
1359527,2023,2023-05-08,"Eden Gardens, Kolkata",1,1.6,Punjab Kings,Kolkata Knight Riders,P Simran Singh,S Dhawan,Harshit Rana,0,0,,,,,,caught,P Simran Singh,,
1359527,2023,2023-05-08,"Eden Gardens, Kolkata",1,2.1,Punjab Kings,Kolkata Knight Riders,S Dhawan,PBB Rajapaksa,VG Arora,0,0,,,,,,,,,
1359527,2023,2023-05-08,"Eden Gardens, Kolkata",1,2.2,Punjab Kings,Kolkata Knight Riders,S Dhawan,PBB Rajapaksa,VG Arora,0,0,,,,,,,,,
1359527,2023,2023-05-08,"Eden Gardens, Kolkata",1,2.3,Punjab Kings,Kolkata Knight Riders,S Dhawan,PBB Rajapaksa,VG Arora,4,0,,,,,,,,,
1359527,2023,2023-05-08,"Eden Gardens, Kolkata",1,2.4,Punjab Kings,Kolkata Knight Riders,S Dhawan,PBB Rajapaksa,VG Arora,0,0,,,,,,,,,
1359527,2023,2023-05-08,"Eden Gardens, Kolkata",1,2.5,Punjab Kings,Kolkata Knight Riders,S Dhawan,PBB Rajapaksa,VG Arora,1,0,,,,,,,,,
1359527,2023,2023-05-08,"Eden Gardens, Kolkata",1,2.6,Punjab Kings,Kolkata Knight Riders,PBB Rajapaksa,S Dhawan,VG Arora,0,0,,,,,,,,,
1359527,2023,2023-05-08,"Eden Gardens, Kolkata",1,3.1,Punjab Kings,Kolkata Knight Riders,S Dhawan,PBB Rajapaksa,Harshit Rana,0,1,,,,1,,,,,
1359527,2023,2023-05-08,"Eden Gardens, Kolkata",1,3.2,Punjab Kings,Kolkata Knight Riders,PBB Rajapaksa,S Dhawan,Harshit Rana,0,1,,,,1,,,,,
1359527,2023,2023-05-08,"Eden Gardens, Kolkata",1,3.3,Punjab Kings,Kolkata Knight Riders,S Dhawan,PBB Rajapaksa,Harshit Rana,0,1,,,,1,,,,,
1359527,2023,2023-05-08,"Eden Gardens, Kolkata",1,3.4,Punjab Kings,Kolkata Knight Riders,PBB Rajapaksa,S Dhawan,Harshit Rana,0,0,,,,,,caught,PBB Rajapaksa,,
1359527,2023,2023-05-08,"Eden Gardens, Kolkata",1,3.5,Punjab Kings,Kolkata Knight Riders,LS Livingstone,S Dhawan,Harshit Rana,1,0,,,,,,,,,
1359527,2023,2023-05-08,"Eden Gardens, Kolkata",1,3.6,Punjab Kings,Kolkata Knight Riders,S Dhawan,LS Livingstone,Harshit Rana,1,1,,1,,,,,,,
1359527,2023,2023-05-08,"Eden Gardens, Kolkata",1,3.7,Punjab Kings,Kolkata Knight Riders,LS Livingstone,S Dhawan,Harshit Rana,0,0,,,,,,,,,
1359527,2023,2023-05-08,"Eden Gardens, Kolkata",1,4.1,Punjab Kings,Kolkata Knight Riders,S Dhawan,LS Livingstone,AD Russell,1,0,,,,,,,,,
1359527,2023,2023-05-08,"Eden Gardens, Kolkata",1,4.2,Punjab Kings,Kolkata Knight Riders,LS Livingstone,S Dhawan,AD Russell,0,0,,,,,,,,,
1359527,2023,2023-05-08,"Eden Gardens, Kolkata",1,4.3,Punjab Kings,Kolkata Knight Riders,LS Livingstone,S Dhawan,AD Russell,4,0,,,,,,,,,
1359527,2023,2023-05-08,"Eden Gardens, Kolkata",1,4.4,Punjab Kings,Kolkata Knight Riders,LS Livingstone,S Dhawan,AD Russell,4,1,,1,,,,,,,
1359527,2023,2023-05-08,"Eden Gardens, Kolkata",1,4.5,Punjab Kings,Kolkata Knight Riders,LS Livingstone,S Dhawan,AD Russell,4,0,,,,,,,,,
1359527,2023,2023-05-08,"Eden Gardens, Kolkata",1,4.6,Punjab Kings,Kolkata Knight Riders,LS Livingstone,S Dhawan,AD Russell,1,0,,,,,,,,,
1359527,2023,2023-05-08,"Eden Gardens, Kolkata",1,4.7,Punjab Kings,Kolkata Knight Riders,S Dhawan,LS Livingstone,AD Russell,4,0,,,,,,,,,
1359527,2023,2023-05-08,"Eden Gardens, Kolkata",1,5.1,Punjab Kings,Kolkata Knight Riders,LS Livingstone,S Dhawan,CV Varun,1,0,,,,,,,,,
1359527,2023,2023-05-08,"Eden Gardens, Kolkata",1,5.2,Punjab Kings,Kolkata Knight Riders,S Dhawan,LS Livingstone,CV Varun,1,0,,,,,,,,,
1359527,2023,2023-05-08,"Eden Gardens, Kolkata",1,5.3,Punjab Kings,Kolkata Knight Riders,LS Livingstone,S Dhawan,CV Varun,0,0,,,,,,lbw,LS Livingstone,,
1359527,2023,2023-05-08,"Eden Gardens, Kolkata",1,5.4,Punjab Kings,Kolkata Knight Riders,JM Sharma,S Dhawan,CV Varun,1,0,,,,,,,,,
1359527,2023,2023-05-08,"Eden Gardens, Kolkata",1,5.5,Punjab Kings,Kolkata Knight Riders,S Dhawan,JM Sharma,CV Varun,0,0,,,,,,,,,
1359527,2023,2023-05-08,"Eden Gardens, Kolkata",1,5.6,Punjab Kings,Kolkata Knight Riders,S Dhawan,JM Sharma,CV Varun,4,0,,,,,,,,,
1359527,2023,2023-05-08,"Eden Gardens, Kolkata",1,6.1,Punjab Kings,Kolkata Knight Riders,JM Sharma,S Dhawan,Suyash Sharma,1,0,,,,,,,,,
1359527,2023,2023-05-08,"Eden Gardens, Kolkata",1,6.2,Punjab Kings,Kolkata Knight Riders,S Dhawan,JM Sharma,Suyash Sharma,0,0,,,,,,,,,
1359527,2023,2023-05-08,"Eden Gardens, Kolkata",1,6.3,Punjab Kings,Kolkata Knight Riders,S Dhawan,JM Sharma,Suyash Sharma,0,0,,,,,,,,,
1359527,2023,2023-05-08,"Eden Gardens, Kolkata",1,6.4,Punjab Kings,Kolkata Knight Riders,S Dhawan,JM Sharma,Suyash Sharma,0,4,,,4,,,,,,
1359527,2023,2023-05-08,"Eden Gardens, Kolkata",1,6.5,Punjab Kings,Kolkata Knight Riders,S Dhawan,JM Sharma,Suyash Sharma,1,0,,,,,,,,,
1359527,2023,2023-05-08,"Eden Gardens, Kolkata",1,6.6,Punjab Kings,Kolkata Knight Riders,JM Sharma,S Dhawan,Suyash Sharma,0,0,,,,,,,,,
1359527,2023,2023-05-08,"Eden Gardens, Kolkata",1,7.1,Punjab Kings,Kolkata Knight Riders,S Dhawan,JM Sharma,CV Varun,1,0,,,,,,,,,
1359527,2023,2023-05-08,"Eden Gardens, Kolkata",1,7.2,Punjab Kings,Kolkata Knight Riders,JM Sharma,S Dhawan,CV Varun,0,0,,,,,,,,,
1359527,2023,2023-05-08,"Eden Gardens, Kolkata",1,7.3,Punjab Kings,Kolkata Knight Riders,JM Sharma,S Dhawan,CV Varun,1,0,,,,,,,,,
1359527,2023,2023-05-08,"Eden Gardens, Kolkata",1,7.4,Punjab Kings,Kolkata Knight Riders,S Dhawan,JM Sharma,CV Varun,0,0,,,,,,,,,
1359527,2023,2023-05-08,"Eden Gardens, Kolkata",1,7.5,Punjab Kings,Kolkata Knight Riders,S Dhawan,JM Sharma,CV Varun,0,0,,,,,,,,,
1359527,2023,2023-05-08,"Eden Gardens, Kolkata",1,7.6,Punjab Kings,Kolkata Knight Riders,S Dhawan,JM Sharma,CV Varun,4,0,,,,,,,,,
1359527,2023,2023-05-08,"Eden Gardens, Kolkata",1,8.1,Punjab Kings,Kolkata Knight Riders,JM Sharma,S Dhawan,Suyash Sharma,1,0,,,,,,,,,
1359527,2023,2023-05-08,"Eden Gardens, Kolkata",1,8.2,Punjab Kings,Kolkata Knight Riders,S Dhawan,JM Sharma,Suyash Sharma,0,0,,,,,,,,,
1359527,2023,2023-05-08,"Eden Gardens, Kolkata",1,8.3,Punjab Kings,Kolkata Knight Riders,S Dhawan,JM Sharma,Suyash Sharma,0,0,,,,,,,,,
1359527,2023,2023-05-08,"Eden Gardens, Kolkata",1,8.4,Punjab Kings,Kolkata Knight Riders,S Dhawan,JM Sharma,Suyash Sharma,1,0,,,,,,,,,
1359527,2023,2023-05-08,"Eden Gardens, Kolkata",1,8.5,Punjab Kings,Kolkata Knight Riders,JM Sharma,S Dhawan,Suyash Sharma,6,0,,,,,,,,,
1359527,2023,2023-05-08,"Eden Gardens, Kolkata",1,8.6,Punjab Kings,Kolkata Knight Riders,JM Sharma,S Dhawan,Suyash Sharma,1,0,,,,,,,,,
1359527,2023,2023-05-08,"Eden Gardens, Kolkata",1,9.1,Punjab Kings,Kolkata Knight Riders,JM Sharma,S Dhawan,SP Narine,0,0,,,,,,,,,
1359527,2023,2023-05-08,"Eden Gardens, Kolkata",1,9.2,Punjab Kings,Kolkata Knight Riders,JM Sharma,S Dhawan,SP Narine,1,0,,,,,,,,,
1359527,2023,2023-05-08,"Eden Gardens, Kolkata",1,9.3,Punjab Kings,Kolkata Knight Riders,S Dhawan,JM Sharma,SP Narine,0,0,,,,,,,,,
1359527,2023,2023-05-08,"Eden Gardens, Kolkata",1,9.4,Punjab Kings,Kolkata Knight Riders,S Dhawan,JM Sharma,SP Narine,0,0,,,,,,,,,
1359527,2023,2023-05-08,"Eden Gardens, Kolkata",1,9.5,Punjab Kings,Kolkata Knight Riders,S Dhawan,JM Sharma,SP Narine,1,0,,,,,,,,,
1359527,2023,2023-05-08,"Eden Gardens, Kolkata",1,9.6,Punjab Kings,Kolkata Knight Riders,JM Sharma,S Dhawan,SP Narine,1,0,,,,,,,,,
1359527,2023,2023-05-08,"Eden Gardens, Kolkata",1,10.1,Punjab Kings,Kolkata Knight Riders,JM Sharma,S Dhawan,Suyash Sharma,0,0,,,,,,,,,
1359527,2023,2023-05-08,"Eden Gardens, Kolkata",1,10.2,Punjab Kings,Kolkata Knight Riders,JM Sharma,S Dhawan,Suyash Sharma,6,0,,,,,,,,,
1359527,2023,2023-05-08,"Eden Gardens, Kolkata",1,10.3,Punjab Kings,Kolkata Knight Riders,JM Sharma,S Dhawan,Suyash Sharma,0,0,,,,,,,,,
1359527,2023,2023-05-08,"Eden Gardens, Kolkata",1,10.4,Punjab Kings,Kolkata Knight Riders,JM Sharma,S Dhawan,Suyash Sharma,1,0,,,,,,,,,
1359527,2023,2023-05-08,"Eden Gardens, Kolkata",1,10.5,Punjab Kings,Kolkata Knight Riders,S Dhawan,JM Sharma,Suyash Sharma,4,0,,,,,,,,,
1359527,2023,2023-05-08,"Eden Gardens, Kolkata",1,10.6,Punjab Kings,Kolkata Knight Riders,S Dhawan,JM Sharma,Suyash Sharma,0,0,,,,,,,,,
1359527,2023,2023-05-08,"Eden Gardens, Kolkata",1,11.1,Punjab Kings,Kolkata Knight Riders,JM Sharma,S Dhawan,SP Narine,1,0,,,,,,,,,
1359527,2023,2023-05-08,"Eden Gardens, Kolkata",1,11.2,Punjab Kings,Kolkata Knight Riders,S Dhawan,JM Sharma,SP Narine,4,0,,,,,,,,,
1359527,2023,2023-05-08,"Eden Gardens, Kolkata",1,11.3,Punjab Kings,Kolkata Knight Riders,S Dhawan,JM Sharma,SP Narine,4,0,,,,,,,,,
1359527,2023,2023-05-08,"Eden Gardens, Kolkata",1,11.4,Punjab Kings,Kolkata Knight Riders,S Dhawan,JM Sharma,SP Narine,0,0,,,,,,,,,
1359527,2023,2023-05-08,"Eden Gardens, Kolkata",1,11.5,Punjab Kings,Kolkata Knight Riders,S Dhawan,JM Sharma,SP Narine,1,0,,,,,,,,,
1359527,2023,2023-05-08,"Eden Gardens, Kolkata",1,11.6,Punjab Kings,Kolkata Knight Riders,JM Sharma,S Dhawan,SP Narine,0,1,1,,,,,,,,
1359527,2023,2023-05-08,"Eden Gardens, Kolkata",1,11.7,Punjab Kings,Kolkata Knight Riders,JM Sharma,S Dhawan,SP Narine,0,0,,,,,,,,,
1359527,2023,2023-05-08,"Eden Gardens, Kolkata",1,12.1,Punjab Kings,Kolkata Knight Riders,S Dhawan,JM Sharma,CV Varun,0,0,,,,,,,,,
1359527,2023,2023-05-08,"Eden Gardens, Kolkata",1,12.2,Punjab Kings,Kolkata Knight Riders,S Dhawan,JM Sharma,CV Varun,0,1,1,,,,,,,,
1359527,2023,2023-05-08,"Eden Gardens, Kolkata",1,12.3,Punjab Kings,Kolkata Knight Riders,S Dhawan,JM Sharma,CV Varun,1,0,,,,,,,,,
1359527,2023,2023-05-08,"Eden Gardens, Kolkata",1,12.4,Punjab Kings,Kolkata Knight Riders,JM Sharma,S Dhawan,CV Varun,0,0,,,,,,caught,JM Sharma,,
1359527,2023,2023-05-08,"Eden Gardens, Kolkata",1,12.5,Punjab Kings,Kolkata Knight Riders,SM Curran,S Dhawan,CV Varun,1,0,,,,,,,,,
1359527,2023,2023-05-08,"Eden Gardens, Kolkata",1,12.6,Punjab Kings,Kolkata Knight Riders,S Dhawan,SM Curran,CV Varun,1,0,,,,,,,,,
1359527,2023,2023-05-08,"Eden Gardens, Kolkata",1,12.7,Punjab Kings,Kolkata Knight Riders,SM Curran,S Dhawan,CV Varun,1,0,,,,,,,,,
1359527,2023,2023-05-08,"Eden Gardens, Kolkata",1,13.1,Punjab Kings,Kolkata Knight Riders,SM Curran,S Dhawan,SP Narine,0,0,,,,,,,,,
1359527,2023,2023-05-08,"Eden Gardens, Kolkata",1,13.2,Punjab Kings,Kolkata Knight Riders,SM Curran,S Dhawan,SP Narine,1,0,,,,,,,,,
1359527,2023,2023-05-08,"Eden Gardens, Kolkata",1,13.3,Punjab Kings,Kolkata Knight Riders,S Dhawan,SM Curran,SP Narine,6,0,,,,,,,,,
1359527,2023,2023-05-08,"Eden Gardens, Kolkata",1,13.4,Punjab Kings,Kolkata Knight Riders,S Dhawan,SM Curran,SP Narine,0,0,,,,,,,,,
1359527,2023,2023-05-08,"Eden Gardens, Kolkata",1,13.5,Punjab Kings,Kolkata Knight Riders,S Dhawan,SM Curran,SP Narine,1,0,,,,,,,,,
1359527,2023,2023-05-08,"Eden Gardens, Kolkata",1,13.6,Punjab Kings,Kolkata Knight Riders,SM Curran,S Dhawan,SP Narine,0,0,,,,,,,,,
1359527,2023,2023-05-08,"Eden Gardens, Kolkata",1,14.1,Punjab Kings,Kolkata Knight Riders,S Dhawan,SM Curran,N Rana,0,0,,,,,,,,,
1359527,2023,2023-05-08,"Eden Gardens, Kolkata",1,14.2,Punjab Kings,Kolkata Knight Riders,S Dhawan,SM Curran,N Rana,0,0,,,,,,,,,
1359527,2023,2023-05-08,"Eden Gardens, Kolkata",1,14.3,Punjab Kings,Kolkata Knight Riders,S Dhawan,SM Curran,N Rana,2,0,,,,,,,,,
1359527,2023,2023-05-08,"Eden Gardens, Kolkata",1,14.4,Punjab Kings,Kolkata Knight Riders,S Dhawan,SM Curran,N Rana,0,0,,,,,,caught,S Dhawan,,
1359527,2023,2023-05-08,"Eden Gardens, Kolkata",1,14.5,Punjab Kings,Kolkata Knight Riders,R Dhawan,SM Curran,N Rana,4,0,,,,,,,,,
1359527,2023,2023-05-08,"Eden Gardens, Kolkata",1,14.6,Punjab Kings,Kolkata Knight Riders,R Dhawan,SM Curran,N Rana,1,0,,,,,,,,,
1359527,2023,2023-05-08,"Eden Gardens, Kolkata",1,15.1,Punjab Kings,Kolkata Knight Riders,R Dhawan,SM Curran,SP Narine,2,0,,,,,,,,,
1359527,2023,2023-05-08,"Eden Gardens, Kolkata",1,15.2,Punjab Kings,Kolkata Knight Riders,R Dhawan,SM Curran,SP Narine,1,0,,,,,,,,,
1359527,2023,2023-05-08,"Eden Gardens, Kolkata",1,15.3,Punjab Kings,Kolkata Knight Riders,SM Curran,R Dhawan,SP Narine,0,0,,,,,,,,,
1359527,2023,2023-05-08,"Eden Gardens, Kolkata",1,15.4,Punjab Kings,Kolkata Knight Riders,SM Curran,R Dhawan,SP Narine,1,0,,,,,,,,,
1359527,2023,2023-05-08,"Eden Gardens, Kolkata",1,15.5,Punjab Kings,Kolkata Knight Riders,R Dhawan,SM Curran,SP Narine,2,0,,,,,,,,,
1359527,2023,2023-05-08,"Eden Gardens, Kolkata",1,15.6,Punjab Kings,Kolkata Knight Riders,R Dhawan,SM Curran,SP Narine,1,0,,,,,,,,,
1359527,2023,2023-05-08,"Eden Gardens, Kolkata",1,16.1,Punjab Kings,Kolkata Knight Riders,R Dhawan,SM Curran,CV Varun,6,0,,,,,,,,,
1359527,2023,2023-05-08,"Eden Gardens, Kolkata",1,16.2,Punjab Kings,Kolkata Knight Riders,R Dhawan,SM Curran,CV Varun,0,0,,,,,,,,,
1359527,2023,2023-05-08,"Eden Gardens, Kolkata",1,16.3,Punjab Kings,Kolkata Knight Riders,R Dhawan,SM Curran,CV Varun,0,0,,,,,,,,,
1359527,2023,2023-05-08,"Eden Gardens, Kolkata",1,16.4,Punjab Kings,Kolkata Knight Riders,R Dhawan,SM Curran,CV Varun,2,0,,,,,,,,,
1359527,2023,2023-05-08,"Eden Gardens, Kolkata",1,16.5,Punjab Kings,Kolkata Knight Riders,R Dhawan,SM Curran,CV Varun,0,0,,,,,,bowled,R Dhawan,,
1359527,2023,2023-05-08,"Eden Gardens, Kolkata",1,16.6,Punjab Kings,Kolkata Knight Riders,M Shahrukh Khan,SM Curran,CV Varun,0,0,,,,,,,,,
1359527,2023,2023-05-08,"Eden Gardens, Kolkata",1,17.1,Punjab Kings,Kolkata Knight Riders,SM Curran,M Shahrukh Khan,Suyash Sharma,0,0,,,,,,,,,
1359527,2023,2023-05-08,"Eden Gardens, Kolkata",1,17.2,Punjab Kings,Kolkata Knight Riders,SM Curran,M Shahrukh Khan,Suyash Sharma,0,0,,,,,,caught,SM Curran,,
1359527,2023,2023-05-08,"Eden Gardens, Kolkata",1,17.3,Punjab Kings,Kolkata Knight Riders,Harpreet Brar,M Shahrukh Khan,Suyash Sharma,1,0,,,,,,,,,
1359527,2023,2023-05-08,"Eden Gardens, Kolkata",1,17.4,Punjab Kings,Kolkata Knight Riders,M Shahrukh Khan,Harpreet Brar,Suyash Sharma,0,1,1,,,,,,,,
1359527,2023,2023-05-08,"Eden Gardens, Kolkata",1,17.5,Punjab Kings,Kolkata Knight Riders,M Shahrukh Khan,Harpreet Brar,Suyash Sharma,1,0,,,,,,,,,
1359527,2023,2023-05-08,"Eden Gardens, Kolkata",1,17.6,Punjab Kings,Kolkata Knight Riders,Harpreet Brar,M Shahrukh Khan,Suyash Sharma,0,0,,,,,,,,,
1359527,2023,2023-05-08,"Eden Gardens, Kolkata",1,17.7,Punjab Kings,Kolkata Knight Riders,Harpreet Brar,M Shahrukh Khan,Suyash Sharma,1,0,,,,,,,,,
1359527,2023,2023-05-08,"Eden Gardens, Kolkata",1,18.1,Punjab Kings,Kolkata Knight Riders,Harpreet Brar,M Shahrukh Khan,VG Arora,4,0,,,,,,,,,
1359527,2023,2023-05-08,"Eden Gardens, Kolkata",1,18.2,Punjab Kings,Kolkata Knight Riders,Harpreet Brar,M Shahrukh Khan,VG Arora,1,0,,,,,,,,,
1359527,2023,2023-05-08,"Eden Gardens, Kolkata",1,18.3,Punjab Kings,Kolkata Knight Riders,M Shahrukh Khan,Harpreet Brar,VG Arora,4,0,,,,,,,,,
1359527,2023,2023-05-08,"Eden Gardens, Kolkata",1,18.4,Punjab Kings,Kolkata Knight Riders,M Shahrukh Khan,Harpreet Brar,VG Arora,1,0,,,,,,,,,
1359527,2023,2023-05-08,"Eden Gardens, Kolkata",1,18.5,Punjab Kings,Kolkata Knight Riders,Harpreet Brar,M Shahrukh Khan,VG Arora,0,0,,,,,,,,,
1359527,2023,2023-05-08,"Eden Gardens, Kolkata",1,18.6,Punjab Kings,Kolkata Knight Riders,Harpreet Brar,M Shahrukh Khan,VG Arora,0,1,1,,,,,,,,
1359527,2023,2023-05-08,"Eden Gardens, Kolkata",1,18.7,Punjab Kings,Kolkata Knight Riders,Harpreet Brar,M Shahrukh Khan,VG Arora,4,0,,,,,,,,,
1359527,2023,2023-05-08,"Eden Gardens, Kolkata",1,19.1,Punjab Kings,Kolkata Knight Riders,M Shahrukh Khan,Harpreet Brar,Harshit Rana,6,0,,,,,,,,,
1359527,2023,2023-05-08,"Eden Gardens, Kolkata",1,19.2,Punjab Kings,Kolkata Knight Riders,M Shahrukh Khan,Harpreet Brar,Harshit Rana,4,0,,,,,,,,,
1359527,2023,2023-05-08,"Eden Gardens, Kolkata",1,19.3,Punjab Kings,Kolkata Knight Riders,M Shahrukh Khan,Harpreet Brar,Harshit Rana,4,0,,,,,,,,,
1359527,2023,2023-05-08,"Eden Gardens, Kolkata",1,19.4,Punjab Kings,Kolkata Knight Riders,M Shahrukh Khan,Harpreet Brar,Harshit Rana,1,0,,,,,,,,,
1359527,2023,2023-05-08,"Eden Gardens, Kolkata",1,19.5,Punjab Kings,Kolkata Knight Riders,Harpreet Brar,M Shahrukh Khan,Harshit Rana,6,0,,,,,,,,,
1359527,2023,2023-05-08,"Eden Gardens, Kolkata",1,19.6,Punjab Kings,Kolkata Knight Riders,Harpreet Brar,M Shahrukh Khan,Harshit Rana,0,0,,,,,,,,,
1359527,2023,2023-05-08,"Eden Gardens, Kolkata",2,0.1,Kolkata Knight Riders,Punjab Kings,JJ Roy,Rahmanullah Gurbaz,R Dhawan,1,0,,,,,,,,,
1359527,2023,2023-05-08,"Eden Gardens, Kolkata",2,0.2,Kolkata Knight Riders,Punjab Kings,Rahmanullah Gurbaz,JJ Roy,R Dhawan,0,0,,,,,,,,,
1359527,2023,2023-05-08,"Eden Gardens, Kolkata",2,0.3,Kolkata Knight Riders,Punjab Kings,Rahmanullah Gurbaz,JJ Roy,R Dhawan,0,0,,,,,,,,,
1359527,2023,2023-05-08,"Eden Gardens, Kolkata",2,0.4,Kolkata Knight Riders,Punjab Kings,Rahmanullah Gurbaz,JJ Roy,R Dhawan,3,0,,,,,,,,,
1359527,2023,2023-05-08,"Eden Gardens, Kolkata",2,0.5,Kolkata Knight Riders,Punjab Kings,JJ Roy,Rahmanullah Gurbaz,R Dhawan,0,0,,,,,,,,,
1359527,2023,2023-05-08,"Eden Gardens, Kolkata",2,0.6,Kolkata Knight Riders,Punjab Kings,JJ Roy,Rahmanullah Gurbaz,R Dhawan,1,0,,,,,,,,,
1359527,2023,2023-05-08,"Eden Gardens, Kolkata",2,1.1,Kolkata Knight Riders,Punjab Kings,JJ Roy,Rahmanullah Gurbaz,Arshdeep Singh,4,0,,,,,,,,,
1359527,2023,2023-05-08,"Eden Gardens, Kolkata",2,1.2,Kolkata Knight Riders,Punjab Kings,JJ Roy,Rahmanullah Gurbaz,Arshdeep Singh,0,0,,,,,,,,,
1359527,2023,2023-05-08,"Eden Gardens, Kolkata",2,1.3,Kolkata Knight Riders,Punjab Kings,JJ Roy,Rahmanullah Gurbaz,Arshdeep Singh,0,0,,,,,,,,,
1359527,2023,2023-05-08,"Eden Gardens, Kolkata",2,1.4,Kolkata Knight Riders,Punjab Kings,JJ Roy,Rahmanullah Gurbaz,Arshdeep Singh,1,0,,,,,,,,,
1359527,2023,2023-05-08,"Eden Gardens, Kolkata",2,1.5,Kolkata Knight Riders,Punjab Kings,Rahmanullah Gurbaz,JJ Roy,Arshdeep Singh,0,0,,,,,,,,,
1359527,2023,2023-05-08,"Eden Gardens, Kolkata",2,1.6,Kolkata Knight Riders,Punjab Kings,Rahmanullah Gurbaz,JJ Roy,Arshdeep Singh,0,0,,,,,,,,,
1359527,2023,2023-05-08,"Eden Gardens, Kolkata",2,2.1,Kolkata Knight Riders,Punjab Kings,JJ Roy,Rahmanullah Gurbaz,R Dhawan,4,0,,,,,,,,,
1359527,2023,2023-05-08,"Eden Gardens, Kolkata",2,2.2,Kolkata Knight Riders,Punjab Kings,JJ Roy,Rahmanullah Gurbaz,R Dhawan,0,0,,,,,,,,,
1359527,2023,2023-05-08,"Eden Gardens, Kolkata",2,2.3,Kolkata Knight Riders,Punjab Kings,JJ Roy,Rahmanullah Gurbaz,R Dhawan,0,0,,,,,,,,,
1359527,2023,2023-05-08,"Eden Gardens, Kolkata",2,2.4,Kolkata Knight Riders,Punjab Kings,JJ Roy,Rahmanullah Gurbaz,R Dhawan,4,0,,,,,,,,,
1359527,2023,2023-05-08,"Eden Gardens, Kolkata",2,2.5,Kolkata Knight Riders,Punjab Kings,JJ Roy,Rahmanullah Gurbaz,R Dhawan,1,0,,,,,,,,,
1359527,2023,2023-05-08,"Eden Gardens, Kolkata",2,2.6,Kolkata Knight Riders,Punjab Kings,Rahmanullah Gurbaz,JJ Roy,R Dhawan,1,0,,,,,,,,,
1359527,2023,2023-05-08,"Eden Gardens, Kolkata",2,3.1,Kolkata Knight Riders,Punjab Kings,Rahmanullah Gurbaz,JJ Roy,Arshdeep Singh,6,0,,,,,,,,,
1359527,2023,2023-05-08,"Eden Gardens, Kolkata",2,3.2,Kolkata Knight Riders,Punjab Kings,Rahmanullah Gurbaz,JJ Roy,Arshdeep Singh,4,0,,,,,,,,,
1359527,2023,2023-05-08,"Eden Gardens, Kolkata",2,3.3,Kolkata Knight Riders,Punjab Kings,Rahmanullah Gurbaz,JJ Roy,Arshdeep Singh,0,1,1,,,,,,,,
1359527,2023,2023-05-08,"Eden Gardens, Kolkata",2,3.4,Kolkata Knight Riders,Punjab Kings,Rahmanullah Gurbaz,JJ Roy,Arshdeep Singh,1,0,,,,,,,,,
1359527,2023,2023-05-08,"Eden Gardens, Kolkata",2,3.5,Kolkata Knight Riders,Punjab Kings,JJ Roy,Rahmanullah Gurbaz,Arshdeep Singh,0,0,,,,,,,,,
1359527,2023,2023-05-08,"Eden Gardens, Kolkata",2,3.6,Kolkata Knight Riders,Punjab Kings,JJ Roy,Rahmanullah Gurbaz,Arshdeep Singh,0,0,,,,,,,,,
1359527,2023,2023-05-08,"Eden Gardens, Kolkata",2,3.7,Kolkata Knight Riders,Punjab Kings,JJ Roy,Rahmanullah Gurbaz,Arshdeep Singh,4,0,,,,,,,,,
1359527,2023,2023-05-08,"Eden Gardens, Kolkata",2,4.1,Kolkata Knight Riders,Punjab Kings,Rahmanullah Gurbaz,JJ Roy,NT Ellis,0,0,,,,,,,,,
1359527,2023,2023-05-08,"Eden Gardens, Kolkata",2,4.2,Kolkata Knight Riders,Punjab Kings,Rahmanullah Gurbaz,JJ Roy,NT Ellis,0,1,,,,1,,,,,
1359527,2023,2023-05-08,"Eden Gardens, Kolkata",2,4.3,Kolkata Knight Riders,Punjab Kings,JJ Roy,Rahmanullah Gurbaz,NT Ellis,1,0,,,,,,,,,
1359527,2023,2023-05-08,"Eden Gardens, Kolkata",2,4.4,Kolkata Knight Riders,Punjab Kings,Rahmanullah Gurbaz,JJ Roy,NT Ellis,0,0,,,,,,lbw,Rahmanullah Gurbaz,,
1359527,2023,2023-05-08,"Eden Gardens, Kolkata",2,4.5,Kolkata Knight Riders,Punjab Kings,N Rana,JJ Roy,NT Ellis,0,0,,,,,,,,,
1359527,2023,2023-05-08,"Eden Gardens, Kolkata",2,4.6,Kolkata Knight Riders,Punjab Kings,N Rana,JJ Roy,NT Ellis,1,0,,,,,,,,,
1359527,2023,2023-05-08,"Eden Gardens, Kolkata",2,5.1,Kolkata Knight Riders,Punjab Kings,N Rana,JJ Roy,SM Curran,0,0,,,,,,,,,
1359527,2023,2023-05-08,"Eden Gardens, Kolkata",2,5.2,Kolkata Knight Riders,Punjab Kings,N Rana,JJ Roy,SM Curran,4,0,,,,,,,,,
1359527,2023,2023-05-08,"Eden Gardens, Kolkata",2,5.3,Kolkata Knight Riders,Punjab Kings,N Rana,JJ Roy,SM Curran,1,0,,,,,,,,,
1359527,2023,2023-05-08,"Eden Gardens, Kolkata",2,5.4,Kolkata Knight Riders,Punjab Kings,JJ Roy,N Rana,SM Curran,0,0,,,,,,,,,
1359527,2023,2023-05-08,"Eden Gardens, Kolkata",2,5.5,Kolkata Knight Riders,Punjab Kings,JJ Roy,N Rana,SM Curran,4,0,,,,,,,,,
1359527,2023,2023-05-08,"Eden Gardens, Kolkata",2,5.6,Kolkata Knight Riders,Punjab Kings,JJ Roy,N Rana,SM Curran,4,0,,,,,,,,,
1359527,2023,2023-05-08,"Eden Gardens, Kolkata",2,6.1,Kolkata Knight Riders,Punjab Kings,N Rana,JJ Roy,LS Livingstone,1,0,,,,,,,,,
1359527,2023,2023-05-08,"Eden Gardens, Kolkata",2,6.2,Kolkata Knight Riders,Punjab Kings,JJ Roy,N Rana,LS Livingstone,0,0,,,,,,,,,
1359527,2023,2023-05-08,"Eden Gardens, Kolkata",2,6.3,Kolkata Knight Riders,Punjab Kings,JJ Roy,N Rana,LS Livingstone,1,0,,,,,,,,,
1359527,2023,2023-05-08,"Eden Gardens, Kolkata",2,6.4,Kolkata Knight Riders,Punjab Kings,N Rana,JJ Roy,LS Livingstone,1,0,,,,,,,,,
1359527,2023,2023-05-08,"Eden Gardens, Kolkata",2,6.5,Kolkata Knight Riders,Punjab Kings,JJ Roy,N Rana,LS Livingstone,4,0,,,,,,,,,
1359527,2023,2023-05-08,"Eden Gardens, Kolkata",2,6.6,Kolkata Knight Riders,Punjab Kings,JJ Roy,N Rana,LS Livingstone,4,0,,,,,,,,,
1359527,2023,2023-05-08,"Eden Gardens, Kolkata",2,7.1,Kolkata Knight Riders,Punjab Kings,N Rana,JJ Roy,Harpreet Brar,1,0,,,,,,,,,
1359527,2023,2023-05-08,"Eden Gardens, Kolkata",2,7.2,Kolkata Knight Riders,Punjab Kings,JJ Roy,N Rana,Harpreet Brar,0,0,,,,,,caught,JJ Roy,,
1359527,2023,2023-05-08,"Eden Gardens, Kolkata",2,7.3,Kolkata Knight Riders,Punjab Kings,VR Iyer,N Rana,Harpreet Brar,1,0,,,,,,,,,
1359527,2023,2023-05-08,"Eden Gardens, Kolkata",2,7.4,Kolkata Knight Riders,Punjab Kings,N Rana,VR Iyer,Harpreet Brar,1,0,,,,,,,,,
1359527,2023,2023-05-08,"Eden Gardens, Kolkata",2,7.5,Kolkata Knight Riders,Punjab Kings,VR Iyer,N Rana,Harpreet Brar,1,0,,,,,,,,,
1359527,2023,2023-05-08,"Eden Gardens, Kolkata",2,7.6,Kolkata Knight Riders,Punjab Kings,N Rana,VR Iyer,Harpreet Brar,0,0,,,,,,,,,
1359527,2023,2023-05-08,"Eden Gardens, Kolkata",2,8.1,Kolkata Knight Riders,Punjab Kings,VR Iyer,N Rana,NT Ellis,1,0,,,,,,,,,
1359527,2023,2023-05-08,"Eden Gardens, Kolkata",2,8.2,Kolkata Knight Riders,Punjab Kings,N Rana,VR Iyer,NT Ellis,1,0,,,,,,,,,
1359527,2023,2023-05-08,"Eden Gardens, Kolkata",2,8.3,Kolkata Knight Riders,Punjab Kings,VR Iyer,N Rana,NT Ellis,1,0,,,,,,,,,
1359527,2023,2023-05-08,"Eden Gardens, Kolkata",2,8.4,Kolkata Knight Riders,Punjab Kings,N Rana,VR Iyer,NT Ellis,1,0,,,,,,,,,
1359527,2023,2023-05-08,"Eden Gardens, Kolkata",2,8.5,Kolkata Knight Riders,Punjab Kings,VR Iyer,N Rana,NT Ellis,1,0,,,,,,,,,
1359527,2023,2023-05-08,"Eden Gardens, Kolkata",2,8.6,Kolkata Knight Riders,Punjab Kings,N Rana,VR Iyer,NT Ellis,1,0,,,,,,,,,
1359527,2023,2023-05-08,"Eden Gardens, Kolkata",2,9.1,Kolkata Knight Riders,Punjab Kings,N Rana,VR Iyer,RD Chahar,1,0,,,,,,,,,
1359527,2023,2023-05-08,"Eden Gardens, Kolkata",2,9.2,Kolkata Knight Riders,Punjab Kings,VR Iyer,N Rana,RD Chahar,1,0,,,,,,,,,
1359527,2023,2023-05-08,"Eden Gardens, Kolkata",2,9.3,Kolkata Knight Riders,Punjab Kings,N Rana,VR Iyer,RD Chahar,0,0,,,,,,,,,
1359527,2023,2023-05-08,"Eden Gardens, Kolkata",2,9.4,Kolkata Knight Riders,Punjab Kings,N Rana,VR Iyer,RD Chahar,0,0,,,,,,,,,
1359527,2023,2023-05-08,"Eden Gardens, Kolkata",2,9.5,Kolkata Knight Riders,Punjab Kings,N Rana,VR Iyer,RD Chahar,0,0,,,,,,,,,
1359527,2023,2023-05-08,"Eden Gardens, Kolkata",2,9.6,Kolkata Knight Riders,Punjab Kings,N Rana,VR Iyer,RD Chahar,1,0,,,,,,,,,
1359527,2023,2023-05-08,"Eden Gardens, Kolkata",2,10.1,Kolkata Knight Riders,Punjab Kings,N Rana,VR Iyer,LS Livingstone,4,0,,,,,,,,,
1359527,2023,2023-05-08,"Eden Gardens, Kolkata",2,10.2,Kolkata Knight Riders,Punjab Kings,N Rana,VR Iyer,LS Livingstone,4,0,,,,,,,,,
1359527,2023,2023-05-08,"Eden Gardens, Kolkata",2,10.3,Kolkata Knight Riders,Punjab Kings,N Rana,VR Iyer,LS Livingstone,6,0,,,,,,,,,
1359527,2023,2023-05-08,"Eden Gardens, Kolkata",2,10.4,Kolkata Knight Riders,Punjab Kings,N Rana,VR Iyer,LS Livingstone,0,0,,,,,,,,,
1359527,2023,2023-05-08,"Eden Gardens, Kolkata",2,10.5,Kolkata Knight Riders,Punjab Kings,N Rana,VR Iyer,LS Livingstone,1,0,,,,,,,,,
1359527,2023,2023-05-08,"Eden Gardens, Kolkata",2,10.6,Kolkata Knight Riders,Punjab Kings,VR Iyer,N Rana,LS Livingstone,1,0,,,,,,,,,
1359527,2023,2023-05-08,"Eden Gardens, Kolkata",2,11.1,Kolkata Knight Riders,Punjab Kings,VR Iyer,N Rana,RD Chahar,0,0,,,,,,,,,
1359527,2023,2023-05-08,"Eden Gardens, Kolkata",2,11.2,Kolkata Knight Riders,Punjab Kings,VR Iyer,N Rana,RD Chahar,1,0,,,,,,,,,
1359527,2023,2023-05-08,"Eden Gardens, Kolkata",2,11.3,Kolkata Knight Riders,Punjab Kings,N Rana,VR Iyer,RD Chahar,2,0,,,,,,,,,
1359527,2023,2023-05-08,"Eden Gardens, Kolkata",2,11.4,Kolkata Knight Riders,Punjab Kings,N Rana,VR Iyer,RD Chahar,1,0,,,,,,,,,
1359527,2023,2023-05-08,"Eden Gardens, Kolkata",2,11.5,Kolkata Knight Riders,Punjab Kings,VR Iyer,N Rana,RD Chahar,1,0,,,,,,,,,
1359527,2023,2023-05-08,"Eden Gardens, Kolkata",2,11.6,Kolkata Knight Riders,Punjab Kings,N Rana,VR Iyer,RD Chahar,1,0,,,,,,,,,
1359527,2023,2023-05-08,"Eden Gardens, Kolkata",2,12.1,Kolkata Knight Riders,Punjab Kings,N Rana,VR Iyer,SM Curran,4,0,,,,,,,,,
1359527,2023,2023-05-08,"Eden Gardens, Kolkata",2,12.2,Kolkata Knight Riders,Punjab Kings,N Rana,VR Iyer,SM Curran,0,0,,,,,,,,,
1359527,2023,2023-05-08,"Eden Gardens, Kolkata",2,12.3,Kolkata Knight Riders,Punjab Kings,N Rana,VR Iyer,SM Curran,0,1,1,,,,,,,,
1359527,2023,2023-05-08,"Eden Gardens, Kolkata",2,12.4,Kolkata Knight Riders,Punjab Kings,N Rana,VR Iyer,SM Curran,1,0,,,,,,,,,
1359527,2023,2023-05-08,"Eden Gardens, Kolkata",2,12.5,Kolkata Knight Riders,Punjab Kings,VR Iyer,N Rana,SM Curran,1,0,,,,,,,,,
1359527,2023,2023-05-08,"Eden Gardens, Kolkata",2,12.6,Kolkata Knight Riders,Punjab Kings,N Rana,VR Iyer,SM Curran,0,0,,,,,,,,,
1359527,2023,2023-05-08,"Eden Gardens, Kolkata",2,12.7,Kolkata Knight Riders,Punjab Kings,N Rana,VR Iyer,SM Curran,4,0,,,,,,,,,
1359527,2023,2023-05-08,"Eden Gardens, Kolkata",2,13.1,Kolkata Knight Riders,Punjab Kings,VR Iyer,N Rana,RD Chahar,1,0,,,,,,,,,
1359527,2023,2023-05-08,"Eden Gardens, Kolkata",2,13.2,Kolkata Knight Riders,Punjab Kings,N Rana,VR Iyer,RD Chahar,4,0,,,,,,,,,
1359527,2023,2023-05-08,"Eden Gardens, Kolkata",2,13.3,Kolkata Knight Riders,Punjab Kings,N Rana,VR Iyer,RD Chahar,1,0,,,,,,,,,
1359527,2023,2023-05-08,"Eden Gardens, Kolkata",2,13.4,Kolkata Knight Riders,Punjab Kings,VR Iyer,N Rana,RD Chahar,0,0,,,,,,caught,VR Iyer,,
1359527,2023,2023-05-08,"Eden Gardens, Kolkata",2,13.5,Kolkata Knight Riders,Punjab Kings,AD Russell,N Rana,RD Chahar,0,0,,,,,,,,,
1359527,2023,2023-05-08,"Eden Gardens, Kolkata",2,13.6,Kolkata Knight Riders,Punjab Kings,AD Russell,N Rana,RD Chahar,1,0,,,,,,,,,
1359527,2023,2023-05-08,"Eden Gardens, Kolkata",2,14.1,Kolkata Knight Riders,Punjab Kings,AD Russell,N Rana,NT Ellis,1,0,,,,,,,,,
1359527,2023,2023-05-08,"Eden Gardens, Kolkata",2,14.2,Kolkata Knight Riders,Punjab Kings,N Rana,AD Russell,NT Ellis,0,0,,,,,,,,,
1359527,2023,2023-05-08,"Eden Gardens, Kolkata",2,14.3,Kolkata Knight Riders,Punjab Kings,N Rana,AD Russell,NT Ellis,0,0,,,,,,,,,
1359527,2023,2023-05-08,"Eden Gardens, Kolkata",2,14.4,Kolkata Knight Riders,Punjab Kings,N Rana,AD Russell,NT Ellis,1,0,,,,,,,,,
1359527,2023,2023-05-08,"Eden Gardens, Kolkata",2,14.5,Kolkata Knight Riders,Punjab Kings,AD Russell,N Rana,NT Ellis,0,0,,,,,,,,,
1359527,2023,2023-05-08,"Eden Gardens, Kolkata",2,14.6,Kolkata Knight Riders,Punjab Kings,AD Russell,N Rana,NT Ellis,4,0,,,,,,,,,
1359527,2023,2023-05-08,"Eden Gardens, Kolkata",2,15.1,Kolkata Knight Riders,Punjab Kings,N Rana,AD Russell,RD Chahar,2,0,,,,,,,,,
1359527,2023,2023-05-08,"Eden Gardens, Kolkata",2,15.2,Kolkata Knight Riders,Punjab Kings,N Rana,AD Russell,RD Chahar,0,0,,,,,,caught,N Rana,,
1359527,2023,2023-05-08,"Eden Gardens, Kolkata",2,15.3,Kolkata Knight Riders,Punjab Kings,RK Singh,AD Russell,RD Chahar,1,0,,,,,,,,,
1359527,2023,2023-05-08,"Eden Gardens, Kolkata",2,15.4,Kolkata Knight Riders,Punjab Kings,AD Russell,RK Singh,RD Chahar,0,1,1,,,,,,,,
1359527,2023,2023-05-08,"Eden Gardens, Kolkata",2,15.5,Kolkata Knight Riders,Punjab Kings,AD Russell,RK Singh,RD Chahar,0,0,,,,,,,,,
1359527,2023,2023-05-08,"Eden Gardens, Kolkata",2,15.6,Kolkata Knight Riders,Punjab Kings,AD Russell,RK Singh,RD Chahar,2,0,,,,,,,,,
1359527,2023,2023-05-08,"Eden Gardens, Kolkata",2,15.7,Kolkata Knight Riders,Punjab Kings,AD Russell,RK Singh,RD Chahar,1,0,,,,,,,,,
1359527,2023,2023-05-08,"Eden Gardens, Kolkata",2,16.1,Kolkata Knight Riders,Punjab Kings,AD Russell,RK Singh,NT Ellis,4,0,,,,,,,,,
1359527,2023,2023-05-08,"Eden Gardens, Kolkata",2,16.2,Kolkata Knight Riders,Punjab Kings,AD Russell,RK Singh,NT Ellis,1,0,,,,,,,,,
1359527,2023,2023-05-08,"Eden Gardens, Kolkata",2,16.3,Kolkata Knight Riders,Punjab Kings,RK Singh,AD Russell,NT Ellis,6,0,,,,,,,,,
1359527,2023,2023-05-08,"Eden Gardens, Kolkata",2,16.4,Kolkata Knight Riders,Punjab Kings,RK Singh,AD Russell,NT Ellis,1,0,,,,,,,,,
1359527,2023,2023-05-08,"Eden Gardens, Kolkata",2,16.5,Kolkata Knight Riders,Punjab Kings,AD Russell,RK Singh,NT Ellis,1,0,,,,,,,,,
1359527,2023,2023-05-08,"Eden Gardens, Kolkata",2,16.6,Kolkata Knight Riders,Punjab Kings,RK Singh,AD Russell,NT Ellis,2,0,,,,,,,,,
1359527,2023,2023-05-08,"Eden Gardens, Kolkata",2,17.1,Kolkata Knight Riders,Punjab Kings,AD Russell,RK Singh,Arshdeep Singh,0,0,,,,,,,,,
1359527,2023,2023-05-08,"Eden Gardens, Kolkata",2,17.2,Kolkata Knight Riders,Punjab Kings,AD Russell,RK Singh,Arshdeep Singh,4,0,,,,,,,,,
1359527,2023,2023-05-08,"Eden Gardens, Kolkata",2,17.3,Kolkata Knight Riders,Punjab Kings,AD Russell,RK Singh,Arshdeep Singh,1,0,,,,,,,,,
1359527,2023,2023-05-08,"Eden Gardens, Kolkata",2,17.4,Kolkata Knight Riders,Punjab Kings,RK Singh,AD Russell,Arshdeep Singh,4,0,,,,,,,,,
1359527,2023,2023-05-08,"Eden Gardens, Kolkata",2,17.5,Kolkata Knight Riders,Punjab Kings,RK Singh,AD Russell,Arshdeep Singh,0,0,,,,,,,,,
1359527,2023,2023-05-08,"Eden Gardens, Kolkata",2,17.6,Kolkata Knight Riders,Punjab Kings,RK Singh,AD Russell,Arshdeep Singh,1,0,,,,,,,,,
1359527,2023,2023-05-08,"Eden Gardens, Kolkata",2,18.1,Kolkata Knight Riders,Punjab Kings,RK Singh,AD Russell,SM Curran,1,0,,,,,,,,,
1359527,2023,2023-05-08,"Eden Gardens, Kolkata",2,18.2,Kolkata Knight Riders,Punjab Kings,AD Russell,RK Singh,SM Curran,6,0,,,,,,,,,
1359527,2023,2023-05-08,"Eden Gardens, Kolkata",2,18.3,Kolkata Knight Riders,Punjab Kings,AD Russell,RK Singh,SM Curran,6,0,,,,,,,,,
1359527,2023,2023-05-08,"Eden Gardens, Kolkata",2,18.4,Kolkata Knight Riders,Punjab Kings,AD Russell,RK Singh,SM Curran,0,0,,,,,,,,,
1359527,2023,2023-05-08,"Eden Gardens, Kolkata",2,18.5,Kolkata Knight Riders,Punjab Kings,AD Russell,RK Singh,SM Curran,6,0,,,,,,,,,
1359527,2023,2023-05-08,"Eden Gardens, Kolkata",2,18.6,Kolkata Knight Riders,Punjab Kings,AD Russell,RK Singh,SM Curran,1,0,,,,,,,,,
1359527,2023,2023-05-08,"Eden Gardens, Kolkata",2,19.1,Kolkata Knight Riders,Punjab Kings,AD Russell,RK Singh,Arshdeep Singh,0,0,,,,,,,,,
1359527,2023,2023-05-08,"Eden Gardens, Kolkata",2,19.2,Kolkata Knight Riders,Punjab Kings,AD Russell,RK Singh,Arshdeep Singh,1,0,,,,,,,,,
1359527,2023,2023-05-08,"Eden Gardens, Kolkata",2,19.3,Kolkata Knight Riders,Punjab Kings,RK Singh,AD Russell,Arshdeep Singh,1,0,,,,,,,,,
1359527,2023,2023-05-08,"Eden Gardens, Kolkata",2,19.4,Kolkata Knight Riders,Punjab Kings,AD Russell,RK Singh,Arshdeep Singh,2,0,,,,,,,,,
1359527,2023,2023-05-08,"Eden Gardens, Kolkata",2,19.5,Kolkata Knight Riders,Punjab Kings,AD Russell,RK Singh,Arshdeep Singh,0,0,,,,,,run out,AD Russell,,
1359527,2023,2023-05-08,"Eden Gardens, Kolkata",2,19.6,Kolkata Knight Riders,Punjab Kings,RK Singh,SN Thakur,Arshdeep Singh,4,0,,,,,,,,,
